Workbook

Sheet Baza
B1: OPERATOR:2 | C1: OPERATOR:2 | D1: OPERATOR:4 | E1: OPERATOR:8 | F1: OPERATOR:9 | G1: OPERATOR:5 | H1: OPERATOR:10 | I1: OPERATOR:11 | J1: 5 | K1: 5 | L1: 6 | M1: 6 | N1: 13 | O1: 13 | P1: 14 | Q1: 14 | R1: 40 | S1: 40 | T1: 40 | U1: 40 | V1: 40 | W1: 40 | X1: 40 | Y1: 40 | Z1: 40 | AA1: 40 | AB1: 40 | AC1: 40 | AD1: 40 | AE1: 40 | AF1: 40 | AG1: 40 | AH1: 40 | AI1: 40 | AJ1: 40 | AK1: 40 | AL1: 40 | AM1: 40 | AN1: 40 | AO1: 40 | AP1: 40 | AQ1: 40 | AR1: 40 | AS1: 40 | AT1: 40 | AU1: 40 | AV1: 40 | AW1: 40 | AX1: 40 | AY1: 40 | AZ1: 40 | BA1: 40 | BB1: 40 | BC1: 40 | BD1: 40 | BE1: 40 | BF1: 40 | BG1: 40 | BH1: 40 | BI1: 40 | BJ1: 40 | BK1: 40 | BL1: 40 | BM1: 40 | BN1: 40 | BO1: 40 | BP1: 40 | BQ1: 40 | BR1: 40 | BS1: 40 | BT1: 40 | BU1: 40 | BV1: 41 | BW1: 41 | BX1: 41 | BY1: 41 | BZ1: 41 | CA1: 41 | CB1: 41 | CC1: 41 | CD1: 41 | CE1: 41 | CF1: 41 | CG1: 41 | CH1: 41 | CI1: 41 | CJ1: 41 | CK1: 41 | CL1: 41 | CM1: 41 | CN1: 41 | CO1: 41 | CP1: 41 | CQ1: 41 | CR1: 41 | CS1: 41 | CT1: 41 | CU1: 41 | CV1: 41 | CW1: 41 | CX1: 41 | CY1: 41 | CZ1: 41 | DA1: 41 | DB1: 41 | DC1: 41 | DD1: 41 | DE1: 41 | DF1: 41 | DG1: 41 | DH1: 41 | DI1: 41 | DJ1: 41 | DK1: 41 | DL1: 41 | DM1: 41 | DN1: 41 | DO1: 41 | DP1: 41 | DQ1: 41 | DR1: 41 | DS1: 41 | DT1: 41 | DU1: 41 | DV1: 41 | DW1: 41 | DX1: 41 | DY1: 41 | DZ1: 50 | EA1: 50 | EB1: 50 | EC1: 50 | ED1: 50 | EE1: 50 | EF1: 50 | EG1: 50 | EH1: 50 | EI1: 50 | EJ1: 50 | EK1: 50 | EL1: 50 | EM1: 50 | EN1: 50 | EO1: 50 | EP1: 50 | EQ1: 50 | ER1: 50 | ES1: 50 | ET1: 50 | EU1: 50 | EV1: 50 | EW1: 50 | EX1: 50 | EY1: 50 | EZ1: 50 | FA1: 50 | FB1: 50 | FC1: 50 | FD1: 50 | FE1: 50 | FF1: 50 | FG1: 50 | FH1: 50 | FI1: 50 | FJ1: 50 | FK1: 50 | FL1: 50 | FM1: 50 | FN1: 50 | FO1: 50 | FP1: 50 | FQ1: 50 | FR1: 50 | FS1: 50 | FT1: 50 | FU1: 50 | FV1: 50 | FW1: 50 | FX1: 50 | FY1: 50 | FZ1: 50 | GA1: 50 | GB1: 50 | GC1: 50 | GD1: 50 | GE1: 50 | GF1: 50 | GG1: 50 | GH1: 50 | GI1: 50 | GJ1: 50 | GK1: 50 | GL1: 50 | GM1: 50 | GN1: 50 | GO1: 50 | GP1: 50 | GQ1: 50 | GR1: 50 | GS1: 50 | GT1: 50 | GU1: 50 | GV1: 50 | GW1: 50 | GX1: 51 | GY1: 51 | GZ1: 51 | HA1: 51 | HB1: 51 | HC1: 51 | HD1: 51 | HE1: 51 | HF1: 51 | HG1: 51 | HH1: 51 | HI1: 51 | HJ1: 51 | HK1: 51 | HL1: 51 | HM1: 51 | HN1: 51 | HO1: 51 | HP1: 51 | HQ1: 51 | HR1: 51 | HS1: 51 | HT1: 51 | HU1: 51 | HV1: 51 | HW1: 51 | HX1: 51 | HY1: 51 | HZ1: 51 | IA1: 51 | IB1: 51 | IC1: 51 | ID1: 51 | IE1: 51 | IF1: 51 | IG1: 51 | IH1: 51 | II1: 51 | IJ1: 51 | IK1: 51 | IL1: 51 | IM1: 51 | IN1: 51 | IO1: 51 | IP1: 51 | IQ1: 51 | IR1: 51 | IS1: 51 | IT1: 51 | IU1: 51 | IV1: 51 | IW1: 51 | IX1: 51 | IY1: 51 | IZ1: 51 | JA1: 51 | JB1: 51 | JC1: 51 | JD1: 51 | JE1: 51 | JF1: 51 | JG1: 51 | JH1: 51 | JI1: 51 | JJ1: 51 | JK1: 51 | JL1: 51 | JM1: 51 | JN1: 51 | JO1: 51 | JP1: 51 | JQ1: 51 | JR1: 51 | JS1: 51 | JT1: 51 | JU1: 51 | JV1: 60 | JW1: 60 | JX1: 60 | JY1: 60 | JZ1: 60 | KA1: 60 | KB1: 60 | KC1: 60 | KD1: 60 | KE1: 60 | KF1: 60 | KG1: 60 | KH1: 60 | KI1: 60 | KJ1: 60 | KK1: 60 | KL1: 60 | KM1: 60 | KN1: 60 | KO1: 60 | KP1: 60 | KQ1: 60 | KR1: 60 | KS1: 60 | KT1: 60 | KU1: 60 | KV1: 60 | KW1: 60 | KX1: 60 | KY1: 60 | KZ1: 60 | LA1: 60 | LB1: 60 | LC1: 60 | LD1: 60 | LE1: 60 | LF1: 60 | LG1: 60 | LH1: 60 | LI1: 60 | LJ1: 60 | LK1: 60 | LL1: 60 | LM1: 60 | LN1: 60 | LO1: 60 | LP1: 60 | LQ1: 60 | LR1: 60 | LS1: 60 | LT1: 60 | LU1: 60 | LV1: 60 | LW1: 60 | LX1: 60 | LY1: 60 | LZ1: 60 | MA1: 60 | MB1: 60 | MC1: 60 | MD1: 61 | ME1: 61 | MF1: 61 | MG1: 61 | MH1: 61 | MI1: 61 | MJ1: 61 | MK1: 61 | ML1: 61 | MM1: 61 | MN1: 61 | MO1: 61 | MP1: 61 | MQ1: 61 | MR1: 61 | MS1: 61 | MT1: 61 | MU1: 61 | MV1: 61 | MW1: 61 | MX1: 61 | MY1: 61 | MZ1: 61 | NA1: 61 | NB1: 61 | NC1: 61 | ND1: 61 | NE1: 61 | NF1: 61 | NG1: 61 | NH1: 61 | NI1: 61 | NJ1: 61 | NK1: 61 | NL1: 61 | NM1: 61 | NN1: 61 | NO1: 61 | NP1: 61 | NQ1: 61 | NR1: 61 | NS1: 61 | NT1: 61 | NU1: 61 | NV1: 61 | NW1: 61 | NX1: 61 | NY1: 61 | NZ1: 61 | OA1: 61 | OB1: 61 | OC1: 61 | OD1: 61 | OE1: 61 | OF1: 61 | OG1: 61 | OH1: 61 | OI1: 61 | OJ1: 61 | OK1: 61 | OL1: 70 | OM1: 70 | ON1: 70 | OO1: 70 | OP1: 70 | OQ1: 70 | OR1: 70 | OS1: 70 | OT1: 70 | OU1: 70 | OV1: 70 | OW1: 70 | OX1: 70 | OY1: 70 | OZ1: 70 | PA1: 70 | PB1: 70 | PC1: 70 | PD1: 71 | PE1: 71 | PF1: 71 | PG1: 71 | PH1: 71 | PI1: 71 | PJ1: 71 | PK1: 71 | PL1: 71 | PM1: 71 | PN1: 71 | PO1: 71 | PP1: 71 | PQ1: 71 | PR1: 71 | PS1: 71 | PT1: 71 | PU1: 71 | PV1: 80 | PW1: 80 | PX1: 80 | PY1: 80 | PZ1: 80 | QA1: 81 | QB1: 81 | QC1: 81 | QD1: 81 | QE1: 81 | QF1: 90 | QG1: 90 | QH1: 90 | QI1: 90 | QJ1: 91 | QK1: 91 | QL1: 91 | QM1: 91 | QN1: 92 | QO1: 92 | QP1: 92 | QQ1: 92 | QR1: 93 | QS1: 93 | QT1: 93 | QU1: 93
B2: Kąt obrotu osi X | C2: Kąt obrotu osi Y | D2: Area_NM (Amp_full-Amp_NM) | E2: Area NM_005 (Aev_005-Amp_005) | F2: Area NM_05 (Aev_05-Amp_05) | G2: Procent_NM (((Area_NM/Aev)*100)) | H2: Procent NM_005 (((Area_NM_005/Aev)*100)) | I2: Procent NM_05 (((Area_NM_05/Aev)*100)) | J2: Amp | K2: Aev | L2: Amp | M2: Aev | N2: Amp | O2: Aev | P2: Amp | Q2: Aev | R2: Pp[Średnia] | S2: Pp[Std odch] | T2: Pp[Min] | U2: Pp[Max] | V2: Pv[Średnia] | W2: Pv[Std odch] | X2: Pv[Min] | Y2: Pv[Max] | Z2: Pz[Średnia] | AA2: Pz[Std odch] | AB2: Pz[Min] | AC2: Pz[Max] | AD2: Pc (Brak uśredniania (pojedyncza wartość))[Średnia] | AE2: Pc (Brak uśredniania (pojedyncza wartość))[Std odch] | AF2: Pc (Brak uśredniania (pojedyncza wartość))[Min] | AG2: Pc (Brak uśredniania (pojedyncza wartość))[Max] | AH2: Pt[Średnia] | AI2: Pt[Std odch] | AJ2: Pt[Min] | AK2: Pt[Max] | AL2: Pa[Średnia] | AM2: Pa[Std odch] | AN2: Pa[Min] | AO2: Pa[Max] | AP2: Pq[Średnia] | AQ2: Pq[Std odch] | AR2: Pq[Min] | AS2: Pq[Max] | AT2: Psk[Średnia] | AU2: Psk[Std odch] | AV2: Psk[Min] | AW2: Psk[Max] | AX2: Pku[Średnia] | AY2: Pku[Std odch] | AZ2: Pku[Min] | BA2: Pku[Max] | BB2: PSm (Brak uśredniania (pojedyncza wartość))[Średnia] | BC2: PSm (Brak uśredniania (pojedyncza wartość))[Std odch] | BD2: PSm (Brak uśredniania (pojedyncza wartość))[Min] | BE2: PSm (Brak uśredniania (pojedyncza wartość))[Max] | BF2: Pdq[Średnia] | BG2: Pdq[Std odch] | BH2: Pdq[Min] | BI2: Pdq[Max] | BJ2: Pmr (c = 1 µm poniżej najwyższego wypiętrzenia)[Średnia] | BK2: Pmr (c = 1 µm poniżej najwyższego wypiętrzenia)[Std odch] | BL2: Pmr (c = 1 µm poniżej najwyższego wypiętrzenia)[Min] | BM2: Pmr (c = 1 µm poniżej najwyższego wypiętrzenia)[Max] | BN2: Pdc (p = 20%, q = 80%)[Średnia] | BO2: Pdc (p = 20%, q = 80%)[Std odch] | BP2: Pdc (p = 20%, q = 80%)[Min] | BQ2: Pdc (p = 20%, q = 80%)[Max] | BR2: PPc (Brak uśredniania (pojedyncza wartość))[Średnia] | BS2: PPc (Brak uśredniania (pojedyncza wartość))[Std odch] | BT2: PPc (Brak uśredniania (pojedyncza wartość))[Min] | BU2: PPc (Brak uśredniania (pojedyncza wartość))[Max] | BV2: Pp[Średnia] | BW2: Pp[Std odch] | BX2: Pp[Min] | BY2: Pp[Max] | BZ2: Pv[Średnia] | CA2: Pv[Std odch] | CB2: Pv[Min] | CC2: Pv[Max] | CD2: Pz[Średnia] | CE2: Pz[Std odch] | CF2: Pz[Min] | CG2: Pz[Max] | CH2: Pc (Brak uśredniania (pojedyncza wartość))[Średnia] | CI2: Pc (Brak uśredniania (pojedyncza wartość))[Std odch] | CJ2: Pc (Brak uśredniania (pojedyncza wartość))[Min] | CK2: Pc (Brak uśredniania (pojedyncza wartość))[Max] | CL2: Pt[Średnia] | CM2: Pt[Std odch] | CN2: Pt[Min] | CO2: Pt[Max] | CP2: Pa[Średnia] | CQ2: Pa[Std odch] | CR2: Pa[Min] | CS2: Pa[Max] | CT2: Pq[Średnia] | CU2: Pq[Std odch] | CV2: Pq[Min] | CW2: Pq[Max] | CX2: Psk[Średnia] | CY2: Psk[Std odch] | CZ2: Psk[Min] | DA2: Psk[Max] | DB2: Pku[Średnia] | DC2: Pku[Std odch] | DD2: Pku[Min] | DE2: Pku[Max] | DF2: PSm (Brak uśredniania (pojedyncza wartość))[Średnia] | DG2: PSm (Brak uśredniania (pojedyncza wartość))[Std odch] | DH2: PSm (Brak uśredniania (pojedyncza wartość))[Min] | DI2: PSm (Brak uśredniania (pojedyncza wartość))[Max] | DJ2: Pdq[Średnia] | DK2: Pdq[Std odch] | DL2: Pdq[Min] | DM2: Pdq[Max] | DN2: Pmr (c = 1 µm poniżej najwyższego wypiętrzenia)[Średnia] | DO2: Pmr (c = 1 µm poniżej najwyższego wypiętrzenia)[Std odch] | DP2: Pmr (c = 1 µm poniżej najwyższego wypiętrzenia)[Min] | DQ2: Pmr (c = 1 µm poniżej najwyższego wypiętrzenia)[Max] | DR2: Pdc (p = 20%, q = 80%)[Średnia] | DS2: Pdc (p = 20%, q = 80%)[Std odch] | DT2: Pdc (p = 20%, q = 80%)[Min] | DU2: Pdc (p = 20%, q = 80%)[Max] | DV2: PPc (Brak uśredniania (pojedyncza wartość))[Średnia] | DW2: PPc (Brak uśredniania (pojedyncza wartość))[Std odch] | DX2: PPc (Brak uśredniania (pojedyncza wartość))[Min] | DY2: PPc (Brak uśredniania (pojedyncza wartość))[Max] | DZ2: Rp[Średnia] | EA2: Rp[Std odch] | EB2: Rp[Min] | EC2: Rp[Max] | ED2: Rv[Średnia] | EE2: Rv[Std odch] | EF2: Rv[Min] | EG2: Rv[Max] | EH2: Rz[Średnia] | EI2: Rz[Std odch] | EJ2: Rz[Min] | EK2: Rz[Max] | EL2: Rc (Brak uśredniania (pojedyncza wartość))[Średnia] | EM2: Rc (Brak uśredniania (pojedyncza wartość))[Std odch] | EN2: Rc (Brak uśredniania (pojedyncza wartość))[Min] | EO2: Rc (Brak uśredniania (pojedyncza wartość))[Max] | EP2: Rt[Średnia] | EQ2: Rt[Std odch] | ER2: Rt[Min] | ES2: Rt[Max] | ET2: Ra[Średnia] | EU2: Ra[Std odch] | EV2: Ra[Min] | EW2: Ra[Max] | EX2: Rq[Średnia] | EY2: Rq[Std odch] | EZ2: Rq[Min] | FA2: Rq[Max] | FB2: Rsk[Średnia] | FC2: Rsk[Std odch] | FD2: Rsk[Min] | FE2: Rsk[Max] | FF2: Rku[Średnia] | FG2: Rku[Std odch] | FH2: Rku[Min] | FI2: Rku[Max] | FJ2: Rp1max[Średnia] | FK2: Rp1max[Std odch] | FL2: Rp1max[Min] | FM2: Rp1max[Max] | FN2: Rv1max[Średnia] | FO2: Rv1max[Std odch] | FP2: Rv1max[Min] | FQ2: Rv1max[Max] | FR2: Rz1max[Średnia] | FS2: Rz1max[Std odch] | FT2: Rz1max[Min] | FU2: Rz1max[Max] | FV2: Rz(n) (Wskaźnik λc = 1)[Średnia] | FW2: Rz(n) (Wskaźnik λc = 1)[Std odch] | FX2: Rz(n) (Wskaźnik λc = 1)[Min] | FY2: Rz(n) (Wskaźnik λc = 1)[Max] | FZ2: RSm (Brak uśredniania (pojedyncza wartość))[Średnia] | GA2: RSm (Brak uśredniania (pojedyncza wartość))[Std odch] | GB2: RSm (Brak uśredniania (pojedyncza wartość))[Min] | GC2: RSm (Brak uśredniania (pojedyncza wartość))[Max] | GD2: Rdq[Średnia] | GE2: Rdq[Std odch] | GF2: Rdq[Min] | GG2: Rdq[Max] | GH2: Rmr (c = 1 µm poniżej najwyższego wypiętrzenia)[Średnia] | GI2: Rmr (c = 1 µm poniżej najwyższego wypiętrzenia)[Std odch] | GJ2: Rmr (c = 1 µm poniżej najwyższego wypiętrzenia)[Min] | GK2: Rmr (c = 1 µm poniżej najwyższego wypiętrzenia)[Max] | GL2: Rdc (p = 20%, q = 80%)[Średnia] | GM2: Rdc (p = 20%, q = 80%)[Std odch] | GN2: Rdc (p = 20%, q = 80%)[Min] | GO2: Rdc (p = 20%, q = 80%)[Max] | GP2: Rmr (Rz/4) (c = Rz/4 µm powyżej płaszczyzny średniej)[Średnia] | GQ2: Rmr (Rz/4) (c = Rz/4 µm powyżej płaszczyzny średniej)[Std odch] | GR2: Rmr (Rz/4) (c = Rz/4 µm powyżej płaszczyzny średniej)[Min] | GS2: Rmr (Rz/4) (c = Rz/4 µm powyżej płaszczyzny średniej)[Max] | GT2: RPc (Brak uśredniania (pojedyncza wartość))[Średnia] | GU2: RPc (Brak uśredniania (pojedyncza wartość))[Std odch] | GV2: RPc (Brak uśredniania (pojedyncza wartość))[Min] | GW2: RPc (Brak uśredniania (pojedyncza wartość))[Max] | GX2: Rp[Średnia] | GY2: Rp[Std odch] | GZ2: Rp[Min] | HA2: Rp[Max] | HB2: Rv[Średnia] | HC2: Rv[Std odch] | HD2: Rv[Min] | HE2: Rv[Max] | HF2: Rz[Średnia] | HG2: Rz[Std odch] | HH2: Rz[Min] | HI2: Rz[Max] | HJ2: Rc (Brak uśredniania (pojedyncza wartość))[Średnia] | HK2: Rc (Brak uśredniania (pojedyncza wartość))[Std odch] | HL2: Rc (Brak uśredniania (pojedyncza wartość))[Min] | HM2: Rc (Brak uśredniania (pojedyncza wartość))[Max] | HN2: Rt[Średnia] | HO2: Rt[Std odch] | HP2: Rt[Min] | HQ2: Rt[Max] | HR2: Ra[Średnia] | HS2: Ra[Std odch] | HT2: Ra[Min] | HU2: Ra[Max] | HV2: Rq[Średnia] | HW2: Rq[Std odch] | HX2: Rq[Min] | HY2: Rq[Max] | HZ2: Rsk[Średnia] | IA2: Rsk[Std odch] | IB2: Rsk[Min] | IC2: Rsk[Max] | ID2: Rku[Średnia] | IE2: Rku[Std odch] | IF2: Rku[Min] | IG2: Rku[Max] | IH2: Rp1max[Średnia] | II2: Rp1max[Std odch] | IJ2: Rp1max[Min] | IK2: Rp1max[Max] | IL2: Rv1max[Średnia] | IM2: Rv1max[Std odch] | IN2: Rv1max[Min] | IO2: Rv1max[Max] | IP2: Rz1max[Średnia] | IQ2: Rz1max[Std odch] | IR2: Rz1max[Min] | IS2: Rz1max[Max] | IT2: Rz(n) (Wskaźnik λc = 1)[Średnia] | IU2: Rz(n) (Wskaźnik λc = 1)[Std odch] | IV2: Rz(n) (Wskaźnik λc = 1)[Min] | IW2: Rz(n) (Wskaźnik λc = 1)[Max] | IX2: RSm (Brak uśredniania (pojedyncza wartość))[Średnia] | IY2: RSm (Brak uśredniania (pojedyncza wartość))[Std odch] | IZ2: RSm (Brak uśredniania (pojedyncza wartość))[Min] | JA2: RSm (Brak uśredniania (pojedyncza wartość))[Max] | JB2: Rdq[Średnia] | JC2: Rdq[Std odch] | JD2: Rdq[Min] | JE2: Rdq[Max] | JF2: Rmr (c = 1 µm poniżej najwyższego wypiętrzenia)[Średnia] | JG2: Rmr (c = 1 µm poniżej najwyższego wypiętrzenia)[Std odch] | JH2: Rmr (c = 1 µm poniżej najwyższego wypiętrzenia)[Min] | JI2: Rmr (c = 1 µm poniżej najwyższego wypiętrzenia)[Max] | JJ2: Rdc (p = 20%, q = 80%)[Średnia] | JK2: Rdc (p = 20%, q = 80%)[Std odch] | JL2: Rdc (p = 20%, q = 80%)[Min] | JM2: Rdc (p = 20%, q = 80%)[Max] | JN2: Rmr (Rz/4) (c = Rz/4 µm powyżej płaszczyzny średniej)[Średnia] | JO2: Rmr (Rz/4) (c = Rz/4 µm powyżej płaszczyzny średniej)[Std odch] | JP2: Rmr (Rz/4) (c = Rz/4 µm powyżej płaszczyzny średniej)[Min] | JQ2: Rmr (Rz/4) (c = Rz/4 µm powyżej płaszczyzny średniej)[Max] | JR2: RPc (Brak uśredniania (pojedyncza wartość))[Średnia] | JS2: RPc (Brak uśredniania (pojedyncza wartość))[Std odch] | JT2: RPc (Brak uśredniania (pojedyncza wartość))[Min] | JU2: RPc (Brak uśredniania (pojedyncza wartość))[Max] | JV2: Wp[Średnia] | JW2: Wp[Std odch] | JX2: Wp[Min] | JY2: Wp[Max] | JZ2: Wv[Średnia] | KA2: Wv[Std odch] | KB2: Wv[Min] | KC2: Wv[Max] | KD2: Wz[Średnia] | KE2: Wz[Std odch] | KF2: Wz[Min] | KG2: Wz[Max] | KH2: Wc[Średnia] | KI2: Wc[Std odch] | KJ2: Wc[Min] | KK2: Wc[Max] | KL2: Wt[Średnia] | KM2: Wt[Std odch] | KN2: Wt[Min] | KO2: Wt[Max] | KP2: Wa[Średnia] | KQ2: Wa[Std odch] | KR2: Wa[Min] | KS2: Wa[Max] | KT2: Wq[Średnia] | KU2: Wq[Std odch] | KV2: Wq[Min] | KW2: Wq[Max] | KX2: Wsk[Średnia] | KY2: Wsk[Std odch] | KZ2: Wsk[Min] | LA2: Wsk[Max] | LB2: Wku[Średnia] | LC2: Wku[Std odch] | LD2: Wku[Min] | LE2: Wku[Max] | LF2: WSm[Średnia] | LG2: WSm[Std odch] | LH2: WSm[Min] | LI2: WSm[Max] | LJ2: Wdq[Średnia] | LK2: Wdq[Std odch] | LL2: Wdq[Min] | LM2: Wdq[Max] | LN2: Wmr (c = 1 µm poniżej najwyższego wypiętrzenia)[Średnia] | LO2: Wmr (c = 1 µm poniżej najwyższego wypiętrzenia)[Std odch] | LP2: Wmr (c = 1 µm poniżej najwyższego wypiętrzenia)[Min] | LQ2: Wmr (c = 1 µm poniżej najwyższego wypiętrzenia)[Max] | LR2: Wdc (p = 20%, q = 80%)[Średnia] | LS2: Wdc (p = 20%, q = 80%)[Std odch] | LT2: Wdc (p = 20%, q = 80%)[Min] | LU2: Wdc (p = 20%, q = 80%)[Max] | LV2: Wmr (Wz/4)[Średnia] | LW2: Wmr (Wz/4)[Std odch] | LX2: Wmr (Wz/4)[Min] | LY2: Wmr (Wz/4)[Max] | LZ2: WPc[Średnia] | MA2: WPc[Std odch] | MB2: WPc[Min] | MC2: WPc[Max] | MD2: Wp[Średnia] | ME2: Wp[Std odch] | MF2: Wp[Min] | MG2: Wp[Max] | MH2: Wv[Średnia] | MI2: Wv[Std odch] | MJ2: Wv[Min] | MK2: Wv[Max] | ML2: Wz[Średnia] | MM2: Wz[Std odch] | MN2: Wz[Min] | MO2: Wz[Max] | MP2: Wc[Średnia] | MQ2: Wc[Std odch] | MR2: Wc[Min] | MS2: Wc[Max] | MT2: Wt[Średnia] | MU2: Wt[Std odch] | MV2: Wt[Min] | MW2: Wt[Max] | MX2: Wa[Średnia] | MY2: Wa[Std odch] | MZ2: Wa[Min] | NA2: Wa[Max] | NB2: Wq[Średnia] | NC2: Wq[Std odch] | ND2: Wq[Min] | NE2: Wq[Max] | NF2: Wsk[Średnia] | NG2: Wsk[Std odch] | NH2: Wsk[Min] | NI2: Wsk[Max] | NJ2: Wku[Średnia] | NK2: Wku[Std odch] | NL2: Wku[Min] | NM2: Wku[Max] | NN2: WSm[Średnia] | NO2: WSm[Std odch] | NP2: WSm[Min] | NQ2: WSm[Max] | NR2: Wdq[Średnia] | NS2: Wdq[Std odch] | NT2: Wdq[Min] | NU2: Wdq[Max] | NV2: Wmr (c = 1 µm poniżej najwyższego wypiętrzenia)[Średnia] | NW2: Wmr (c = 1 µm poniżej najwyższego wypiętrzenia)[Std odch] | NX2: Wmr (c = 1 µm poniżej najwyższego wypiętrzenia)[Min] | NY2: Wmr (c = 1 µm poniżej najwyższego wypiętrzenia)[Max] | NZ2: Wdc (p = 20%, q = 80%)[Średnia] | OA2: Wdc (p = 20%, q = 80%)[Std odch] | OB2: Wdc (p = 20%, q = 80%)[Min] | OC2: Wdc (p = 20%, q = 80%)[Max] | OD2: Wmr (Wz/4)[Średnia] | OE2: Wmr (Wz/4)[Std odch] | OF2: Wmr (Wz/4)[Min] | OG2: Wmr (Wz/4)[Max] | OH2: WPc[Średnia] | OI2: WPc[Std odch] | OJ2: WPc[Min] | OK2: WPc[Max] | OL2: Sq | OM2: Ssk | ON2: Sku | OO2: Sp | OP2: Sv | OQ2: Sz | OR2: Sa | OS2: Vm (p = 10%) | OT2: Vv (p = 10%) | OU2: Vmp (p = 10%) | OV2: Vmc (p = 10%, q = 80%) | OW2: Vvc (p = 10%, q = 80%) | OX2: Vvv (p = 80%) | OY2: Sk | OZ2: Spk | PA2: Svk | PB2: Smrk1 | PC2: Smrk2 | PD2: Sq | PE2: Ssk | PF2: Sku | PG2: Sp | PH2: Sv | PI2: Sz | PJ2: Sa | PK2: Vm (p = 10%) | PL2: Vv (p = 10%) | PM2: Vmp (p = 10%) | PN2: Vmc (p = 10%, q = 80%) | PO2: Vvc (p = 10%, q = 80%) | PP2: Vvv (p = 80%) | PQ2: Sk | PR2: Spk | PS2: Svk | PT2: Smrk1 | PU2: Smrk2 | PV2: Sk | PW2: Spk | PX2: Svk | PY2: Smrk1 | PZ2: Smrk2 | QA2: Sk | QB2: Spk | QC2: Svk | QD2: Smrk1 | QE2: Smrk2 | QF2: Vmp | QG2: Vmc | QH2: Vvc | QI2: Vvv | QJ2: Vmp | QK2: Vmc | QL2: Vvc | QM2: Vvv | QN2: Izotropię | QO2: Pierwszy kierunek | QP2: Drugi kierunek | QQ2: Trzeci kierunek | QR2: Izotropię | QS2: Pierwszy kierunek | QT2: Drugi kierunek | QU2: Trzeci kierunek
B3: ° | C3: ° | D3: mm² | E3: mm2 | F3: mm2 | G3: % | H3: % | I3: % | J3: mm² | K3: mm² | L3: mm² | M3: mm² | N3: mm² | O3: mm² | P3: mm² | Q3: mm² | R3: µm | S3: µm | T3: µm | U3: µm | V3: µm | W3: µm | X3: µm | Y3: µm | Z3: µm | AA3: µm | AB3: µm | AC3: µm | AD3: µm | AE3: µm | AF3: µm | AG3: µm | AH3: µm | AI3: µm | AJ3: µm | AK3: µm | AL3: µm | AM3: µm | AN3: µm | AO3: µm | AP3: µm | AQ3: µm | AR3: µm | AS3: µm | AT3: <no unit> | AU3: <no unit> | AV3: <no unit> | AW3: <no unit> | AX3: <no unit> | AY3: <no unit> | AZ3: <no unit> | BA3: <no unit> | BB3: mm | BC3: mm | BD3: mm | BE3: mm | BF3: ° | BG3: ° | BH3: ° | BI3: ° | BJ3: % | BK3: % | BL3: % | BM3: % | BN3: µm | BO3: µm | BP3: µm | BQ3: µm | BR3: 1/cm | BS3: 1/cm | BT3: 1/cm | BU3: 1/cm | BV3: µm | BW3: µm | BX3: µm | BY3: µm | BZ3: µm | CA3: µm | CB3: µm | CC3: µm | CD3: µm | CE3: µm | CF3: µm | CG3: µm | CH3: µm | CI3: µm | CJ3: µm | CK3: µm | CL3: µm | CM3: µm | CN3: µm | CO3: µm | CP3: µm | CQ3: µm | CR3: µm | CS3: µm | CT3: µm | CU3: µm | CV3: µm | CW3: µm | CX3: <no unit> | CY3: <no unit> | CZ3: <no unit> | DA3: <no unit> | DB3: <no unit> | DC3: <no unit> | DD3: <no unit> | DE3: <no unit> | DF3: mm | DG3: mm | DH3: mm | DI3: mm | DJ3: ° | DK3: ° | DL3: ° | DM3: ° | DN3: % | DO3: % | DP3: % | DQ3: % | DR3: µm | DS3: µm | DT3: µm | DU3: µm | DV3: 1/cm | DW3: 1/cm | DX3: 1/cm | DY3: 1/cm | DZ3: µm | EA3: µm | EB3: µm | EC3: µm | ED3: µm | EE3: µm | EF3: µm | EG3: µm | EH3: µm | EI3: µm | EJ3: µm | EK3: µm | EL3: µm | EM3: µm | EN3: µm | EO3: µm | EP3: µm | EQ3: µm | ER3: µm | ES3: µm | ET3: µm | EU3: µm | EV3: µm | EW3: µm | EX3: µm | EY3: µm | EZ3: µm | FA3: µm | FB3: <no unit> | FC3: <no unit> | FD3: <no unit> | FE3: <no unit> | FF3: <no unit> | FG3: <no unit> | FH3: <no unit> | FI3: <no unit> | FJ3: µm | FK3: µm | FL3: µm | FM3: µm | FN3: µm | FO3: µm | FP3: µm | FQ3: µm | FR3: µm | FS3: µm | FT3: µm | FU3: µm | FV3: µm | FW3: µm | FX3: µm | FY3: µm | FZ3: mm | GA3: mm | GB3: mm | GC3: mm | GD3: ° | GE3: ° | GF3: ° | GG3: ° | GH3: % | GI3: % | GJ3: % | GK3: % | GL3: µm | GM3: µm | GN3: µm | GO3: µm | GP3: % | GQ3: % | GR3: % | GS3: % | GT3: 1/cm | GU3: 1/cm | GV3: 1/cm | GW3: 1/cm | GX3: µm | GY3: µm | GZ3: µm | HA3: µm | HB3: µm | HC3: µm | HD3: µm | HE3: µm | HF3: µm | HG3: µm | HH3: µm | HI3: µm | HJ3: µm | HK3: µm | HL3: µm | HM3: µm | HN3: µm | HO3: µm | HP3: µm | HQ3: µm | HR3: µm | HS3: µm | HT3: µm | HU3: µm | HV3: µm | HW3: µm | HX3: µm | HY3: µm | HZ3: <no unit> | IA3: <no unit> | IB3: <no unit> | IC3: <no unit> | ID3: <no unit> | IE3: <no unit> | IF3: <no unit> | IG3: <no unit> | IH3: µm | II3: µm | IJ3: µm | IK3: µm | IL3: µm | IM3: µm | IN3: µm | IO3: µm | IP3: µm | IQ3: µm | IR3: µm | IS3: µm | IT3: µm | IU3: µm | IV3: µm | IW3: µm | IX3: mm | IY3: mm | IZ3: mm | JA3: mm | JB3: ° | JC3: ° | JD3: ° | JE3: ° | JF3: % | JG3: % | JH3: % | JI3: % | JJ3: µm | JK3: µm | JL3: µm | JM3: µm | JN3: % | JO3: % | JP3: % | JQ3: % | JR3: 1/cm | JS3: 1/cm | JT3: 1/cm | JU3: 1/cm | JV3: µm | JW3: µm | JX3: µm | JY3: µm | JZ3: µm | KA3: µm | KB3: µm | KC3: µm | KD3: µm | KE3: µm | KF3: µm | KG3: µm | KH3: µm | KI3: µm | KJ3: µm | KK3: µm | KL3: µm | KM3: µm | KN3: µm | KO3: µm | KP3: µm | KQ3: µm | KR3: µm | KS3: µm | KT3: µm | KU3: µm | KV3: µm | KW3: µm | KX3: <no unit> | KY3: <no unit> | KZ3: <no unit> | LA3: <no unit> | LB3: <no unit> | LC3: <no unit> | LD3: <no unit> | LE3: <no unit> | LF3: mm | LG3: mm | LH3: mm | LI3: mm | LJ3: ° | LK3: ° | LL3: ° | LM3: ° | LN3: % | LO3: % | LP3: % | LQ3: % | LR3: µm | LS3: µm | LT3: µm | LU3: µm | LV3: % | LW3: % | LX3: % | LY3: % | LZ3: 1/cm | MA3: 1/cm | MB3: 1/cm | MC3: 1/cm | MD3: µm | ME3: µm | MF3: µm | MG3: µm | MH3: µm | MI3: µm | MJ3: µm | MK3: µm | ML3: µm | MM3: µm | MN3: µm | MO3: µm | MP3: µm | MQ3: µm | MR3: µm | MS3: µm | MT3: µm | MU3: µm | MV3: µm | MW3: µm | MX3: µm | MY3: µm | MZ3: µm | NA3: µm | NB3: µm | NC3: µm | ND3: µm | NE3: µm | NF3: <no unit> | NG3: <no unit> | NH3: <no unit> | NI3: <no unit> | NJ3: <no unit> | NK3: <no unit> | NL3: <no unit> | NM3: <no unit> | NN3: mm | NO3: mm | NP3: mm | NQ3: mm | NR3: ° | NS3: ° | NT3: ° | NU3: ° | NV3: % | NW3: % | NX3: % | NY3: % | NZ3: µm | OA3: µm | OB3: µm | OC3: µm | OD3: % | OE3: % | OF3: % | OG3: % | OH3: 1/cm | OI3: 1/cm | OJ3: 1/cm | OK3: 1/cm | OL3: µm | OM3: <no unit> | ON3: <no unit> | OO3: µm | OP3: µm | OQ3: µm | OR3: µm | OS3: mm³/mm² | OT3: mm³/mm² | OU3: mm³/mm² | OV3: mm³/mm² | OW3: mm³/mm² | OX3: mm³/mm² | OY3: µm | OZ3: µm | PA3: µm | PB3: % | PC3: % | PD3: µm | PE3: <no unit> | PF3: <no unit> | PG3: µm | PH3: µm | PI3: µm | PJ3: µm | PK3: mm³/mm² | PL3: mm³/mm² | PM3: mm³/mm² | PN3: mm³/mm² | PO3: mm³/mm² | PP3: mm³/mm² | PQ3: µm | PR3: µm | PS3: µm | PT3: % | PU3: % | PV3: µm | PW3: µm | PX3: µm | PY3: % | PZ3: % | QA3: µm | QB3: µm | QC3: µm | QD3: % | QE3: % | QF3: mm³/mm² | QG3: mm³/mm² | QH3: mm³/mm² | QI3: mm³/mm² | QJ3: mm³/mm² | QK3: mm³/mm² | QL3: mm³/mm² | QM3: mm³/mm² | QN3: % | QO3: ° | QP3: ° | QQ3: ° | QR3: % | QS3: ° | QT3: ° | QU3: °
A4: C45_5x5\C45_5x5\C45_B\C45_5x5 --- C45_B_x10_conf_blue_5x5.mnt | B4: -1.1296564e-11 | C4: -6.5297481e-13 | D4: 1.3233542 | E4: 1.3830876 | F4: 1.8551465 | G4: 4.0943896 | H4: 4.2792016 | I4: 5.7397274 | J4: 30.997806 | K4: 32.32116 | L4: 32.32116 | M4: 32.32116 | N4: 30.938073 | O4: 32.32116 | P4: 30.466014 | Q4: 32.32116 | R4: 0.77338276 | S4: 0.14986477 | T4: 0.22924058 | U4: 1.1374939 | V4: 0.81000228 | W4: 0.10767866 | X4: 0.51537221 | Y4: 1.0827813 | Z4: 1.583385 | AA4: 0.20070126 | AB4: 0.7467408 | AC4: 1.8437313 | AD4: 0.47018989 | AE4: 0.054454166 | AF4: 0.20422863 | AG4: 0.595878 | AH4: 1.583385 | AI4: 0.20070126 | AJ4: 0.7467408 | AK4: 1.8437313 | AL4: 0.15971602 | AM4: 0.020110865 | AN4: 0.092767242 | AO4: 0.19827355 | AP4: 0.20316413 | AQ4: 0.024933368 | AR4: 0.11862026 | AS4: 0.24992536 | AT4: -0.17850123 | AU4: 0.1484718 | AV4: -0.60411711 | AW4: 0.28460394 | AX4: 3.4428423 | AY4: 0.27593901 | AZ4: 2.9267614 | BA4: 4.2287805 | BB4: 0.047913113 | BC4: 0.08125874 | BD4: 0.029135493 | BE4: 1.07088 | BF4: 2.6635429 | BG4: 0.44823375 | BH4: 0.16257619 | BI4: 3.4314926 | BJ4: 81.792463 | BK4: 14.854491 | BL4: 23.608307 | BM4: 100 | BN4: 0.33062378 | BO4: 0.04366956 | BP4: 0.17818893 | BQ4: 0.40834796 | BR4: 254.16376 | BS4: 42.464377 | BT4: 9.3381145 | BU4: 343.22399 | BV4: 0.60203854 | BW4: 0.12061002 | BX4: 0.20083657 | BY4: 0.79460699 | BZ4: 0.62382136 | CA4: 0.10566895 | CB4: 0.28265739 | CC4: 0.87540196 | CD4: 1.2258599 | CE4: 0.12773493 | CF4: 0.5002093 | CG4: 1.3143941 | CH4: 0.44203383 | CI4: 0.051252736 | CJ4: 0.2056217 | CK4: 0.53913161 | CL4: 1.2258599 | CM4: 0.12773493 | CN4: 0.5002093 | CO4: 1.3143941 | CP4: 0.15716269 | CQ4: 0.021690542 | CR4: 0.075258494 | CS4: 0.19523129 | CT4: 0.19761641 | CU4: 0.026532161 | CV4: 0.096855228 | CW4: 0.24243291 | CX4: -0.15817841 | CY4: 0.18778048 | CZ4: -0.75894088 | DA4: 0.42208311 | DB4: 3.0520551 | DC4: 0.25815202 | DD4: 2.6324208 | DE4: 4.198271 | DF4: 0.05075127 | DG4: 0.13624034 | DH4: 0.02817448 | DI4: 1.81746 | DJ4: 2.5903315 | DK4: 0.44055095 | DL4: 0.040963913 | DM4: 3.2753897 | DN4: 95.185804 | DO4: 3.8134943 | DP4: 83.712884 | DQ4: 100 | DR4: 0.32897462 | DS4: 0.047791001 | DT4: 0.13737585 | DU4: 0.40825123 | DV4: 267.91075 | DW4: 44.287095 | DX4: 5.5021844 | DY4: 354.93113 | DZ4: 0.51979896 | EA4: 0.096024963 | EB4: 0.039349282 | EC4: 0.69294044 | ED4: 0.58068751 | EE4: 0.10116292 | EF4: 0.080795732 | EG4: 0.78890472 | EH4: 1.1004865 | EI4: 0.18337425 | EJ4: 0.12014501 | EK4: 1.4142548 | EL4: 0.43036887 | EM4: 0.055009697 | EN4: 0.11076085 | EO4: 0.55513067 | EP4: 1.4929781 | EQ4: 0.24318596 | ER4: 0.3505172 | ES4: 1.9222731 | ET4: 0.13147468 | EU4: 0.02017105 | EV4: 0.020964701 | EW4: 0.16293174 | EX4: 0.16928394 | EY4: 0.026092738 | EZ4: 0.026961512 | FA4: 0.21235881 | FB4: -0.21746263 | FC4: 0.17198999 | FD4: -0.59514107 | FE4: 0.20918749 | FF4: 3.7851335 | FG4: 0.3422472 | FH4: 3.0848032 | FI4: 4.9212155 | FJ4: 0.72720008 | FK4: 0.15645779 | FL4: 0.073931225 | FM4: 1.1026493 | FN4: 0.76577799 | FO4: 0.13629922 | FP4: 0.27658597 | FQ4: 1.1529853 | FR4: 1.383197 | FS4: 0.22599445 | FT4: 0.3123008 | FU4: 1.9133676 | FV4: 1.1445779 | FW4: 0.26595363 | FX4: 0.0425466 | FY4: 1.9133676 | FZ4: 0.036448545 | GA4: 0.034024099 | GB4: 0.024778393 | GC4: 0.41745 | GD4: 2.6081316 | GE4: 0.46120291 | GF4: 0.094120111 | GG4: 3.3822136 | GH4: 88.207352 | GI4: 14.051918 | GJ4: 23.830621 | GK4: 100 | GL4: 0.26617975 | GM4: 0.042772438 | GN4: 0.036120797 | GO4: 0.33262931 | GP4: 4.4110372 | GQ4: 1.1381671 | GR4: 2.068456 | GS4: 12.442539 | GT4: 308.65237 | GU4: 47.437427 | GV4: 23.954965 | GW4: 403.57743 | GX4: 0.46308074 | GY4: 0.088660432 | GZ4: 0.025813863 | HA4: 0.58788588 | HB4: 0.51873615 | HC4: 0.092522277 | HD4: 0.049708022 | HE4: 0.72156459 | HF4: 0.98181689 | HG4: 0.15943194 | HH4: 0.075521886 | HI4: 1.2076587 | HJ4: 0.40948218 | HK4: 0.057243294 | HL4: 0.055492317 | HM4: 0.522246 | HN4: 1.2362436 | HO4: 0.17356585 | HP4: 0.1605473 | HQ4: 1.5694646 | HR4: 0.12939248 | HS4: 0.020988402 | HT4: 0.01418096 | HU4: 0.15799269 | HV4: 0.16457488 | HW4: 0.026631141 | HX4: 0.018536327 | HY4: 0.20036531 | HZ4: -0.21042036 | IA4: 0.18134902 | IB4: -0.69374499 | IC4: 0.26134604 | ID4: 3.3563251 | IE4: 0.26143911 | IF4: 2.9635955 | IG4: 4.5633455 | IH4: 0.59719633 | II4: 0.12357644 | IJ4: 0.037995378 | IK4: 0.84361007 | IL4: 0.63904729 | IM4: 0.11335982 | IN4: 0.12255192 | IO4: 0.92901417 | IP4: 1.1552209 | IQ4: 0.15299574 | IR4: 0.1505766 | IS4: 1.3762475 | IT4: 1.0191407 | IU4: 0.20434668 | IV4: 0.0335266 | IW4: 1.3236706 | IX4: 0.035082466 | IY4: 0.030592134 | IZ4: 0.024450925 | JA4: 0.357995 | JB4: 2.5426531 | JC4: 0.45356844 | JD4: 0.027851987 | JE4: 3.2205028 | JF4: 96.977594 | JG4: 3.404009 | JH4: 81.287131 | JI4: 100 | JJ4: 0.26524758 | JK4: 0.045196318 | JL4: 0.024183775 | JM4: 0.33051283 | JN4: 5.9483411 | JO4: 1.0768556 | JP4: 3.2258065 | JQ4: 11.524255 | JR4: 319.30066 | JS4: 49.015785 | JT4: 27.933351 | JU4: 408.98248 | JV4: 0.18613574 | JW4: 0.047083865 | JX4: 0.087750483 | JY4: 0.28637145 | JZ4: 0.20202288 | KA4: 0.055602981 | KB4: 0.060926817 | KC4: 0.31991189 | KD4: 0.38815862 | KE4: 0.083960366 | KF4: 0.1486773 | KG4: 0.5818241 | KH4: 0.24600482 | KI4: 0.061271285 | KJ4: 0.09714445 | KK4: 0.4491143 | KL4: 0.38815862 | KM4: 0.083960366 | KN4: 0.1486773 | KO4: 0.5818241 | KP4: 0.076808374 | KQ4: 0.016718429 | KR4: 0.038951393 | KS4: 0.12075968 | KT4: 0.095676482 | KU4: 0.019676508 | KV4: 0.043802976 | KW4: 0.14847645 | KX4: -0.16499579 | KY4: 0.53656886 | KZ4: -1.7873308 | LA4: 1.0052128 | LB4: 2.7835472 | LC4: 0.81985916 | LD4: 1.7664708 | LE4: 6.1287764 | LF4: 1.8195482 | LG4: 0.5632919 | LH4: 0.94806 | LI4: 3.66942 | LJ4: 0.017258728 | LK4: 0.0038503376 | LL4: 0.009091749 | LM4: 0.027594075 | LN4: 100 | LO4: 0 | LP4: 100 | LQ4: 100 | LR4: 0.16239441 | LS4: 0.043844678 | LT4: 0.078909868 | LU4: 0.28706333 | LV4: 15.830784 | LW4: 5.1831413 | LX4: 4.1574525 | LY4: 27.863777 | LZ4: 5.9139867 | MA4: 1.4408042 | MB4: 2.7252263 | MC4: 10.547856 | MD4: 0.18290058 | ME4: 0.04755904 | MF4: 0.081851048 | MG4: 0.28342238 | MH4: 0.19628459 | MI4: 0.054191026 | MJ4: 0.058413444 | MK4: 0.30301333 | ML4: 0.37918516 | MM4: 0.083590444 | MN4: 0.1406299 | MO4: 0.5626957 | MP4: 0.24242389 | MQ4: 0.065103529 | MR4: 0.08649695 | MS4: 0.496654 | MT4: 0.37918516 | MU4: 0.083590444 | MV4: 0.1406299 | MW4: 0.5626957 | MX4: 0.075287117 | MY4: 0.016801181 | MZ4: 0.037007756 | NA4: 0.11993353 | NB4: 0.093686942 | NC4: 0.019723987 | ND4: 0.041617971 | NE4: 0.14747576 | NF4: -0.15074445 | NG4: 0.53498426 | NH4: -1.7873308 | NI4: 1.0042149 | NJ4: 2.767312 | NK4: 0.81371784 | NL4: 1.7847946 | NM4: 6.1287764 | NN4: 1.8311374 | NO4: 0.5938199 | NP4: 0.95772 | NQ4: 4.38564 | NR4: 0.016921513 | NS4: 0.0039248787 | NT4: 0.0077744581 | NU4: 0.027255323 | NV4: 100 | NW4: 0 | NX4: 100 | NY4: 100 | NZ4: 0.15934704 | OA4: 0.043851279 | OB4: 0.071729376 | OC4: 0.28614941 | OD4: 15.998534 | OE4: 5.1999883 | OF4: 4.1574525 | OG4: 27.885891 | OH4: 5.901124 | OI4: 1.4561319 | OJ4: 2.2801689 | OK4: 10.441465 | OL4: 0.17793514 | OM4: -0.23820775 | ON4: 4.0549582 | OO4: 1.252787 | OP4: 1.1107315 | OQ4: 2.3635185 | OR4: 0.13691071 | OS4: 8.8426989e-06 | OT4: 0.00022158844 | OU4: 8.8426989e-06 | OV4: 0.00015050172 | OW4: 0.00019804098 | OX4: 2.354746e-05 | OY4: 0.41459509 | OZ4: 0.17695099 | PA4: 0.22402383 | PB4: 9.9428703 | PC4: 88.116489 | PD4: 0.1728159 | PE4: -0.22288335 | PF4: 3.4690035 | PG4: 0.9452092 | PH4: 0.9519834 | PI4: 1.8971926 | PJ4: 0.13480971 | PK4: 8.0888168e-06 | PL4: 0.00021950489 | PM4: 8.0888168e-06 | PN4: 0.00014978631 | PO4: 0.00019692039 | PP4: 2.2584505e-05 | PQ4: 0.41472027 | PR4: 0.16173931 | PS4: 0.20892676 | PT4: 9.8178919 | PU4: 88.269729 | PV4: 0.63954945 | PW4: 0.24233431 | PX4: 0.24406294 | PY4: 9.7811301 | PZ4: 89.38827 | QA4: 0.63922486 | QB4: 0.22263929 | QC4: 0.21610519 | QD4: 9.7934696 | QE4: 89.579908 | QF4: 1.21576e-05 | QG4: 0.00022627379 | QH4: 0.00030205981 | QI4: 2.9150193e-05 | QJ4: 1.1194739e-05 | QK4: 0.00022631947 | QL4: 0.00030198163 | QM4: 2.7393549e-05 | QN4: ***** | QO4: 89.979489 | QP4: 120.98924 | QQ4: 104.77319 | QR4: ***** | QS4: 89.980216 | QT4: 120.98627 | QU4: 104.77485
A5: C45_5x5\C45_5x5\C45_B\C45_5x5 --- C45_B_x10_conf_green_5x5.mnt | B5: -1.038078e-11 | C5: 3.6011019e-12 | D5: 0.0041782536 | E5: 0.063864054 | F5: 0.53142472 | G5: 0.012834987 | H5: 0.19618108 | I5: 1.6324594 | J5: 32.549447 | K5: 32.553625 | L5: 32.553625 | M5: 32.553625 | N5: 32.489761 | O5: 32.553625 | P5: 32.0222 | Q5: 32.553625 | R5: 0.80086791 | S5: 0.13982153 | T5: 0.50393458 | U5: 1.1218802 | V5: 1.0031107 | W5: 0.14143575 | X5: 0.62868833 | Y5: 1.3794814 | Z5: 1.8039786 | AA5: 0.19207434 | AB5: 1.145103 | AC5: 2.095038 | AD5: 0.54008132 | AE5: 0.051791679 | AF5: 0.40210144 | AG5: 0.64416603 | AH5: 1.8039786 | AI5: 0.19207434 | AJ5: 1.145103 | AK5: 2.095038 | AL5: 0.17933656 | AM5: 0.020129469 | AN5: 0.13206816 | AO5: 0.23355441 | AP5: 0.22958203 | AQ5: 0.024422444 | AR5: 0.16904156 | AS5: 0.29200029 | AT5: -0.25229707 | AU5: 0.14796425 | AV5: -0.72198482 | AW5: 0.15562394 | AX5: 3.6598021 | AY5: 0.43107155 | AZ5: 2.7645875 | BA5: 5.0003655 | BB5: 0.043130286 | BC5: 0.005522662 | BD5: 0.034460115 | BE5: 0.073026353 | BF5: 2.7894406 | BG5: 0.27227777 | BH5: 1.9685289 | BI5: 3.4290592 | BJ5: 77.859485 | BK5: 16.269285 | BL5: 30.76026 | BM5: 99.469261 | BN5: 0.36892926 | BO5: 0.04539492 | BP5: 0.27168386 | BQ5: 0.48760263 | BR5: 235.14419 | BS5: 26.33863 | BT5: 136.93687 | BU5: 290.19055 | BV5: 0.67880228 | BW5: 0.13828609 | BX5: 0.31156676 | BY5: 0.95865744 | BZ5: 0.74538482 | CA5: 0.12359061 | CB5: 0.49970572 | CC5: 1.0448132 | CD5: 1.4241871 | CE5: 0.092087675 | CF5: 0.941886 | CG5: 1.506652 | CH5: 0.51127939 | CI5: 0.04626373 | CJ5: 0.37408981 | CK5: 0.59768192 | CL5: 1.4241871 | CM5: 0.092087675 | CN5: 0.941886 | CO5: 1.506652 | CP5: 0.17725057 | CQ5: 0.019789917 | CR5: 0.13194536 | CS5: 0.23072964 | CT5: 0.2241992 | CU5: 0.023478521 | CV5: 0.16849652 | CW5: 0.28482402 | CX5: -0.17995646 | CY5: 0.1654791 | CZ5: -0.69032472 | DA5: 0.20579557 | DB5: 3.1871386 | DC5: 0.29763551 | DD5: 2.5539751 | DE5: 3.9771872 | DF5: 0.041044191 | DG5: 0.0052578836 | DH5: 0.032577049 | DI5: 0.071331724 | DJ5: 2.7229614 | DK5: 0.25566428 | DL5: 1.9484942 | DM5: 3.3115653 | DN5: 88.949104 | DO5: 8.186047 | DP5: 58.509534 | DQ5: 100 | DR5: 0.36884122 | DS5: 0.045345421 | DT5: 0.27173969 | DU5: 0.48768031 | DV5: 247.0618 | DW5: 27.414336 | DX5: 140.19008 | DY5: 306.96457 | DZ5: 0.5719456 | EA5: 0.080009214 | EB5: 0.40478484 | EC5: 0.75265429 | ED5: 0.70856967 | EE5: 0.086959767 | EF5: 0.47217248 | EG5: 0.98227705 | EH5: 1.2805153 | EI5: 0.14179052 | EJ5: 0.96142 | EK5: 1.5447887 | EL5: 0.49960186 | EM5: 0.048807691 | EN5: 0.36650821 | EO5: 0.60323145 | EP5: 1.7178143 | EQ5: 0.21282741 | ER5: 1.147896 | ES5: 2.160111 | ET5: 0.15090834 | EU5: 0.014131822 | EV5: 0.10506051 | EW5: 0.17328247 | EX5: 0.19570794 | EY5: 0.018816391 | EZ5: 0.1392133 | FA5: 0.22605689 | FB5: -0.29062689 | FC5: 0.1651163 | FD5: -0.76849307 | FE5: 0.13336352 | FF5: 3.9636684 | FG5: 0.43327538 | FH5: 2.8841538 | FI5: 5.7016833 | FJ5: 0.77327149 | FK5: 0.14821632 | FL5: 0.42820446 | FM5: 1.1164543 | FN5: 0.94454281 | FO5: 0.13776625 | FP5: 0.61056006 | FQ5: 1.4065703 | FR5: 1.6244939 | FS5: 0.21474882 | FT5: 1.067482 | FU5: 2.008926 | FV5: 1.3992757 | FW5: 0.25040559 | FX5: 0.906704 | FY5: 1.99964 | FZ5: 0.034775032 | GA5: 0.0023624449 | GB5: 0.02751802 | GC5: 0.041700902 | GD5: 2.785676 | GE5: 0.27681512 | GF5: 1.9738685 | GG5: 3.4612962 | GH5: 82.671704 | GI5: 16.888269 | GJ5: 25.635666 | GK5: 99.852253 | GL5: 0.30198104 | GM5: 0.028084537 | GN5: 0.20814036 | GO5: 0.35553475 | GP5: 4.4445204 | GQ5: 0.98007859 | GR5: 2.2334116 | GS5: 8.1260773 | GT5: 288.90111 | GU5: 19.800489 | GV5: 239.80297 | GW5: 363.39824 | GX5: 0.53423231 | GY5: 0.079477081 | GZ5: 0.31144781 | HA5: 0.69947977 | HB5: 0.61587946 | HC5: 0.073256709 | HD5: 0.46599051 | HE5: 0.83962651 | HF5: 1.1501118 | HG5: 0.10243686 | HH5: 0.83725414 | HI5: 1.3470143 | HJ5: 0.47699087 | HK5: 0.043438837 | HL5: 0.35613557 | HM5: 0.55394502 | HN5: 1.4383234 | HO5: 0.12775527 | HP5: 0.998011 | HQ5: 1.714088 | HR5: 0.1488926 | HS5: 0.013577941 | HT5: 0.10474894 | HU5: 0.17075093 | HV5: 0.19067422 | HW5: 0.017339446 | HX5: 0.13780024 | HY5: 0.21831705 | HZ5: -0.22733265 | IA5: 0.18310963 | IB5: -0.69510263 | IC5: 0.19966779 | ID5: 3.5202407 | IE5: 0.30740709 | IF5: 2.8516425 | IG5: 4.5285769 | IH5: 0.68957015 | II5: 0.11973573 | IJ5: 0.37395229 | IK5: 0.95035899 | IL5: 0.74875328 | IM5: 0.10616614 | IN5: 0.51659679 | IO5: 1.0419144 | IP5: 1.3574289 | IQ5: 0.11449772 | IR5: 0.937574 | IS5: 1.606584 | IT5: 1.2379647 | IU5: 0.147432 | IV5: 0.856434 | IW5: 1.507357 | IX5: 0.033579226 | IY5: 0.0021635337 | IZ5: 0.026983689 | JA5: 0.041072889 | JB5: 2.7236925 | JC5: 0.26297775 | JD5: 1.9532407 | JE5: 3.3605499 | JF5: 91.173288 | JG5: 8.2050055 | JH5: 60.688795 | JI5: 100 | JJ5: 0.30189424 | JK5: 0.028135616 | JL5: 0.20826686 | JM5: 0.35459778 | JN5: 5.8046363 | JO5: 1.1899257 | JP5: 2.7086924 | JQ5: 9.8190193 | JR5: 299.04954 | JS5: 19.43855 | JT5: 243.46961 | JU5: 370.59425 | JV5: 0.20347783 | JW5: 0.066598524 | JX5: 0.082603695 | JY5: 0.36733834 | JZ5: 0.21249829 | KA5: 0.058212594 | KB5: 0.093115155 | KC5: 0.36902055 | KD5: 0.41597612 | KE5: 0.10287894 | KF5: 0.224474 | KG5: 0.667695 | KH5: 0.26983968 | KI5: 0.085694485 | KJ5: 0.078757333 | KK5: 0.51257 | KL5: 0.41597612 | KM5: 0.10287894 | KN5: 0.224474 | KO5: 0.667695 | KP5: 0.084103791 | KQ5: 0.022419706 | KR5: 0.046150479 | KS5: 0.14191938 | KT5: 0.10363346 | KU5: 0.025797271 | KV5: 0.059018233 | KW5: 0.1665015 | KX5: -0.13862861 | KY5: 0.53861247 | KZ5: -1.5872793 | LA5: 1.0618754 | LB5: 2.7185162 | LC5: 0.67556126 | LD5: 1.7185462 | LE5: 5.5174753 | LF5: 1.7940006 | LG5: 0.58084032 | LH5: 0.52854 | LI5: 3.58248 | LJ5: 0.018909281 | LK5: 0.0055483164 | LL5: 0.010769303 | LM5: 0.035686568 | LN5: 100 | LO5: 0 | LP5: 100 | LQ5: 100 | LR5: 0.18000338 | LS5: 0.055283929 | LT5: 0.079196117 | LU5: 0.3325004 | LV5: 16.764634 | LW5: 5.2610091 | LX5: 5.2631579 | LY5: 29.015994 | LZ5: 6.0825297 | MA5: 1.8382708 | MB5: 2.7913624 | MC5: 18.920044 | MD5: 0.20044015 | ME5: 0.065856476 | MF5: 0.081212108 | MG5: 0.36669087 | MH5: 0.2083489 | MI5: 0.056797293 | MJ5: 0.092232226 | MK5: 0.34784199 | ML5: 0.40878905 | MM5: 0.10099355 | MN5: 0.223981 | MO5: 0.643284 | MP5: 0.26460371 | MQ5: 0.082572864 | MR5: 0.078520667 | MS5: 0.486301 | MT5: 0.40878905 | MU5: 0.10099355 | MV5: 0.223981 | MW5: 0.643284 | MX5: 0.083037162 | MY5: 0.022216751 | MZ5: 0.046121014 | NA5: 0.14025342 | NB5: 0.10220548 | NC5: 0.025546441 | ND5: 0.058924665 | NE5: 0.16378065 | NF5: -0.13387035 | NG5: 0.53610183 | NH5: -1.5238909 | NI5: 1.0722296 | NJ5: 2.7016629 | NK5: 0.66951774 | NL5: 1.7158187 | NM5: 5.5302972 | NN5: 1.7910074 | NO5: 0.57936632 | NP5: 0.50508 | NQ5: 3.59904 | NR5: 0.018616925 | NS5: 0.0054988877 | NT5: 0.010678435 | NU5: 0.035139979 | NV5: 100 | NW5: 0 | NX5: 100 | NY5: 100 | NZ5: 0.17783787 | OA5: 0.054837732 | OB5: 0.079312777 | OC5: 0.33038233 | OD5: 16.902566 | OE5: 5.2674185 | OF5: 5.3295002 | OG5: 29.721362 | OH5: 6.094251 | OI5: 1.8691313 | OJ5: 2.7785187 | OK5: 19.798844 | OL5: 0.20173095 | OM5: -0.3281121 | ON5: 4.3109941 | OO5: 1.224416 | OP5: 1.453828 | OQ5: 2.678244 | OR5: 0.15394258 | OS5: 1.0151994e-05 | OT5: 0.00024944151 | OU5: 1.0151994e-05 | OV5: 0.00016783059 | OW5: 0.00022209141 | OX5: 2.7350094e-05 | OY5: 0.4585852 | OZ5: 0.20361886 | PA5: 0.26701121 | PB5: 10.213547 | PC5: 87.888386 | PD5: 0.19639564 | PE5: -0.22889921 | PF5: 3.6199456 | PG5: 1.071014 | PH5: 1.14207 | PI5: 2.213084 | PJ5: 0.15215465 | PK5: 9.5476153e-06 | PL5: 0.00024785922 | PM5: 9.5476153e-06 | PN5: 0.00016801977 | PO5: 0.00022177523 | PP5: 2.608399e-05 | PQ5: 0.45948655 | PR5: 0.19150017 | PS5: 0.24609637 | PT5: 10.137029 | PU5: 87.911525 | PV5: 0.69483467 | PW5: 0.27870546 | PX5: 0.2997384 | PY5: 11.349175 | PZ5: 89.89167 | QA5: 0.6947897 | QB5: 0.26607363 | QC5: 0.27372608 | QD5: 11.34981 | QE5: 89.890971 | QF5: 1.3433826e-05 | QG5: 0.00024866301 | QH5: 0.00034771699 | QI5: 3.2827677e-05 | QJ5: 1.2728545e-05 | QK5: 0.00024863608 | QL5: 0.00034761392 | QM5: 3.1511584e-05 | QN5: ***** | QO5: 89.978399 | QP5: 81.245464 | QQ5: 105.73662 | QR5: ***** | QS5: 89.975549 | QT5: 101.98565 | QU5: 81.244335
A6: C45_5x5\C45_5x5\C45_B\C45_5x5 --- C45_B_x10_conf_red_5x5.mnt | B6: -1.524014e-11 | C6: 1.0772658e-11 | D6: 0.0052732836 | E6: 0.064319205 | F6: 0.54481456 | G6: 0.01619876 | H6: 0.19757924 | I6: 1.6735911 | J6: 32.548352 | K6: 32.553625 | L6: 32.553625 | M6: 32.553625 | N6: 32.489306 | O6: 32.553625 | P6: 32.00881 | Q6: 32.553625 | R6: 0.96722958 | S6: 0.16128727 | T6: 0.56097417 | U6: 1.3116257 | V6: 1.2581822 | W6: 0.16675397 | X6: 0.88438343 | Y6: 1.7288814 | Z6: 2.2254118 | AA6: 0.20788046 | AB6: 1.604667 | AC6: 2.51101 | AD6: 0.65541317 | AE6: 0.058432663 | AF6: 0.49434382 | AG6: 0.75742217 | AH6: 2.2254118 | AI6: 0.20788046 | AJ6: 1.604667 | AK6: 2.51101 | AL6: 0.21163836 | AM6: 0.02254024 | AN6: 0.15320138 | AO6: 0.28419411 | AP6: 0.27391344 | AQ6: 0.027597651 | AR6: 0.19968749 | AS6: 0.35614049 | AT6: -0.25446178 | AU6: 0.17919373 | AV6: -0.76768772 | AW6: 0.17958546 | AX6: 3.9577628 | AY6: 0.48650968 | AZ6: 2.8571659 | BA6: 5.1012779 | BB6: 0.039788546 | BC6: 0.0055856674 | BD6: 0.031205056 | BE6: 0.073764285 | BF6: 3.5613343 | BG6: 0.36395857 | BH6: 2.4000795 | BI6: 4.3356686 | BJ6: 54.49798 | BK6: 22.501429 | BL6: 10.968598 | BM6: 96.572313 | BN6: 0.42987237 | BO6: 0.051175423 | BP6: 0.307855 | BQ6: 0.58990903 | BR6: 255.52309 | BS6: 30.700157 | BT6: 135.56696 | BU6: 320.46089 | BV6: 0.79292544 | BW6: 0.1519165 | BX6: 0.42751723 | BY6: 1.0861316 | BZ6: 0.89912306 | CA6: 0.13602537 | CB6: 0.63134285 | CC6: 1.2888864 | CD6: 1.6920485 | CE6: 0.072521669 | CF6: 1.361627 | CG6: 1.764531 | CH6: 0.61674343 | CI6: 0.049869965 | CJ6: 0.48251776 | CK6: 0.70864903 | CL6: 1.6920485 | CM6: 0.072521669 | CN6: 1.361627 | CO6: 1.764531 | CP6: 0.20884503 | CQ6: 0.021910402 | CR6: 0.15245107 | CS6: 0.28024511 | CT6: 0.26622624 | CU6: 0.025697034 | CV6: 0.19823941 | CW6: 0.34611996 | CX6: -0.15995279 | CY6: 0.18758499 | CZ6: -0.74961799 | DA6: 0.23183802 | DB6: 3.3190926 | DC6: 0.31256091 | DD6: 2.6577224 | DE6: 4.2438769 | DF6: 0.037650796 | DG6: 0.0051606408 | DH6: 0.028929687 | DI6: 0.066610968 | DJ6: 3.463705 | DK6: 0.33519497 | DL6: 2.3428107 | DM6: 4.1992207 | DN6: 75.678357 | DO6: 14.706192 | DP6: 37.021382 | DQ6: 99.226006 | DR6: 0.42976942 | DS6: 0.051116256 | DT6: 0.3077471 | DU6: 0.58997764 | DV6: 269.95745 | DW6: 32.542106 | DX6: 150.12543 | DY6: 345.66568 | DZ6: 0.70630356 | EA6: 0.09823955 | EB6: 0.44269551 | EC6: 0.94438057 | ED6: 0.89571865 | EE6: 0.10616352 | EF6: 0.62518162 | EG6: 1.2092185 | EH6: 1.6020222 | EI6: 0.1723007 | EJ6: 1.1530743 | EK6: 1.963076 | EL6: 0.6140241 | EM6: 0.057814584 | EN6: 0.45574036 | EO6: 0.75818737 | EP6: 2.1461412 | EQ6: 0.23609345 | ER6: 1.473509 | ES6: 2.5814 | ET6: 0.18312845 | EU6: 0.016450143 | EV6: 0.12698072 | EW6: 0.2228383 | EX6: 0.23974919 | EY6: 0.022642784 | EZ6: 0.17241657 | FA6: 0.29527543 | FB6: -0.28650887 | FC6: 0.1750955 | FD6: -0.77725232 | FE6: 0.33167475 | FF6: 4.1869624 | FG6: 0.46561691 | FH6: 3.1697281 | FI6: 6.2470419 | FJ6: 0.9437735 | FK6: 0.16457538 | FL6: 0.55738708 | FM6: 1.2963482 | FN6: 1.2023677 | FO6: 0.16196722 | FP6: 0.71547625 | FQ6: 1.5984434 | FR6: 2.0416154 | FS6: 0.23168848 | FT6: 1.361325 | FU6: 2.435272 | FV6: 1.7593356 | FW6: 0.28443523 | FX6: 1.115473 | FY6: 2.377067 | FZ6: 0.032926864 | GA6: 0.002344258 | GB6: 0.0278553 | GC6: 0.038941267 | GD6: 3.5673442 | GE6: 0.37311838 | GF6: 2.4240126 | GG6: 4.3488717 | GH6: 58.813528 | GI6: 24.497125 | GJ6: 10.982517 | GK6: 98.719527 | GL6: 0.36038753 | GM6: 0.030499998 | GN6: 0.24388547 | GO6: 0.42830368 | GP6: 4.3617598 | GQ6: 0.84736796 | GR6: 2.2408274 | GS6: 6.9441024 | GT6: 305.25354 | GU6: 21.865959 | GV6: 256.79698 | GW6: 358.99811 | GX6: 0.64918291 | GY6: 0.089021946 | GZ6: 0.40883924 | HA6: 0.81794211 | HB6: 0.75853485 | HC6: 0.075564775 | HD6: 0.59670832 | HE6: 0.9636298 | HF6: 1.4077177 | HG6: 0.10495271 | HH6: 1.0686903 | HI6: 1.6336613 | HJ6: 0.58246263 | HK6: 0.048962215 | HL6: 0.42136272 | HM6: 0.70721042 | HN6: 1.735903 | HO6: 0.12004924 | HP6: 1.340185 | HQ6: 2.018444 | HR6: 0.18030976 | HS6: 0.015353032 | HT6: 0.12606248 | HU6: 0.21739792 | HV6: 0.23236173 | HW6: 0.019827438 | HX6: 0.1680269 | HY6: 0.27719331 | HZ6: -0.20524613 | IA6: 0.17012834 | IB6: -0.75532193 | IC6: 0.15963257 | ID6: 3.6077236 | IE6: 0.29737312 | IF6: 2.883357 | IG6: 4.5676093 | IH6: 0.8249195 | II6: 0.12636938 | IJ6: 0.50663381 | IK6: 1.1329494 | IL6: 0.91098354 | IM6: 0.11682616 | IN6: 0.64187666 | IO6: 1.2787669 | IP6: 1.642728 | IQ6: 0.10041284 | IR6: 1.333014 | IS6: 1.843025 | IT6: 1.5154942 | IU6: 0.14044933 | IV6: 1.115472 | IW6: 1.771237 | IX6: 0.031649746 | IY6: 0.0023226811 | IZ6: 0.026038591 | JA6: 0.037607347 | JB6: 3.4735337 | JC6: 0.34688189 | JD6: 2.3669516 | JE6: 4.2320875 | JF6: 75.985371 | JG6: 15.643895 | JH6: 27.014411 | JI6: 98.818025 | JJ6: 0.36056731 | JK6: 0.030493115 | JL6: 0.2439219 | JM6: 0.42695207 | JN6: 5.9801707 | JO6: 1.0210577 | JP6: 3.1026841 | JQ6: 9.1142841 | JR6: 317.68102 | JS6: 23.581741 | JT6: 265.90549 | JU6: 384.04535 | JV6: 0.21486898 | JW6: 0.070630986 | JX6: 0.087718933 | JY6: 0.42522738 | JZ6: 0.23810576 | KA6: 0.068995866 | KB6: 0.09517513 | KC6: 0.41468032 | KD6: 0.45297474 | KE6: 0.1181483 | KF6: 0.226218 | KG6: 0.73872 | KH6: 0.29361505 | KI6: 0.10562525 | KJ6: 0.092946 | KK6: 0.56340167 | KL6: 0.45297474 | KM6: 0.1181483 | KN6: 0.226218 | KO6: 0.73872 | KP6: 0.091383932 | KQ6: 0.028125284 | KR6: 0.044360648 | KS6: 0.17548076 | KT6: 0.11236435 | KU6: 0.03138207 | KV6: 0.055863893 | KW6: 0.19776008 | KX6: -0.23764385 | KY6: 0.53535538 | KZ6: -1.9714108 | LA6: 1.1837053 | LB6: 2.7361619 | LC6: 0.77390358 | LD6: 1.6422529 | LE6: 6.782709 | LF6: 1.6499582 | LG6: 0.47570183 | LH6: 0.65826 | LI6: 3.73014 | LJ6: 0.021186552 | LK6: 0.0070198591 | LL6: 0.010635306 | LM6: 0.042651813 | LN6: 100 | LO6: 0 | LP6: 100 | LQ6: 100 | LR6: 0.19659226 | LS6: 0.071287516 | LT6: 0.085747583 | LU6: 0.4211627 | LV6: 16.041978 | LW6: 5.7115391 | LX6: 1.3710747 | LY6: 33.786671 | LZ6: 6.4381702 | MA6: 1.4863512 | MB6: 2.6808645 | MC6: 15.191566 | MD6: 0.21113946 | ME6: 0.068892026 | MF6: 0.08749968 | MG6: 0.40986546 | MH6: 0.23329522 | MI6: 0.067337319 | MJ6: 0.095043617 | MK6: 0.40695636 | ML6: 0.44443468 | MM6: 0.11474728 | MN6: 0.226218 | MO6: 0.718351 | MP6: 0.28793808 | MQ6: 0.10481064 | MR6: 0.092946 | MS6: 0.55136767 | MT6: 0.44443468 | MU6: 0.11474728 | MV6: 0.226218 | MW6: 0.718351 | MX6: 0.090067276 | MY6: 0.02773364 | MZ6: 0.044393754 | NA6: 0.17443601 | NB6: 0.1106579 | NC6: 0.030848491 | ND6: 0.05575366 | NE6: 0.19639718 | NF6: -0.23600562 | NG6: 0.5381795 | NH6: -1.9174615 | NI6: 1.203091 | NJ6: 2.7277701 | NK6: 0.7764689 | NL6: 1.6410812 | NM6: 6.5669143 | NN6: 1.6578485 | NO6: 0.49526527 | NP6: 0.60996 | NQ6: 3.79086 | NR6: 0.020826317 | NS6: 0.0069120147 | NT6: 0.010650106 | NU6: 0.041773213 | NV6: 100 | NW6: 0 | NX6: 100 | NY6: 100 | NZ6: 0.1939691 | OA6: 0.07050904 | OB6: 0.087552259 | OC6: 0.41958906 | OD6: 16.136213 | OE6: 5.6702918 | OF6: 1.3931889 | OG6: 33.502875 | OH6: 6.4423039 | OI6: 1.579671 | OJ6: 2.6379239 | OK6: 16.394518 | OL6: 0.24641309 | OM6: -0.29068415 | ON6: 4.5588478 | OO6: 1.399099 | OP6: 1.810168 | OQ6: 3.209267 | OR6: 0.18622353 | OS6: 1.3178015e-05 | OT6: 0.0003057333 | OU6: 1.3178015e-05 | OV6: 0.00019983202 | OW6: 0.00027250698 | OX6: 3.3226317e-05 | OY6: 0.54712694 | OZ6: 0.26575057 | PA6: 0.33141718 | PB6: 10.964279 | PC6: 88.204901 | PD6: 0.23859958 | PE6: -0.16833683 | PF6: 3.6697694 | PG6: 1.158399 | PH6: 1.302677 | PI6: 2.461076 | PJ6: 0.18371274 | PK6: 1.2273466e-05 | PL6: 0.00030413737 | PM6: 1.2273466e-05 | PN6: 0.00020011414 | PO6: 0.00027268286 | PP6: 3.1454507e-05 | PQ6: 0.54757269 | PR6: 0.24890273 | PS6: 0.3010621 | PT6: 10.980087 | PU6: 88.201685 | PV6: 0.78728207 | PW6: 0.31585493 | PX6: 0.36297176 | PY6: 11.366869 | PZ6: 89.967128 | QA6: 0.78680698 | QB6: 0.29996775 | QC6: 0.3267789 | QD6: 11.382481 | QE6: 89.968612 | QF6: 1.5276159e-05 | QG6: 0.00028050378 | QH6: 0.00039273222 | QI6: 3.8465677e-05 | QJ6: 1.4366333e-05 | QK6: 0.0002804615 | QL6: 0.0003926155 | QM6: 3.6640381e-05 | QN6: 12.42692 | QO6: 92.023393 | QP6: 105.73571 | QQ6: 114.23774 | QR6: 11.879291 | QS6: 92.024449 | QT6: 101.98499 | QU6: 108.25339
A7: C45_5x5\C45_5x5\C45_B\C45_5x5 --- C45_B_x10_fusion_blue_5x5.mnt | B7: -1.0444332e-11 | C7: -6.2700624e-12 | D7: 1.1467706 | E7: 1.2040702 | F7: 1.6864795 | G7: 4.0570747 | H7: 4.2597907 | I7: 5.9664706 | J7: 27.119178 | K7: 28.265948 | L7: 28.265948 | M7: 28.265948 | N7: 27.061878 | O7: 28.265948 | P7: 26.579469 | Q7: 28.265948 | R7: 1.0643624 | S7: 0.15136154 | T7: 0.32890544 | U7: 1.368768 | V7: 0.98852415 | W7: 0.11937371 | X7: 0.52240312 | Y7: 1.2679904 | Z7: 2.0528866 | AA7: 0.2122915 | AB7: 0.900022 | AC7: 2.37538 | AD7: 0.57758719 | AE7: 0.054590565 | AF7: 0.42382744 | AG7: 0.69594362 | AH7: 2.0528866 | AI7: 0.2122915 | AJ7: 0.900022 | AK7: 2.37538 | AL7: 0.18691223 | AM7: 0.020033634 | AN7: 0.12525579 | AO7: 0.23972904 | AP7: 0.24022306 | AQ7: 0.024571987 | AR7: 0.15949362 | AS7: 0.30038195 | AT7: -0.11516724 | AU7: 0.18956534 | AV7: -0.43691854 | AW7: 0.56346745 | AX7: 3.8135555 | AY7: 0.42262776 | AZ7: 2.425136 | BA7: 5.2570117 | BB7: 0.03835356 | BC7: 0.05877305 | BD7: 0.022727033 | BE7: 0.57009333 | BF7: 4.1570975 | BG7: 0.69393871 | BH7: 0.21902848 | BI7: 5.166107 | BJ7: 41.330294 | BK7: 21.939859 | BL7: 4.1348404 | BM7: 100 | BN7: 0.38362741 | BO7: 0.04409377 | BP7: 0.28365093 | BQ7: 0.50743476 | BR7: 327.44459 | BS7: 61.173733 | BT7: 17.540987 | BU7: 440.00464 | BV7: 0.7195819 | BW7: 0.11119427 | BX7: 0.28265434 | BY7: 0.89904457 | BZ7: 0.73395643 | CA7: 0.096755115 | CB7: 0.38512366 | CC7: 1.0274534 | CD7: 1.4535383 | CE7: 0.091236423 | CF7: 0.667778 | CG7: 1.518264 | CH7: 0.53236462 | CI7: 0.048933362 | CJ7: 0.38141873 | CK7: 0.63231647 | CL7: 1.4535383 | CM7: 0.091236423 | CN7: 0.667778 | CO7: 1.518264 | CP7: 0.18226673 | CQ7: 0.020623353 | CR7: 0.091140335 | CS7: 0.22696861 | CT7: 0.22983873 | CU7: 0.024436102 | CV7: 0.11508894 | CW7: 0.2771431 | CX7: -0.12938462 | CY7: 0.21440345 | CZ7: -0.62448813 | DA7: 1.0351951 | DB7: 3.112223 | DC7: 0.29638034 | DD7: 2.2036427 | DE7: 4.0652836 | DF7: 0.036589449 | DG7: 0.06597844 | DH7: 0.021618397 | DI7: 0.73238571 | DJ7: 3.9827332 | DK7: 0.64537231 | DL7: 0.204804 | DM7: 4.7302735 | DN7: 86.302142 | DO7: 7.1686689 | DP7: 68.642194 | DQ7: 100 | DR7: 0.3806726 | DS7: 0.047295737 | DT7: 0.18854934 | DU7: 0.50072493 | DV7: 352.20382 | DW7: 63.979367 | DX7: 13.654008 | DY7: 462.56898 | DZ7: 0.73088149 | EA7: 0.12643182 | EB7: 0.12213616 | EC7: 0.98793008 | ED7: 0.75145317 | EE7: 0.11497589 | EF7: 0.24395484 | EG7: 0.99661182 | EH7: 1.4823347 | EI7: 0.21717063 | EJ7: 0.366091 | EK7: 1.8855063 | EL7: 0.5340481 | EM7: 0.062528411 | EN7: 0.28388723 | EO7: 0.67430528 | EP7: 1.9759948 | EQ7: 0.26568679 | ER7: 0.618788 | ES7: 2.493473 | ET7: 0.15821241 | EU7: 0.019841418 | EV7: 0.067644329 | EW7: 0.18895554 | EX7: 0.20698632 | EY7: 0.026424314 | EZ7: 0.087239994 | FA7: 0.2517953 | FB7: -0.18710015 | FC7: 0.22234242 | FD7: -0.66486123 | FE7: 0.54588699 | FF7: 4.2873805 | FG7: 0.48539263 | FH7: 3.0673966 | FI7: 7.7146033 | FJ7: 1.0141426 | FK7: 0.17970827 | FL7: 0.15233173 | FM7: 1.4270279 | FN7: 0.96185226 | FO7: 0.15688182 | FP7: 0.46645627 | FQ7: 1.3819834 | FR7: 1.8592091 | FS7: 0.26449927 | FT7: 0.618788 | FU7: 2.326661 | FV7: 1.5370097 | FW7: 0.3274671 | FX7: 0.327209 | FY7: 2.292421 | FZ7: 0.029152282 | GA7: 0.026289852 | GB7: 0.02017 | GC7: 0.32179875 | GD7: 4.0842118 | GE7: 0.69937412 | GF7: 0.18110879 | GG7: 5.1719756 | GH7: 48.40139 | GI7: 26.63983 | GJ7: 1.6498399 | GK7: 100 | GL7: 0.3153384 | GM7: 0.04070677 | GN7: 0.12463402 | GO7: 0.37738191 | GP7: 3.1090724 | GQ7: 1.056205 | GR7: 1.2804728 | GS7: 13.388601 | GT7: 384.81742 | GU7: 61.635264 | GV7: 31.075323 | GW7: 495.78582 | GX7: 0.59135679 | GY7: 0.10028933 | GZ7: 0.087017052 | HA7: 0.73195581 | HB7: 0.64668368 | HC7: 0.092300727 | HD7: 0.16067695 | HE7: 0.82525842 | HF7: 1.2380405 | HG7: 0.158772 | HH7: 0.247694 | HI7: 1.4533409 | HJ7: 0.49690394 | HK7: 0.05642435 | HL7: 0.2340036 | HM7: 0.60666738 | HN7: 1.5035613 | HO7: 0.14462166 | HP7: 0.613417 | HQ7: 1.787639 | HR7: 0.15454886 | HS7: 0.020735353 | HT7: 0.048454505 | HU7: 0.18256148 | HV7: 0.19810056 | HW7: 0.026291261 | HX7: 0.061918362 | HY7: 0.23425525 | HZ7: -0.22596489 | IA7: 0.18898468 | IB7: -0.6118432 | IC7: 0.24504368 | ID7: 3.5209402 | IE7: 0.35536743 | IF7: 2.8056446 | IG7: 6.4739344 | IH7: 0.72817792 | II7: 0.11976595 | IJ7: 0.15212005 | IK7: 0.99918334 | IL7: 0.77538335 | IM7: 0.10159094 | IN7: 0.46129695 | IO7: 1.0596845 | IP7: 1.4082382 | IQ7: 0.13205288 | IR7: 0.613417 | IS7: 1.67882 | IT7: 1.2776134 | IU7: 0.17174329 | IV7: 0.323794 | IW7: 1.536823 | IX7: 0.027815067 | IY7: 0.027910531 | IZ7: 0.019196276 | JA7: 0.343712 | JB7: 3.9225049 | JC7: 0.65796703 | JD7: 0.14899352 | JE7: 4.6718471 | JF7: 88.115922 | JG7: 8.5677184 | JH7: 52.327013 | JI7: 100 | JJ7: 0.31402341 | JK7: 0.044355988 | JL7: 0.086381908 | JM7: 0.37597491 | JN7: 5.0968334 | JO7: 1.2301949 | JP7: 3.1765575 | JQ7: 16.458887 | JR7: 407.92337 | JS7: 64.702396 | JT7: 29.094125 | JU7: 520.93438 | JV7: 0.20028927 | JW7: 0.046206364 | JX7: 0.084182547 | JY7: 0.34583562 | JZ7: 0.21564286 | KA7: 0.095343896 | KB7: 0.082391322 | KC7: 0.61447207 | KD7: 0.41593213 | KE7: 0.11819229 | KF7: 0.166603 | KG7: 0.857506 | KH7: 0.25431297 | KI7: 0.063827527 | KJ7: 0.10746567 | KK7: 0.4452 | KL7: 0.41593213 | KM7: 0.11819229 | KN7: 0.166603 | KO7: 0.857506 | KP7: 0.082863916 | KQ7: 0.019711633 | KR7: 0.042567161 | KS7: 0.14231957 | KT7: 0.10283512 | KU7: 0.025227026 | KV7: 0.050090165 | KW7: 0.17601946 | KX7: -0.098979728 | KY7: 0.54460297 | KZ7: -2.1550201 | LA7: 1.1865123 | LB7: 2.7141912 | LC7: 0.9475052 | LD7: 1.6299395 | LE7: 8.6443289 | LF7: 1.8057908 | LG7: 0.5090753 | LH7: 1.0833 | LI7: 4.27248 | LJ7: 0.01877553 | LK7: 0.0044098347 | LL7: 0.0096096976 | LM7: 0.029394146 | LN7: 100 | LO7: 0 | LP7: 100 | LQ7: 100 | LR7: 0.17724724 | LS7: 0.043997927 | LT7: 0.099705757 | LU7: 0.32134261 | LV7: 16.218534 | LW7: 5.3174793 | LX7: 0 | LY7: 29.661286 | LZ7: 5.8770397 | MA7: 1.2782122 | MB7: 2.340561 | MC7: 9.2310533 | MD7: 0.19520931 | ME7: 0.045221468 | MF7: 0.079768883 | MG7: 0.32268028 | MH7: 0.20311694 | MI7: 0.076480453 | MJ7: 0.078165729 | MK7: 0.48518661 | ML7: 0.39832625 | MM7: 0.10003654 | MN7: 0.165577 | MO7: 0.693964 | MP7: 0.24654955 | MQ7: 0.062719533 | MR7: 0.115028 | MS7: 0.411719 | MT7: 0.39832625 | MU7: 0.10003654 | MV7: 0.165577 | MW7: 0.693964 | MX7: 0.080235295 | MY7: 0.01742881 | MZ7: 0.040827117 | NA7: 0.1234839 | NB7: 0.099237671 | NC7: 0.021821869 | ND7: 0.047906453 | NE7: 0.15533647 | NF7: -0.07213646 | NG7: 0.50647572 | NH7: -1.8081789 | NI7: 1.190787 | NJ7: 2.6451271 | NK7: 0.76683939 | NL7: 1.5650625 | NM7: 6.8852579 | NN7: 1.7899113 | NO7: 0.50215198 | NP7: 1.08744 | NQ7: 4.71408 | NR7: 0.018224783 | NS7: 0.0042179413 | NT7: 0.0090381306 | NU7: 0.028483129 | NV7: 100 | NW7: 0 | NX7: 100 | NY7: 100 | NZ7: 0.17235216 | OA7: 0.040621811 | OB7: 0.098197373 | OC7: 0.29719527 | OD7: 16.484085 | OE7: 5.165341 | OF7: 0 | OG7: 29.544449 | OH7: 5.9136152 | OI7: 1.2576669 | OJ7: 2.1213047 | OK7: 9.1959097 | OL7: 0.21492077 | OM7: -0.17070955 | ON7: 4.5086553 | OO7: 1.470893 | OP7: 1.371746 | OQ7: 2.842639 | OR7: 0.1634329 | OS7: 1.1722036e-05 | OT7: 0.00026163965 | OU7: 1.1722036e-05 | OV7: 0.00017792597 | OW7: 0.00023319303 | OX7: 2.8446619e-05 | OY7: 0.48929127 | OZ7: 0.23483177 | PA7: 0.27647615 | PB7: 9.827833 | PC7: 88.062581 | PD7: 0.20539429 | PE7: -0.20165773 | PF7: 3.4887759 | PG7: 1.050761 | PH7: 1.121247 | PI7: 2.172008 | PJ7: 0.15988878 | PK7: 1.0094464e-05 | PL7: 0.00025886572 | PM7: 1.0094464e-05 | PN7: 0.00017700163 | PO7: 0.00023199237 | PP7: 2.6873345e-05 | PQ7: 0.49054888 | PR7: 0.20150975 | PS7: 0.25117421 | PT7: 9.6689821 | PU7: 88.246165 | PV7: 0.67956848 | PW7: 0.28153718 | PX7: 0.28744335 | PY7: 10.015177 | PZ7: 89.602425 | QA7: 0.67984673 | QB7: 0.24583377 | QC7: 0.26007017 | QD7: 9.9701111 | QE7: 90.211436 | QF7: 1.4072539e-05 | QG7: 0.00024123985 | QH7: 0.00032377715 | QI7: 3.1940423e-05 | QJ7: 1.2304394e-05 | QK7: 0.00023958343 | QL7: 0.00032271557 | QM7: 2.9682891e-05 | QN7: 39.475229 | QO7: 89.986735 | QP7: 104.77443 | QQ7: 120.74063 | QR7: 37.433252 | QS7: 89.986621 | QT7: 104.77424 | QU7: 120.73948
A8: C45_5x5\C45_5x5\C45_B\C45_5x5 --- C45_B_x10_fusion_green_5x5.mnt | B8: -8.5361057e-12 | C8: 7.4627778e-12 | D8: 0.0012207204 | E8: 0.06833368 | F8: 0.60891666 | G8: 0.0037498755 | H8: 0.20991113 | I8: 1.8705034 | J8: 32.552404 | K8: 32.553625 | L8: 32.553625 | M8: 32.553625 | N8: 32.485291 | O8: 32.553625 | P8: 31.944708 | Q8: 32.553625 | R8: 0.98166248 | S8: 0.16541022 | T8: 0.65569676 | U8: 1.369682 | V8: 1.2566423 | W8: 0.16179651 | X8: 0.78790399 | Y8: 1.677063 | Z8: 2.2383048 | AA8: 0.21790722 | AB8: 1.529188 | AC8: 2.547973 | AD8: 0.63229695 | AE8: 0.060600134 | AF8: 0.48167274 | AG8: 0.74640271 | AH8: 2.2383048 | AI8: 0.21790722 | AJ8: 1.529188 | AK8: 2.547973 | AL8: 0.1987579 | AM8: 0.021224942 | AN8: 0.14720237 | AO8: 0.25534743 | AP8: 0.25820093 | AQ8: 0.026629986 | AR8: 0.19166015 | AS8: 0.32882216 | AT8: -0.36219444 | AU8: 0.17016751 | AV8: -0.85081313 | AW8: 0.059432034 | AX8: 4.1728674 | AY8: 0.49448748 | AZ8: 3.2518914 | BA8: 5.8922195 | BB8: 0.034220194 | BC8: 0.0037275202 | BD8: 0.027760178 | BE8: 0.050025 | BF8: 4.1153632 | BG8: 0.42005177 | BH8: 2.8166529 | BI8: 4.9987528 | BJ8: 53.756728 | BK8: 24.240315 | BL8: 6.5900044 | BM8: 94.427245 | BN8: 0.40173487 | BO8: 0.046770034 | BP8: 0.29433436 | BQ8: 0.52091316 | BR8: 295.46403 | BS8: 30.114558 | BT8: 199.90005 | BU8: 360.22823 | BV8: 0.74126493 | BW8: 0.14143837 | BX8: 0.38301309 | BY8: 1.0278164 | BZ8: 0.87752673 | CA8: 0.12639602 | CB8: 0.61862994 | CC8: 1.1750479 | CD8: 1.6187917 | CE8: 0.070259045 | CF8: 1.171031 | CG8: 1.681799 | CH8: 0.58555267 | CI8: 0.048871726 | CJ8: 0.46326511 | CK8: 0.68933538 | CL8: 1.6187917 | CM8: 0.070259045 | CN8: 1.171031 | CO8: 1.681799 | CP8: 0.19535927 | CQ8: 0.020321629 | CR8: 0.14677278 | CS8: 0.24724586 | CT8: 0.24913074 | CU8: 0.024262143 | CV8: 0.18970126 | CW8: 0.3083582 | CX8: -0.27568767 | CY8: 0.17202722 | CZ8: -0.79952846 | DA8: 0.14017793 | DB8: 3.3703892 | DC8: 0.28586721 | DD8: 2.805867 | DE8: 4.3126861 | DF8: 0.03192294 | DG8: 0.0033572337 | DH8: 0.025716099 | DI8: 0.046650225 | DJ8: 3.9594473 | DK8: 0.37658888 | DL8: 2.7490946 | DM8: 4.8190305 | DN8: 82.396282 | DO8: 11.440803 | DP8: 46.767059 | DQ8: 99.62406 | DR8: 0.40137928 | DS8: 0.046524371 | DT8: 0.29443759 | DU8: 0.5208784 | DV8: 316.4873 | DW8: 31.125703 | DX8: 214.36124 | DY8: 388.86146 | DZ8: 0.7164144 | EA8: 0.11400087 | EB8: 0.47807451 | EC8: 1.0098134 | ED8: 0.9083388 | EE8: 0.11638586 | EF8: 0.6183851 | EG8: 1.3111327 | EH8: 1.6247532 | EI8: 0.1894115 | EJ8: 1.209681 | EK8: 2.0471916 | EL8: 0.59533435 | EM8: 0.059819172 | EN8: 0.42730772 | EO8: 0.70926762 | EP8: 2.1751027 | EQ8: 0.25104354 | ER8: 1.450722 | ES8: 2.685172 | ET8: 0.17336665 | EU8: 0.017041275 | EV8: 0.12055757 | EW8: 0.20576419 | EX8: 0.2285298 | EY8: 0.023160193 | EZ8: 0.1624897 | FA8: 0.27182338 | FB8: -0.40631973 | FC8: 0.19693961 | FD8: -0.99620758 | FE8: 0.11467875 | FF8: 4.496094 | FG8: 0.49117943 | FH8: 3.3709207 | FI8: 6.0970457 | FJ8: 0.97068019 | FK8: 0.17955999 | FL8: 0.57505908 | FM8: 1.3717431 | FN8: 1.2044225 | FO8: 0.16815586 | FP8: 0.73093249 | FQ8: 1.66695 | FR8: 2.0444659 | FS8: 0.26737767 | FT8: 1.366541 | FU8: 2.685172 | FV8: 1.7515211 | FW8: 0.3087186 | FX8: 1.051613 | FY8: 2.514406 | FZ8: 0.028855065 | GA8: 0.0021005697 | GB8: 0.023431008 | GC8: 0.036403137 | GD8: 4.1128052 | GE8: 0.4260195 | GF8: 2.8351614 | GG8: 5.0616562 | GH8: 55.845475 | GI8: 27.457492 | GJ8: 5.2942625 | GK8: 98.522531 | GL8: 0.34061189 | GM8: 0.033043747 | GN8: 0.23001823 | GO8: 0.40351825 | GP8: 3.0888559 | GQ8: 0.79107395 | GR8: 1.4282196 | GS8: 6.4762374 | GT8: 348.3802 | GU8: 25.162638 | GV8: 274.7016 | GW8: 426.78488 | GX8: 0.61867135 | GY8: 0.093463735 | GZ8: 0.38033061 | HA8: 0.82146813 | HB8: 0.75678921 | HC8: 0.084470119 | HD8: 0.58214253 | HE8: 1.0352173 | HF8: 1.3754606 | HG8: 0.10359798 | HH8: 1.0330256 | HI8: 1.6197449 | HJ8: 0.55583293 | HK8: 0.048965225 | HL8: 0.39754064 | HM8: 0.66176188 | HN8: 1.6781694 | HO8: 0.12075572 | HP8: 1.205211 | HQ8: 2.033642 | HR8: 0.16999373 | HS8: 0.015781443 | HT8: 0.11958353 | HU8: 0.2000211 | HV8: 0.21977102 | HW8: 0.020007759 | HX8: 0.15820511 | HY8: 0.25861919 | HZ8: -0.34108456 | IA8: 0.19888571 | IB8: -0.832901 | IC8: 0.1326346 | ID8: 3.7392472 | IE8: 0.31253825 | IF8: 2.8464453 | IG8: 4.6635322 | IH8: 0.77362371 | II8: 0.12228249 | IJ8: 0.46424343 | IK8: 1.0233119 | IL8: 0.90454565 | IM8: 0.12578056 | IN8: 0.63709481 | IO8: 1.3206118 | IP8: 1.5780401 | IQ8: 0.097691608 | IR8: 1.129895 | IS8: 1.780892 | IT8: 1.4545387 | IU8: 0.14028447 | IV8: 1.008977 | IW8: 1.718021 | IX8: 0.027338087 | IY8: 0.0018797214 | IZ8: 0.022395904 | JA8: 0.035703077 | JB8: 3.9644171 | JC8: 0.38513696 | JD8: 2.7726275 | JE8: 4.9012732 | JF8: 82.548828 | JG8: 11.907984 | JH8: 45.933909 | JI8: 99.532135 | JJ8: 0.3403224 | JK8: 0.032896172 | JL8: 0.22988619 | JM8: 0.39913238 | JN8: 4.8172233 | JO8: 0.99068819 | JP8: 2.5609456 | JQ8: 8.6924403 | JR8: 367.48994 | JS8: 24.895495 | JT8: 280.08791 | JU8: 446.51023 | JV8: 0.20079055 | JW8: 0.067054046 | JX8: 0.083396123 | JY8: 0.34957809 | JZ8: 0.20976807 | KA8: 0.055971881 | KB8: 0.087086211 | KC8: 0.39250553 | KD8: 0.41055862 | KE8: 0.10163382 | KF8: 0.208398 | KG8: 0.694333 | KH8: 0.26764411 | KI8: 0.088236829 | KJ8: 0.106591 | KK8: 0.51204733 | KL8: 0.41055862 | KM8: 0.10163382 | KN8: 0.208398 | KO8: 0.694333 | KP8: 0.084014194 | KQ8: 0.022646279 | KR8: 0.046586717 | KS8: 0.1478228 | KT8: 0.10312132 | KU8: 0.026213425 | KV8: 0.053612045 | KW8: 0.17214695 | KX8: -0.14439446 | KY8: 0.53661153 | KZ8: -1.5728449 | LA8: 1.0341866 | LB8: 2.6639994 | LC8: 0.63679288 | LD8: 1.7449939 | LE8: 5.3324102 | LF8: 1.7309317 | LG8: 0.54512658 | LH8: 0.52854 | LI8: 4.19934 | LJ8: 0.019132308 | LK8: 0.0057489387 | LL8: 0.010513622 | LM8: 0.037360848 | LN8: 100 | LO8: 0 | LP8: 100 | LQ8: 100 | LR8: 0.18049955 | LS8: 0.056576886 | LT8: 0.083356904 | LU8: 0.35368477 | LV8: 17.071165 | LW8: 5.1611189 | LX8: 4.3343653 | LY8: 28.018576 | LZ8: 6.2573844 | MA8: 1.8451879 | MB8: 2.3813266 | MC8: 18.920044 | MD8: 0.19731797 | ME8: 0.06602322 | MF8: 0.081387687 | MG8: 0.34623782 | MH8: 0.20488036 | MI8: 0.053326273 | MJ8: 0.085958065 | MK8: 0.34826577 | ML8: 0.40219833 | MM8: 0.098657173 | MN8: 0.207496 | MO8: 0.643731 | MP8: 0.26214073 | MQ8: 0.087702118 | MR8: 0.104999 | MS8: 0.48506667 | MT8: 0.40219833 | MU8: 0.098657173 | MV8: 0.207496 | MW8: 0.643731 | MX8: 0.082622353 | MY8: 0.022248005 | MZ8: 0.046085899 | NA8: 0.14092653 | NB8: 0.10132358 | NC8: 0.025671483 | ND8: 0.054197448 | NE8: 0.16440541 | NF8: -0.14087862 | NG8: 0.5359996 | NH8: -1.4929791 | NI8: 1.0142615 | NJ8: 2.6515076 | NK8: 0.63368568 | NL8: 1.7252983 | NM8: 5.3549921 | NN8: 1.7305232 | NO8: 0.5286632 | NP8: 0.5106 | NQ8: 4.19796 | NR8: 0.018768506 | NS8: 0.0056399338 | NT8: 0.010253712 | NU8: 0.03559454 | NV8: 100 | NW8: 0 | NX8: 100 | NY8: 100 | NZ8: 0.17770378 | OA8: 0.05585584 | OB8: 0.080618495 | OC8: 0.3450687 | OD8: 17.150398 | OE8: 5.1592045 | OF8: 4.3343653 | OG8: 28.018576 | OH8: 6.2205839 | OI8: 1.7304497 | OJ8: 2.3821094 | OK8: 19.584802 | OL8: 0.23297764 | OM8: -0.45146753 | ON8: 4.8755334 | OO8: 1.481369 | OP8: 1.677249 | OQ8: 3.158618 | OR8: 0.17501856 | OS8: 1.1867853e-05 | OT8: 0.00027935534 | OU8: 1.1867853e-05 | OV8: 0.00018836098 | OW8: 0.00024594102 | OX8: 3.3414318e-05 | OY8: 0.50633117 | OZ8: 0.23758412 | PA8: 0.33219024 | PB8: 10.150504 | PC8: 87.08296 | PD8: 0.22373667 | PE8: -0.3388668 | PF8: 3.767997 | PG8: 1.154637 | PH8: 1.264205 | PI8: 2.418842 | PJ8: 0.17193864 | PK8: 1.0725028e-05 | PL8: 0.0002769008 | PM8: 1.0725028e-05 | PN8: 0.00018848721 | PO8: 0.00024543779 | PP8: 3.146301e-05 | PQ8: 0.50693196 | PR8: 0.214942 | PS8: 0.30170178 | PT8: 10.070962 | PU8: 87.080891 | PV8: 0.73646511 | PW8: 0.2937687 | PX8: 0.36207789 | PY8: 11.020413 | PZ8: 89.26518 | QA8: 0.73622691 | QB8: 0.27170424 | QC8: 0.3251212 | QD8: 10.990724 | QE8: 89.276755 | QF8: 1.4338371e-05 | QG8: 0.00026495892 | QH8: 0.00036466908 | QI8: 3.8087665e-05 | QJ8: 1.314276e-05 | QK8: 0.00026477377 | QL8: 0.00036394223 | QM8: 3.6092604e-05 | QN8: ***** | QO8: 89.972666 | QP8: 108.26383 | QQ8: 121.75654 | QR8: ***** | QS8: 89.965291 | QT8: 108.26238 | QU8: 81.252814
A9: C45_5x5\C45_5x5\C45_B\C45_5x5 --- C45_B_x10_fusion_red_5x5.mnt | B9: -1.0911732e-11 | C9: 3.631367e-13 | D9: 0.0011940588 | E9: 0.066594963 | F9: 0.60300731 | G9: 0.0036679749 | H9: 0.20457004 | I9: 1.8523507 | J9: 32.552431 | K9: 32.553625 | L9: 32.553625 | M9: 32.553625 | N9: 32.48703 | O9: 32.553625 | P9: 31.950618 | Q9: 32.553625 | R9: 1.1358451 | S9: 0.19232658 | T9: 0.69004639 | U9: 1.529195 | V9: 1.6612267 | W9: 0.19555271 | X9: 1.0221995 | Y9: 2.1279242 | Z9: 2.7970717 | AA9: 0.25473203 | AB9: 2.002817 | AC9: 3.137955 | AD9: 0.77998371 | AE9: 0.072543597 | AF9: 0.58833541 | AG9: 0.90730492 | AH9: 2.7970717 | AI9: 0.25473203 | AJ9: 2.002817 | AK9: 3.137955 | AL9: 0.23773439 | AM9: 0.02410296 | AN9: 0.17732249 | AO9: 0.30743099 | AP9: 0.31339902 | AQ9: 0.031328557 | AR9: 0.23353726 | AS9: 0.39582852 | AT9: -0.47845431 | AU9: 0.1918367 | AV9: -1.0087006 | AW9: 0.0077275668 | AX9: 4.6611835 | AY9: 0.58510874 | AZ9: 3.2125797 | BA9: 6.4882817 | BB9: 0.032484945 | BC9: 0.0038392895 | BD9: 0.024680558 | BE9: 0.048000465 | BF9: 5.2066963 | BG9: 0.55934105 | BH9: 3.5584683 | BI9: 6.5196321 | BJ9: 35.951669 | BK9: 23.102557 | BL9: 3.6267138 | BM9: 89.568075 | BN9: 0.47221956 | BO9: 0.051228072 | BP9: 0.34097698 | BQ9: 0.62000485 | BR9: 311.87098 | BS9: 34.707959 | BT9: 208.33132 | BU9: 405.17723 | BV9: 0.86428554 | BW9: 0.15529348 | BX9: 0.49064036 | BY9: 1.1858003 | BZ9: 1.1131897 | CA9: 0.14705988 | CB9: 0.80016664 | CC9: 1.4638176 | CD9: 1.9774752 | CE9: 0.056696823 | CF9: 1.59941 | CG9: 2.055009 | CH9: 0.7212999 | CI9: 0.057459095 | CJ9: 0.55529507 | CK9: 0.84379457 | CL9: 1.9774752 | CM9: 0.056696823 | CN9: 1.59941 | CO9: 2.055009 | CP9: 0.23333002 | CQ9: 0.022853542 | CR9: 0.17644602 | CS9: 0.30019691 | CT9: 0.30083662 | CU9: 0.027506393 | CV9: 0.22964381 | CW9: 0.37682923 | CX9: -0.32864486 | CY9: 0.19062078 | CZ9: -0.90218247 | DA9: 0.15005253 | DB9: 3.5912676 | DC9: 0.33032744 | DD9: 2.9562171 | DE9: 4.6501391 | DF9: 0.030233181 | DG9: 0.0035282002 | DH9: 0.022775073 | DI9: 0.043615775 | DJ9: 4.9994561 | DK9: 0.4989571 | DL9: 3.4487958 | DM9: 6.1885866 | DN9: 66.980339 | DO9: 17.092903 | DP9: 24.445567 | DQ9: 97.478992 | DR9: 0.47188329 | DS9: 0.05104393 | DT9: 0.34068827 | DU9: 0.62003047 | DV9: 335.01038 | DW9: 36.896321 | DX9: 229.27485 | DY9: 439.07652 | DZ9: 0.84696012 | EA9: 0.12527691 | EB9: 0.55879678 | EC9: 1.1165895 | ED9: 1.1949619 | EE9: 0.14356035 | EF9: 0.81356767 | EG9: 1.5748659 | EH9: 2.041922 | EI9: 0.22934373 | EJ9: 1.4859154 | EK9: 2.5629767 | EL9: 0.74129639 | EM9: 0.072163504 | EN9: 0.54226021 | EO9: 0.89283012 | EP9: 2.7342098 | EQ9: 0.27724481 | ER9: 1.957683 | ES9: 3.259687 | ET9: 0.21281834 | EU9: 0.020939321 | EV9: 0.1456207 | EW9: 0.2640164 | EX9: 0.2838575 | EY9: 0.029314398 | EZ9: 0.20268277 | FA9: 0.35692017 | FB9: -0.51748797 | FC9: 0.18498362 | FD9: -1.028963 | FE9: -0.0504046 | FF9: 4.8614609 | FG9: 0.56990732 | FH9: 3.5688782 | FI9: 7.745735 | FJ9: 1.1323824 | FK9: 0.18611676 | FL9: 0.66935216 | FM9: 1.5660571 | FN9: 1.6018274 | FO9: 0.197902 | FP9: 0.93227913 | FQ9: 2.1195833 | FR9: 2.5879846 | FS9: 0.29797985 | FT9: 1.882485 | FU9: 3.138685 | FV9: 2.2332446 | FW9: 0.37656847 | FX9: 1.373546 | FY9: 3.104099 | FZ9: 0.027837863 | GA9: 0.0020522924 | GB9: 0.022471093 | GC9: 0.034821132 | GD9: 5.2232127 | GE9: 0.57087196 | GF9: 3.5956215 | GG9: 6.54815 | GH9: 35.330689 | GI9: 24.019207 | GJ9: 2.8318148 | GK9: 93.006649 | GL9: 0.41070382 | GM9: 0.037865879 | GN9: 0.27565549 | GO9: 0.4993577 | GP9: 2.9945275 | GQ9: 0.69041527 | GR9: 1.2065994 | GS9: 5.0717102 | GT9: 361.20678 | GU9: 27.079915 | GV9: 287.18193 | GW9: 445.01618 | GX9: 0.73990731 | GY9: 0.097203127 | GZ9: 0.48398413 | HA9: 0.94357811 | HB9: 0.96263246 | HC9: 0.091642932 | HD9: 0.75407065 | HE9: 1.2268594 | HF9: 1.7025398 | HG9: 0.11019838 | HH9: 1.3120094 | HI9: 1.9117121 | HJ9: 0.68926344 | HK9: 0.057733911 | HL9: 0.49993539 | HM9: 0.82117934 | HN9: 2.0451518 | HO9: 0.11031048 | HP9: 1.629623 | HQ9: 2.404608 | HR9: 0.20824429 | HS9: 0.018941405 | HT9: 0.14418695 | HU9: 0.2523839 | HV9: 0.27150736 | HW9: 0.024229832 | HX9: 0.1957262 | HY9: 0.32781792 | HZ9: -0.39305192 | IA9: 0.17796789 | IB9: -0.9285268 | IC9: 0.0044999545 | ID9: 3.9046961 | IE9: 0.37050717 | IF9: 3.0845275 | IG9: 5.2583516 | IH9: 0.9169856 | II9: 0.12410188 | IJ9: 0.58801106 | IK9: 1.1967375 | IL9: 1.1281662 | IM9: 0.13620142 | IN9: 0.83141744 | IO9: 1.5344953 | IP9: 1.9415045 | IQ9: 0.084176173 | IR9: 1.56431 | IS9: 2.147659 | IT9: 1.8063755 | IU9: 0.14618572 | IV9: 1.373546 | IW9: 2.147659 | IX9: 0.026229135 | IY9: 0.0019349895 | IZ9: 0.021368769 | JA9: 0.032568 | JB9: 5.0219326 | JC9: 0.51305946 | JD9: 3.4880671 | JE9: 6.2628054 | JF9: 63.642033 | JG9: 17.235594 | JH9: 22.416905 | JI9: 96.601822 | JJ9: 0.4103739 | JK9: 0.03763859 | JL9: 0.27554532 | JM9: 0.49802689 | JN9: 4.9366581 | JO9: 1.0796562 | JP9: 2.5609456 | JQ9: 8.3230731 | JR9: 383.35919 | JS9: 28.698133 | JT9: 307.04987 | JU9: 467.97267 | JV9: 0.21981859 | JW9: 0.075365984 | JX9: 0.084356164 | JY9: 0.47306473 | JZ9: 0.23830957 | KA9: 0.066073699 | KB9: 0.11317836 | KC9: 0.41495782 | KD9: 0.45812816 | KE9: 0.12057246 | KF9: 0.238076 | KG9: 0.804912 | KH9: 0.2889048 | KI9: 0.10990308 | KJ9: 0.090653 | KK9: 0.57870367 | KL9: 0.45812816 | KM9: 0.12057246 | KN9: 0.238076 | KO9: 0.804912 | KP9: 0.091345112 | KQ9: 0.028226916 | KR9: 0.047123201 | KS9: 0.17126787 | KT9: 0.11261923 | KU9: 0.031655391 | KV9: 0.059376216 | KW9: 0.19412337 | KX9: -0.21395593 | KY9: 0.52886159 | KZ9: -1.8510382 | LA9: 1.1418733 | LB9: 2.7644515 | LC9: 0.78873502 | LD9: 1.7324694 | LE9: 6.4020233 | LF9: 1.5917373 | LG9: 0.42369768 | LH9: 0.69966 | LI9: 3.77292 | LJ9: 0.021485388 | LK9: 0.0071034016 | LL9: 0.010462795 | LM9: 0.043264863 | LN9: 100 | LO9: 0 | LP9: 100 | LQ9: 100 | LR9: 0.19507655 | LS9: 0.071144783 | LT9: 0.073259462 | LU9: 0.3953856 | LV9: 15.715439 | LW9: 5.484235 | LX9: 1.9681557 | LY9: 30.561698 | LZ9: 6.6385101 | MA9: 1.5062543 | MB9: 2.650467 | MC9: 14.292656 | MD9: 0.21535844 | ME9: 0.073473256 | MF9: 0.084054655 | MG9: 0.44140588 | MH9: 0.23286038 | MI9: 0.064009607 | MJ9: 0.10248773 | MK9: 0.38042773 | ML9: 0.44821882 | MM9: 0.11686309 | MN9: 0.237126 | MO9: 0.755757 | MP9: 0.28484577 | MQ9: 0.1089132 | MR9: 0.085248 | MS9: 0.55939667 | MT9: 0.44821882 | MU9: 0.11686309 | MV9: 0.237126 | MW9: 0.755757 | MX9: 0.089725459 | MY9: 0.027768321 | MZ9: 0.04713623 | NA9: 0.16976231 | NB9: 0.11052551 | NC9: 0.031035111 | ND9: 0.059451173 | NE9: 0.19190826 | NF9: -0.21470024 | NG9: 0.53517118 | NH9: -1.8025243 | NI9: 1.1865287 | NJ9: 2.7596546 | NK9: 0.80258602 | NL9: 1.7224379 | NM9: 6.242727 | NN9: 1.6424625 | NO9: 0.4866673 | NP9: 0.64308 | NQ9: 3.87366 | NR9: 0.021014887 | NS9: 0.0069886979 | NT9: 0.010592136 | NU9: 0.041956141 | NV9: 100 | NW9: 0 | NX9: 100 | NY9: 100 | NZ9: 0.19149272 | OA9: 0.070269862 | OB9: 0.071349629 | OC9: 0.39332088 | OD9: 15.723325 | OE9: 5.5564426 | OF9: 2.0787262 | OG9: 30.473242 | OH9: 6.506734 | OI9: 1.6065846 | OJ9: 2.5815379 | OK9: 15.550165 | OL9: 0.2883579 | OM9: -0.54732557 | ON9: 5.3335169 | OO9: 1.605846 | OP9: 2.185173 | OQ9: 3.791019 | OR9: 0.21381709 | OS9: 1.4927686e-05 | OT9: 0.00034430825 | OU9: 1.4927686e-05 | OV9: 0.0002259606 | OW9: 0.0003020024 | OX9: 4.2305856e-05 | OY9: 0.60835221 | OZ9: 0.29978046 | PA9: 0.43165107 | PB9: 10.740145 | PC9: 87.229691 | PD9: 0.27546599 | PE9: -0.36195088 | PF9: 3.9145147 | PG9: 1.274342 | PH9: 1.525321 | PI9: 2.799663 | PJ9: 0.20973534 | PK9: 1.3581619e-05 | PL9: 0.00034131802 | PM9: 1.3581619e-05 | PN9: 0.00022613284 | PO9: 0.00030178316 | PP9: 3.9534866e-05 | PQ9: 0.60889394 | PR9: 0.27450639 | PS9: 0.38824797 | PT9: 10.706469 | PU9: 87.237646 | PV9: 0.85460909 | PW9: 0.33419145 | PX9: 0.46457402 | PY9: 10.864009 | PZ9: 89.210317 | QA9: 0.85475435 | QB9: 0.30890102 | QC9: 0.41266794 | QD9: 10.829956 | QE9: 89.226131 | QF9: 1.6380332e-05 | QG9: 0.00030626737 | QH9: 0.00041974563 | QI9: 4.6880143e-05 | QJ9: 1.504595e-05 | QK9: 0.00030610452 | QL9: 0.00041915648 | QM9: 4.4047766e-05 | QN9: 39.596826 | QO9: 92.022694 | QP9: 107.78613 | QQ9: 101.97997 | QR9: 37.585907 | QS9: 92.022183 | QT9: 101.9806 | QU9: 108.25042
A10: C45_5x5\C45_5x5\C45_B\C45_5x5 --- C45_B_x10_FV_blue_5x5.mnt | B10: -1.0279111e-11 | C10: -1.200407e-11 | D10: 0.84499941 | E10: 0.88337117 | F10: 1.2028514 | G10: 2.8772664 | H10: 3.0079242 | I10: 4.0957708 | J10: 28.523134 | K10: 29.368133 | L10: 29.368133 | M10: 29.368133 | N10: 28.484762 | O10: 29.368133 | P10: 28.165282 | Q10: 29.368133 | R10: 1.069545 | S10: 0.16906797 | T10: 0.70637043 | U10: 1.4885547 | V10: 1.9877507 | W10: 0.56213133 | X10: 1.102071 | Y10: 2.9658009 | Z10: 3.0572957 | AA10: 0.69879572 | AB10: 1.870072 | AC10: 4.194973 | AD10: 0.91180015 | AE10: 0.19867689 | AF10: 0.57714223 | AG10: 1.4912793 | AH10: 3.0572957 | AI10: 0.69879572 | AJ10: 1.870072 | AK10: 4.194973 | AL10: 0.42547487 | AM10: 0.12129092 | AN10: 0.25992255 | AO10: 0.7017341 | AP10: 0.52302724 | AQ10: 0.14552134 | AR10: 0.32723004 | AS10: 0.85002292 | AT10: -0.50057203 | AU10: 0.22178913 | AV10: -1.125815 | AW10: -0.04164787 | AX10: 3.0206633 | AY10: 0.44028181 | AZ10: 2.3538936 | BA10: 4.7035452 | BB10: 0.14805499 | BC10: 0.076418902 | BD10: 0.068912658 | BE10: 0.70242 | BF10: 2.1264386 | BG10: 0.38559594 | BH10: 0.38543744 | BI10: 3.6112518 | BJ10: 51.112377 | BK10: 10.786919 | BL10: 25.695979 | BM10: 78.899691 | BN10: 0.92209085 | BO10: 0.27145916 | BP10: 0.54460997 | BQ10: 1.562382 | BR10: 77.556757 | BS10: 24.941255 | BT10: 14.236497 | BU10: 145.11122 | BV10: 1.0054262 | BW10: 0.13751222 | BX10: 0.65091664 | BY10: 1.3499539 | BZ10: 1.6639473 | CA10: 0.26803621 | CB10: 1.102071 | CC10: 2.0587806 | CD10: 2.6693735 | CE10: 0.34095701 | CF10: 1.870072 | CG10: 3.030662 | CH10: 0.87005758 | CI10: 0.15504429 | CJ10: 0.57714223 | CK10: 1.3191549 | CL10: 2.6693735 | CM10: 0.34095701 | CN10: 1.870072 | CO10: 3.030662 | CP10: 0.42223621 | CQ10: 0.11716529 | CR10: 0.25992255 | CS10: 0.68970022 | CT10: 0.51566865 | CU10: 0.13640614 | CV10: 0.32723004 | CW10: 0.82717852 | CX10: -0.45907894 | CY10: 0.18384138 | CZ10: -1.1988897 | DA10: -0.04164787 | DB10: 2.8137356 | DC10: 0.37389646 | DD10: 2.2369909 | DE10: 4.7633706 | DF10: 0.14128629 | DG10: 0.067152872 | DH10: 0.068912658 | DI10: 0.69851 | DJ10: 2.0923735 | DK10: 0.35416569 | DL10: 0.38208481 | DM10: 3.4175156 | DN10: 54.951643 | DO10: 9.1697589 | DP10: 36.478317 | DQ10: 81.285904 | DR10: 0.92180187 | DS10: 0.27167022 | DT10: 0.54460997 | DU10: 1.5625141 | DV10: 79.744994 | DW10: 23.887878 | DX10: 14.316187 | DY10: 145.11122 | DZ10: 0.5784224 | EA10: 0.12431787 | EB10: 0.1828187 | EC10: 1.1267986 | ED10: 0.95222549 | EE10: 0.19254052 | EF10: 0.42227433 | EG10: 1.6097687 | EH10: 1.5306479 | EI10: 0.29976382 | EJ10: 0.63301329 | EK10: 2.7365673 | EL10: 0.67223261 | EM10: 0.10643532 | EN10: 0.44257713 | EO10: 1.0380032 | EP10: 2.1240286 | EQ10: 0.517955 | ER10: 1.254927 | ES10: 3.698473 | ET10: 0.21798559 | EU10: 0.037500052 | EV10: 0.10522352 | EW10: 0.33615111 | EX10: 0.27799825 | EY10: 0.048487303 | EZ10: 0.13978039 | FA10: 0.44305263 | FB10: -0.6841652 | FC10: 0.18686978 | FD10: -1.3152068 | FE10: -0.22266646 | FF10: 3.7857787 | FG10: 0.68601902 | FH10: 2.7509694 | FI10: 6.8882359 | FJ10: 0.7907867 | FK10: 0.25253256 | FL10: 0.28976084 | FM10: 1.8596407 | FN10: 1.3332419 | FO10: 0.32793737 | FP10: 0.77558559 | FQ10: 2.5414366 | FR10: 2.0042133 | FS10: 0.46681053 | FT10: 1.182411 | FU10: 3.464682 | FV10: 1.8032061 | FW10: 0.50519451 | FX10: 0.935239 | FY10: 3.077146 | FZ10: 0.063537341 | GA10: 0.028849479 | GB10: 0.049803214 | GC10: 0.395715 | GD10: 2.1197223 | GE10: 0.40040814 | GF10: 0.28799032 | GG10: 3.6365332 | GH10: 75.453386 | GI10: 24.473251 | GJ10: 0.22162029 | GK10: 99.729131 | GL10: 0.44382856 | GM10: 0.077567772 | GN10: 0.17867149 | GO10: 0.66532288 | GP10: 5.4600562 | GQ10: 1.9435149 | GR10: 1.6990889 | GS10: 13.371091 | GT10: 164.87391 | GU10: 20.404277 | GV10: 25.270713 | GW10: 200.79025 | GX10: 0.56915388 | GY10: 0.11901926 | GZ10: 0.18066415 | HA10: 1.1002718 | HB10: 0.88732813 | HC10: 0.13041745 | HD10: 0.43080314 | HE10: 1.1554961 | HF10: 1.456482 | HG10: 0.22544422 | HH10: 0.63920571 | HI10: 2.2281849 | HJ10: 0.65438584 | HK10: 0.089706652 | HL10: 0.44154958 | HM10: 0.94458035 | HN10: 1.9572531 | HO10: 0.35096526 | HP10: 1.247417 | HQ10: 3.301214 | HR10: 0.21580288 | HS10: 0.035125808 | HT10: 0.1080078 | HU10: 0.32114228 | HV10: 0.27277903 | HW10: 0.042988998 | HX10: 0.14295553 | HY10: 0.41018185 | HZ10: -0.63456144 | IA10: 0.17662014 | IB10: -1.331242 | IC10: -0.22266646 | ID10: 3.5479336 | IE10: 0.57501572 | IF10: 2.6774311 | IG10: 6.842782 | IH10: 0.77082092 | II10: 0.23583734 | IJ10: 0.28316815 | IK10: 1.8331118 | IL10: 1.1864322 | IM10: 0.19622033 | IN10: 0.77558559 | IO10: 1.7702214 | IP10: 1.8294673 | IQ10: 0.29724346 | IR10: 1.182411 | IS10: 2.77212 | IT10: 1.5888105 | IU10: 0.33066116 | IV10: 0.935239 | IW10: 2.77212 | IX10: 0.062709111 | IY10: 0.02882953 | IZ10: 0.049803214 | JA10: 0.395255 | JB10: 2.0873014 | JC10: 0.37005302 | JD10: 0.28887256 | JE10: 3.4317895 | JF10: 77.185257 | JG10: 22.766522 | JH10: 0.22162029 | JI10: 99.729131 | JJ10: 0.44343151 | JK10: 0.076994174 | JL10: 0.17385667 | JM10: 0.63383113 | JN10: 6.1301086 | JO10: 1.6304647 | JP10: 2.3147008 | JQ10: 13.395715 | JR10: 167.04054 | JS10: 20.174423 | JT10: 25.300123 | JU10: 200.79025 | JV10: 0.58415621 | JW10: 0.14453343 | JX10: 0.29653013 | JY10: 0.88775649 | JZ10: 0.92753183 | KA10: 0.34498374 | KB10: 0.37945931 | KC10: 1.8173131 | KD10: 1.511688 | KE10: 0.47739913 | KF10: 0.725152 | KG10: 2.623178 | KH10: 1.0486107 | KI10: 0.41491588 | KJ10: 0.43931933 | KK10: 1.9811157 | KL10: 1.511688 | KM10: 0.47739913 | KN10: 0.725152 | KO10: 2.623178 | KP10: 0.3197954 | KQ10: 0.1086073 | KR10: 0.1580156 | KS10: 0.55987168 | KT10: 0.37427014 | KU10: 0.12240433 | KV10: 0.18248966 | KW10: 0.64188455 | KX10: -0.34888808 | KY10: 0.19513828 | KZ10: -0.87387193 | LA10: 0.20244084 | LB10: 2.339633 | LC10: 0.56361711 | LD10: 1.5923311 | LE10: 3.9323802 | LF10: 1.5257595 | LG10: 0.043043297 | LH10: 1.36666 | LI10: 1.63737 | LJ10: 0.082367529 | LK10: 0.029362377 | LL10: 0.036563047 | LM10: 0.15020084 | LN10: 83.894006 | LO10: 14.008741 | LP10: 59.393717 | LQ10: 100 | LR10: 0.73285539 | LS10: 0.26954781 | LT10: 0.30702061 | LU10: 1.3508977 | LV10: 18.625592 | LW10: 5.465597 | LX10: 7.1365444 | LY10: 30.218636 | LZ10: 6.5594536 | MA10: 0.18950395 | MB10: 6.1073551 | MC10: 7.3171089 | MD10: 0.57704426 | ME10: 0.13716569 | MF10: 0.29653013 | MG10: 0.86510384 | MH10: 0.8891743 | MI10: 0.29339472 | MJ10: 0.38002054 | MK10: 1.4805664 | ML10: 1.4662186 | MM10: 0.41802755 | MN10: 0.725152 | MO10: 2.272035 | MP10: 1.0315693 | MQ10: 0.39194092 | MR10: 0.43931933 | MS10: 1.920815 | MT10: 1.4662186 | MU10: 0.41802755 | MV10: 0.725152 | MW10: 2.272035 | MX10: 0.31673774 | MY10: 0.10471176 | MZ10: 0.1580156 | NA10: 0.54539328 | NB10: 0.36945266 | NC10: 0.11627714 | ND10: 0.18248966 | NE10: 0.62037279 | NF10: -0.3313087 | NG10: 0.18407701 | NH10: -0.95604277 | NI10: 0.20244084 | NJ10: 2.2826105 | NK10: 0.55909397 | NL10: 1.5923406 | NM10: 3.9324817 | NN10: 1.5259801 | NO10: 0.042640926 | NP10: 1.37494 | NQ10: 1.63737 | NR10: 0.081486173 | NS10: 0.028222593 | NT10: 0.036563047 | NU10: 0.14694979 | NV10: 84.224548 | NW10: 13.737883 | NX10: 59.670688 | NY10: 100 | NZ10: 0.72901463 | OA10: 0.26537769 | OB10: 0.30702061 | OC10: 1.3292137 | OD10: 19.311861 | OE10: 5.6505155 | OF10: 7.1365444 | OG10: 30.755634 | OH10: 6.5583941 | OI10: 0.18729413 | OJ10: 6.1073551 | OK10: 7.2730447 | OL10: 0.3072421 | OM10: -0.95140909 | ON10: 5.1999421 | OO10: 1.98789 | OP10: 2.920322 | OQ10: 4.908212 | OR10: 0.23455355 | OS10: 1.0117644e-05 | OT10: 0.0003560666 | OU10: 1.0117644e-05 | OV10: 0.0002607728 | OW10: 0.0003080612 | OX10: 4.8005405e-05 | OY10: 0.68368671 | OZ10: 0.19288426 | PA10: 0.47444521 | PB10: 7.508429 | PC10: 85.610064 | PD10: 0.30015602 | PE10: -0.77216299 | PF10: 4.056084 | PG10: 1.862762 | PH10: 2.069129 | PI10: 3.931891 | PJ10: 0.23271195 | PK10: 9.6858792e-06 | PL10: 0.00035378773 | PM10: 9.6858792e-06 | PN10: 0.0002615322 | PO10: 0.0003074128 | PP10: 4.6374929e-05 | PQ10: 0.68575345 | PR10: 0.18263109 | PS10: 0.45141965 | PT10: 7.2986197 | PU10: 85.601595 | PV10: 1.3742194 | PW10: 0.31252895 | PX10: 0.80676659 | PY10: 7.5122828 | PZ10: 87.750189 | QA10: 1.3736151 | QB10: 0.29369136 | QC10: 0.77087287 | QD10: 7.4998299 | QE10: 87.756543 | QF10: 1.7265377e-05 | QG10: 0.00049225306 | QH10: 0.00060766294 | QI10: 8.2832347e-05 | QJ10: 1.6535163e-05 | QK10: 0.00049205103 | QL10: 0.00060725197 | QM10: 8.0617477e-05 | QN10: ***** | QO10: 89.95947 | QP10: 120.9859 | QQ10: 127.7283 | QR10: ***** | QS10: 89.963232 | QT10: 120.98562 | QU10: 127.72821
A11: C45_5x5\C45_5x5\C45_B\C45_5x5 --- C45_B_x10_FV_green_5x5.mnt | B11: -8.2301586e-12 | C11: -3.2420239e-12 | D11: 0.00092744279 | E11: 0.045343764 | F11: 0.41412892 | G11: 0.0028434428 | H11: 0.13901925 | I11: 1.269676 | J11: 32.615969 | K11: 32.616897 | L11: 32.616897 | M11: 32.616897 | N11: 32.571553 | O11: 32.616897 | P11: 32.202768 | Q11: 32.616897 | R11: 0.63912395 | S11: 0.14812949 | T11: 0.42033724 | U11: 1.312326 | V11: 0.78528019 | W11: 0.12388394 | X11: 0.450285 | Y11: 1.1889902 | Z11: 1.4244041 | AA11: 0.14806427 | AB11: 1.070679 | AC11: 1.768681 | AD11: 0.4447207 | AE11: 0.03959516 | AF11: 0.35551592 | AG11: 0.57215984 | AH11: 1.4244041 | AI11: 0.14806427 | AJ11: 1.070679 | AK11: 1.768681 | AL11: 0.17799929 | AM11: 0.016821149 | AN11: 0.14207951 | AO11: 0.24753156 | AP11: 0.22050819 | AQ11: 0.019000777 | AR11: 0.17215112 | AS11: 0.29555519 | AT11: -0.23167844 | AU11: 0.24676113 | AV11: -0.83984569 | AW11: 0.93691156 | AX11: 2.9804479 | AY11: 0.47064866 | AZ11: 2.287246 | BA11: 5.2922393 | BB11: 0.098361383 | BC11: 0.013911788 | BD11: 0.067369091 | BE11: 0.15236615 | BF11: 1.1717984 | BG11: 0.11084766 | BH11: 0.87848543 | BI11: 1.555509 | BJ11: 90.5581 | BK11: 15.515019 | BL11: 11.134132 | BM11: 99.955811 | BN11: 0.38206249 | BO11: 0.042282053 | BP11: 0.28982459 | BQ11: 0.55330556 | BR11: 103.56745 | BS11: 13.770769 | BT11: 65.631374 | BU11: 148.43602 | BV11: 0.56627565 | BW11: 0.13925304 | BX11: 0.3186811 | BY11: 1.1030518 | BZ11: 0.69512173 | CA11: 0.13695026 | CB11: 0.2661632 | CC11: 1.03663 | CD11: 1.2613974 | CE11: 0.095377474 | CF11: 0.950947 | CG11: 1.386901 | CH11: 0.43190066 | CI11: 0.036152243 | CJ11: 0.3441407 | CK11: 0.52677133 | CL11: 1.2613974 | CM11: 0.095377474 | CN11: 0.950947 | CO11: 1.386901 | CP11: 0.17697989 | CQ11: 0.016453639 | CR11: 0.14193618 | CS11: 0.23879494 | CT11: 0.21831103 | CU11: 0.018087664 | CV11: 0.17188023 | CW11: 0.28081008 | CX11: -0.22953333 | CY11: 0.29085919 | CZ11: -0.97756226 | DA11: 1.2714408 | DB11: 2.8653935 | DC11: 0.46877255 | DD11: 2.1695224 | DE11: 5.2921267 | DF11: 0.095709622 | DG11: 0.013287145 | DH11: 0.065148132 | DI11: 0.1459005 | DJ11: 1.159019 | DK11: 0.10362617 | DL11: 0.8688796 | DM11: 1.4736328 | DN11: 94.228849 | DO11: 10.978804 | DP11: 28.732985 | DQ11: 100 | DR11: 0.381944 | DS11: 0.042203177 | DT11: 0.28979464 | DU11: 0.55317817 | DV11: 106.39861 | DW11: 14.160967 | DX11: 68.539861 | DY11: 153.49634 | DZ11: 0.41628376 | EA11: 0.080231138 | EB11: 0.32317392 | EC11: 0.7813162 | ED11: 0.42507655 | EE11: 0.051350001 | EF11: 0.30438049 | EG11: 0.59857355 | EH11: 0.8413603 | EI11: 0.095816914 | EJ11: 0.67959857 | EK11: 1.2540051 | EL11: 0.36951518 | EM11: 0.037630628 | EN11: 0.29488822 | EO11: 0.48814832 | EP11: 1.1542519 | EQ11: 0.16801883 | ER11: 0.826726 | ES11: 1.722462 | ET11: 0.11641594 | EU11: 0.011216221 | EV11: 0.094390088 | EW11: 0.1540557 | EX11: 0.14801843 | EY11: 0.014736103 | EZ11: 0.11827548 | FA11: 0.19978928 | FB11: -0.021981869 | FC11: 0.26740957 | FD11: -0.49559513 | FE11: 0.8649911 | FF11: 3.4328258 | FG11: 0.45539183 | FH11: 2.6841391 | FI11: 5.6741902 | FJ11: 0.57864052 | FK11: 0.15100747 | FL11: 0.3756667 | FM11: 1.0621761 | FN11: 0.57561135 | FO11: 0.10399036 | FP11: 0.3879637 | FQ11: 0.93228332 | FR11: 1.074082 | FS11: 0.16175854 | FT11: 0.748164 | FU11: 1.50817 | FV11: 0.94523839 | FW11: 0.16530672 | FX11: 0.592656 | FY11: 1.408457 | FZ11: 0.059203399 | GA11: 0.0048861792 | GB11: 0.048663158 | GC11: 0.077117647 | GD11: 1.1608418 | GE11: 0.11195198 | GF11: 0.87089732 | GG11: 1.5383799 | GH11: 95.572479 | GI11: 12.487863 | GJ11: 31.790199 | GK11: 100 | GL11: 0.23860812 | GM11: 0.023373763 | GN11: 0.19301572 | GO11: 0.32088779 | GP11: 7.3154281 | GQ11: 1.1949266 | GR11: 3.9645408 | GS11: 10.34228 | GT11: 170.01916 | GU11: 13.543033 | GV11: 129.67201 | GW11: 205.49427 | GX11: 0.40034756 | GY11: 0.076020919 | GZ11: 0.28402295 | HA11: 0.72324922 | HB11: 0.41137435 | HC11: 0.051721505 | HD11: 0.29348081 | HE11: 0.58788261 | HF11: 0.81172191 | HG11: 0.080726632 | HH11: 0.62893086 | HI11: 1.0983427 | HJ11: 0.36186357 | HK11: 0.033811002 | HL11: 0.29239397 | HM11: 0.45110441 | HN11: 1.0858586 | HO11: 0.1334532 | HP11: 0.759497 | HQ11: 1.514366 | HR11: 0.11560637 | HS11: 0.010598353 | HT11: 0.094390081 | HU11: 0.14906292 | HV11: 0.14627253 | HW11: 0.013690437 | HX11: 0.11827548 | HY11: 0.18965483 | HZ11: -0.034352365 | IA11: 0.2877041 | IB11: -0.61793497 | IC11: 1.0646319 | ID11: 3.3126512 | IE11: 0.40567536 | IF11: 2.6215761 | IG11: 5.0742041 | IH11: 0.54580248 | II11: 0.13089027 | IJ11: 0.34186766 | IK11: 0.99360737 | IL11: 0.54005609 | IM11: 0.097526019 | IN11: 0.3448451 | IO11: 0.83342461 | IP11: 1.015422 | IQ11: 0.12874129 | IR11: 0.747828 | IS11: 1.366103 | IT11: 0.9048592 | IU11: 0.14233356 | IV11: 0.593221 | IW11: 1.366103 | IX11: 0.058591628 | IY11: 0.004579446 | IZ11: 0.048663158 | JA11: 0.0733424 | JB11: 1.1501457 | JC11: 0.10552011 | JD11: 0.86836262 | JE11: 1.4594909 | JF11: 97.683004 | JG11: 7.7798263 | JH11: 44.250185 | JI11: 100 | JJ11: 0.23840959 | JK11: 0.022505918 | JL11: 0.19301572 | JM11: 0.31490495 | JN11: 7.8562164 | JO11: 1.1801583 | JP11: 4.4324058 | JQ11: 11.228761 | JR11: 171.68668 | JS11: 13.040902 | JT11: 136.34678 | JU11: 205.49427 | JV11: 0.23732435 | JW11: 0.058344221 | JX11: 0.12794687 | JY11: 0.52518785 | JZ11: 0.30324035 | KA11: 0.063862143 | KB11: 0.18059271 | KC11: 0.50975138 | KD11: 0.5405647 | KE11: 0.082738304 | KF11: 0.320448 | KG11: 0.773547 | KH11: 0.36902922 | KI11: 0.067124237 | KJ11: 0.17686633 | KK11: 0.55910333 | KL11: 0.5405647 | KM11: 0.082738304 | KN11: 0.320448 | KO11: 0.773547 | KP11: 0.11701655 | KQ11: 0.018311718 | KR11: 0.07696554 | KS11: 0.16984549 | KT11: 0.13889941 | KU11: 0.018979156 | KV11: 0.090507628 | KW11: 0.19304638 | KX11: -0.26589597 | KY11: 0.40402342 | KZ11: -1.4180907 | LA11: 0.66938142 | LB11: 2.4097283 | LC11: 0.76654453 | LD11: 1.6230949 | LE11: 5.5996395 | LF11: 1.532191 | LG11: 0.12520879 | LH11: 0.97382 | LI11: 2.25285 | LJ11: 0.029369399 | LK11: 0.0041571279 | LL11: 0.02193328 | LM11: 0.043164621 | LN11: 100 | LO11: 0 | LP11: 100 | LQ11: 100 | LR11: 0.26405844 | LS11: 0.048155966 | LT11: 0.16911645 | LU11: 0.40002858 | LV11: 19.001193 | LW11: 6.510469 | LX11: 1.12528 | LY11: 30.563062 | LZ11: 6.562928 | MA11: 0.46753587 | MB11: 4.438822 | MC11: 10.268838 | MD11: 0.23513685 | ME11: 0.057112033 | MF11: 0.12785925 | MG11: 0.5016502 | MH11: 0.29905132 | MI11: 0.06373814 | MJ11: 0.17875826 | MK11: 0.50732434 | ML11: 0.53418818 | MM11: 0.077341286 | MN11: 0.317469 | MO11: 0.735889 | MP11: 0.36611793 | MQ11: 0.066232949 | MR11: 0.17686667 | MS11: 0.53679933 | MT11: 0.53418818 | MU11: 0.077341286 | MV11: 0.317469 | MW11: 0.735889 | MX11: 0.11621386 | MY11: 0.018545619 | MZ11: 0.07528706 | NA11: 0.16342619 | NB11: 0.13783971 | NC11: 0.019129696 | ND11: 0.08931441 | NE11: 0.1854502 | NF11: -0.25613868 | NG11: 0.42432914 | NH11: -1.431167 | NI11: 1.1199381 | NJ11: 2.4199181 | NK11: 0.83472112 | NL11: 1.626053 | NM11: 6.6551945 | NN11: 1.5308643 | NO11: 0.12828931 | NP11: 0.97382 | NQ11: 2.25285 | NR11: 0.029142133 | NS11: 0.0040854298 | NT11: 0.021921928 | NU11: 0.041414425 | NV11: 100 | NW11: 0 | NX11: 100 | NY11: 100 | NZ11: 0.26265939 | OA11: 0.048684019 | OB11: 0.15850202 | OC11: 0.38666187 | OD11: 19.117378 | OE11: 6.5365826 | OF11: 0.92933849 | OG11: 30.534688 | OH11: 6.5711188 | OI11: 0.48770096 | OJ11: 4.438822 | OK11: 10.268838 | OL11: 0.16050374 | OM11: -0.060638856 | ON11: 3.7690844 | OO11: 1.394838 | OP11: 1.016782 | OQ11: 2.41162 | OR11: 0.12532097 | OS11: 8.2049971e-06 | OT11: 0.00020418974 | OU11: 8.2049971e-06 | OV11: 0.00013989407 | OW11: 0.00018474793 | OX11: 1.944181e-05 | OY11: 0.39180013 | OZ11: 0.16409754 | PA11: 0.17741081 | PB11: 9.6762124 | PC11: 89.044622 | PD11: 0.15851466 | PE11: -0.060627524 | PF11: 3.4867824 | PG11: 1.184204 | PH11: 0.936723 | PI11: 2.120927 | PJ11: 0.12465317 | PK11: 7.7655602e-06 | PL11: 0.00020394269 | PM11: 7.7655602e-06 | PN11: 0.00014024194 | PO11: 0.00018494106 | PP11: 1.9001621e-05 | PQ11: 0.3928193 | PR11: 0.15499492 | PS11: 0.16931522 | PT11: 9.6249731 | PU11: 89.058144 | PV11: 0.75772895 | PW11: 0.19451962 | PX11: 0.2780421 | PY11: 8.0196155 | PZ11: 89.726211 | QA11: 0.75756712 | QB11: 0.18299465 | QC11: 0.26714878 | QD11: 8.0312734 | QE11: 89.724285 | QF11: 1.0341336e-05 | QG11: 0.00026409155 | QH11: 0.00033700445 | QI11: 3.3263063e-05 | QJ11: 9.8807822e-06 | QK11: 0.00026409038 | QL11: 0.00033700062 | QM11: 3.270151e-05 | QN11: 52.203335 | QO11: 89.991579 | QP11: 68.263569 | QQ11: 84.997951 | QR11: 52.468407 | QS11: 89.990352 | QT11: 68.262983 | QU11: 84.998354
A12: C45_5x5\C45_5x5\C45_B\C45_5x5 --- C45_B_x10_FV_red_5x5.mnt | B12: -1.5191959e-11 | C12: -4.5206127e-12 | D12: 0.00095600879 | E12: 0.04294422 | F12: 0.40334049 | G12: 0.0029310232 | H12: 0.13166249 | I12: 1.2365998 | J12: 32.615941 | K12: 32.616897 | L12: 32.616897 | M12: 32.616897 | N12: 32.573952 | O12: 32.616897 | P12: 32.213556 | Q12: 32.616897 | R12: 0.8357312 | S12: 0.17357334 | T12: 0.61102561 | U12: 1.6623485 | V12: 0.91702321 | W12: 0.13195243 | X12: 0.58391832 | Y12: 1.3266687 | Z12: 1.7527544 | AA12: 0.18132599 | AB12: 1.264287 | AC12: 2.25261 | AD12: 0.55700628 | AE12: 0.056634719 | AF12: 0.46465426 | AG12: 0.81026931 | AH12: 1.7527544 | AI12: 0.18132599 | AJ12: 1.264287 | AK12: 2.25261 | AL12: 0.21951312 | AM12: 0.014978044 | AN12: 0.17348944 | AO12: 0.27233055 | AP12: 0.27263085 | AQ12: 0.019032858 | AR12: 0.21224027 | AS12: 0.33939193 | AT12: -0.22006473 | AU12: 0.25189186 | AV12: -0.74123434 | AW12: 0.8850505 | AX12: 2.915288 | AY12: 0.33699702 | AZ12: 2.2825314 | BA12: 4.7106119 | BB12: 0.1033612 | BC12: 0.012572544 | BD12: 0.07519275 | BE12: 0.15952054 | BF12: 1.3915908 | BG12: 0.14416796 | BH12: 1.044035 | BI12: 1.9440046 | BJ12: 71.115671 | BK12: 18.805117 | BL12: 4.1161039 | BM12: 96.553248 | BN12: 0.46880981 | BO12: 0.033607825 | BP12: 0.37663803 | BQ12: 0.57738031 | BR12: 98.123687 | BS12: 11.500762 | BT12: 62.687852 | BU12: 132.99155 | BV12: 0.72770133 | BW12: 0.18338285 | BX12: 0.38375773 | BY12: 1.3774933 | BZ12: 0.83911263 | CA12: 0.15036566 | CB12: 0.34179535 | CC12: 1.228623 | CD12: 1.566814 | CE12: 0.12156395 | CF12: 1.209608 | CG12: 1.759505 | CH12: 0.54175355 | CI12: 0.050855809 | CJ12: 0.45488137 | CK12: 0.74937677 | CL12: 1.566814 | CM12: 0.12156395 | CN12: 1.209608 | CO12: 1.759505 | CP12: 0.21823416 | CQ12: 0.014426755 | CR12: 0.17345979 | CS12: 0.27095836 | CT12: 0.26999099 | CU12: 0.017566877 | CV12: 0.21216164 | CW12: 0.33561435 | CX12: -0.23013406 | CY12: 0.31270681 | CZ12: -0.92582485 | DA12: 1.2633392 | DB12: 2.8422493 | DC12: 0.35168165 | DD12: 2.2825314 | DE12: 5.0037012 | DF12: 0.10074761 | DG12: 0.012150622 | DH12: 0.07247494 | DI12: 0.14053 | DJ12: 1.3777421 | DK12: 0.13730245 | DL12: 1.0310557 | DM12: 1.8864459 | DN12: 79.372565 | DO12: 17.774506 | DP12: 10.782148 | DQ12: 97.569598 | DR12: 0.46861378 | DS12: 0.033436592 | DT12: 0.37675163 | DU12: 0.57730209 | DV12: 100.66828 | DW12: 11.856016 | DX12: 71.159183 | DY12: 137.97873 | DZ12: 0.55379955 | EA12: 0.11105561 | EB12: 0.4170556 | EC12: 0.96245017 | ED12: 0.46506284 | EE12: 0.046058054 | EF12: 0.33274581 | EG12: 0.59754312 | EH12: 1.0188624 | EI12: 0.12417496 | EJ12: 0.80167143 | EK12: 1.508419 | EL12: 0.45864865 | EM12: 0.052053746 | EN12: 0.38312103 | EO12: 0.67516732 | EP12: 1.3849717 | EQ12: 0.20200192 | ER12: 1.031041 | ES12: 2.064254 | ET12: 0.1443531 | EU12: 0.015444701 | EV12: 0.12068856 | EW12: 0.2087622 | EX12: 0.1832984 | EY12: 0.020576081 | EZ12: 0.15176603 | FA12: 0.26770483 | FB12: 0.23121915 | FC12: 0.26656612 | FD12: -0.29318032 | FE12: 1.0356821 | FF12: 3.4008317 | FG12: 0.40444954 | FH12: 2.6861322 | FI12: 5.1058165 | FJ12: 0.76702711 | FK12: 0.18243611 | FL12: 0.49097346 | FM12: 1.3875616 | FN12: 0.61794454 | FO12: 0.097956752 | FP12: 0.38811066 | FQ12: 0.96020737 | FR12: 1.3070806 | FS12: 0.19801326 | FT12: 0.989049 | FU12: 1.927242 | FV12: 1.1357227 | FW12: 0.21781039 | FX12: 0.692087 | FY12: 1.735189 | FZ12: 0.060993576 | GA12: 0.0048150603 | GB12: 0.050244545 | GC12: 0.078975428 | GD12: 1.3828033 | GE12: 0.14415173 | GF12: 1.0310597 | GG12: 1.9507774 | GH12: 82.782045 | GI12: 23.936649 | GJ12: 7.1657227 | GK12: 99.926127 | GL12: 0.29476575 | GM12: 0.030364721 | GN12: 0.24572154 | GO12: 0.4211239 | GP12: 8.3473447 | GQ12: 1.205957 | GR12: 5.5651317 | GS12: 12.189116 | GT12: 164.94499 | GU12: 12.677718 | GV12: 126.62166 | GW12: 199.02658 | GX12: 0.5307121 | GY12: 0.10883499 | GZ12: 0.37411033 | HA12: 0.93247029 | HB12: 0.45732753 | HC12: 0.047256725 | HD12: 0.33274585 | HE12: 0.59729126 | HF12: 0.98803963 | HG12: 0.10756022 | HH12: 0.77498429 | HI12: 1.4031176 | HJ12: 0.45024709 | HK12: 0.047589675 | HL12: 0.37743913 | HM12: 0.6228663 | HN12: 1.315489 | HO12: 0.16313582 | HP12: 0.964122 | HQ12: 1.772243 | HR12: 0.14335095 | HS12: 0.014650517 | HT12: 0.12035984 | HU12: 0.2023496 | HV12: 0.18128162 | HW12: 0.019318703 | HX12: 0.15176604 | HY12: 0.25683384 | HZ12: 0.20029897 | IA12: 0.29758988 | IB12: -0.30260144 | IC12: 1.1312721 | ID12: 3.3026103 | IE12: 0.39037267 | IF12: 2.5650979 | IG12: 4.8952543 | IH12: 0.71294577 | II12: 0.16191093 | IJ12: 0.44167016 | IK12: 1.2143387 | IL12: 0.60254327 | IM12: 0.098953117 | IN12: 0.38811071 | IO12: 0.96020737 | IP12: 1.2428997 | IQ12: 0.15885067 | IR12: 0.893732 | IS12: 1.674331 | IT12: 1.0982178 | IU12: 0.19026661 | IV12: 0.692099 | IW12: 1.642202 | IX12: 0.060484865 | IY12: 0.0046838303 | IZ12: 0.050119091 | JA12: 0.077863098 | JB12: 1.3708336 | JC12: 0.13856658 | JD12: 1.0271885 | JE12: 1.8786506 | JF12: 87.688733 | JG12: 19.845517 | JH12: 17.941106 | JI12: 100 | JJ12: 0.29425944 | JK12: 0.029168556 | JL12: 0.24572631 | JM12: 0.41790314 | JN12: 8.790667 | JO12: 1.2802111 | JP12: 5.8852499 | JQ12: 12.189116 | JR12: 166.29407 | JS12: 12.527689 | JT12: 128.43054 | JU12: 199.52477 | JV12: 0.27996859 | JW12: 0.049291197 | JX12: 0.18101792 | JY12: 0.60890795 | JZ12: 0.38688089 | KA12: 0.075992816 | KB12: 0.26633908 | KC12: 0.65087346 | KD12: 0.66684948 | KE12: 0.081919008 | KF12: 0.513756 | KG12: 1.015668 | KH12: 0.46377814 | KI12: 0.061369593 | KJ12: 0.31839 | KK12: 0.62931833 | KL12: 0.66684948 | KM12: 0.081919008 | KN12: 0.513756 | KO12: 1.015668 | KP12: 0.14403116 | KQ12: 0.014551052 | KR12: 0.10330076 | KS12: 0.18982292 | KT12: 0.17003807 | KU12: 0.015660064 | KV12: 0.12201875 | KW12: 0.21588432 | KX12: -0.29962782 | KY12: 0.34089103 | KZ12: -1.3648587 | LA12: 0.3664325 | LB12: 2.327635 | LC12: 0.63116562 | LD12: 1.6583052 | LE12: 5.2337051 | LF12: 1.5112652 | LG12: 0.05570309 | LH12: 1.152645 | LI12: 1.7296 | LJ12: 0.037462626 | LK12: 0.0034464404 | LL12: 0.027996797 | LM12: 0.049236591 | LN12: 99.986945 | LO12: 0.17947312 | LP12: 97.519598 | LQ12: 100 | LR12: 0.32682889 | LS12: 0.042262229 | LT12: 0.19685565 | LU12: 0.47396909 | LV12: 19.350378 | LW12: 5.7995571 | LX12: 2.2978347 | LY12: 29.606717 | LZ12: 6.6271346 | MA12: 0.27838665 | MB12: 5.7816836 | MC12: 8.6756981 | MD12: 0.27737573 | ME12: 0.048096442 | MF12: 0.18052969 | MG12: 0.56772931 | MH12: 0.3793388 | MI12: 0.075534674 | MJ12: 0.24276669 | MK12: 0.64364346 | ML12: 0.65671454 | MM12: 0.073012914 | MN12: 0.511795 | MO12: 0.862976 | MP12: 0.46051662 | MQ12: 0.064119727 | MR12: 0.2555286 | MS12: 0.62904167 | MT12: 0.65671454 | MU12: 0.073012914 | MV12: 0.511795 | MW12: 0.862976 | MX12: 0.14304853 | MY12: 0.015566264 | MZ12: 0.090235543 | NA12: 0.18974271 | NB12: 0.1686484 | NC12: 0.016699666 | ND12: 0.12183919 | NE12: 0.21577921 | NF12: -0.28523285 | NG12: 0.35968834 | NH12: -1.425764 | NI12: 1.0410757 | NJ12: 2.3158267 | NK12: 0.65862491 | NL12: 1.6538524 | NM12: 5.918408 | NN12: 1.5081332 | NO12: 0.070557573 | NP12: 0.920736 | NQ12: 1.72684 | NR12: 0.037176517 | NS12: 0.0034755983 | NT12: 0.027927543 | NU12: 0.049210153 | NV12: 100 | NW12: 0 | NX12: 100 | NY12: 100 | NZ12: 0.32530341 | OA12: 0.043711312 | OB12: 0.17967801 | OC12: 0.47389385 | OD12: 19.5931 | OE12: 5.6462386 | OF12: 0 | OG12: 29.474149 | OH12: 6.6498318 | OI12: 0.41722164 | OJ12: 5.7909245 | OK12: 10.860877 | OL12: 0.20022883 | OM12: 0.18916581 | ON12: 3.7153706 | OO12: 1.539996 | OP12: 1.229057 | OQ12: 2.769053 | OR12: 0.15625853 | OS12: 1.1621527e-05 | OT12: 0.00025904201 | OU12: 1.1621527e-05 | OV12: 0.0001740843 | OW12: 0.0002367647 | OX12: 2.2277315e-05 | OY12: 0.48607547 | OZ12: 0.23310832 | PA12: 0.19334782 | PB12: 10.511144 | PC12: 89.477099 | PD12: 0.19788506 | PE12: 0.16660593 | PF12: 3.4769314 | PG12: 1.374423 | PH12: 1.139366 | PI12: 2.513789 | PJ12: 0.15542931 | PK12: 1.1058541e-05 | PL12: 0.00025835783 | PM12: 1.1058541e-05 | PN12: 0.00017436282 | PO12: 0.00023650618 | PP12: 2.185165e-05 | PQ12: 0.48730208 | PR12: 0.22208608 | PS12: 0.18515347 | PT12: 10.431731 | PU12: 89.498987 | PV12: 0.95970686 | PW12: 0.23261155 | PX12: 0.36530104 | PY12: 6.854586 | PZ12: 88.969827 | QA12: 0.95968262 | QB12: 0.21415835 | QC12: 0.35317616 | QD12: 6.8570361 | QE12: 88.975817 | QF12: 1.2728497e-05 | QG12: 0.00033969967 | QH12: 0.00041486533 | QI12: 4.2741214e-05 | QJ12: 1.2099299e-05 | QK12: 0.00033969833 | QL12: 0.00041485567 | QM12: 4.2058842e-05 | QN12: 16.811733 | QO12: 89.997204 | QP12: 0.027951858 | QQ12: 105.74862 | QR12: 16.897912 | QS12: 89.996812 | QT12: 0.026587265 | QU12: 105.74959
A13: C45_5x5\C45_5x5\C45_B\C45_5x5 --- C45_B_x10_int_blue_5x5.mnt | B13: -4.8657537e-12 | C13: 8.9351754e-12 | D13: 0.0017920404 | E13: 0.065884622 | F13: 0.55232742 | G13: 0.0054942087 | H13: 0.20199537 | I13: 1.6933782 | J13: 32.615105 | K13: 32.616897 | L13: 32.616897 | M13: 32.616897 | N13: 32.551012 | O13: 32.616897 | P13: 32.064569 | Q13: 32.616897 | R13: 1.8492472 | S13: 0.23271842 | T13: 1.3445404 | U13: 2.4371675 | V13: 1.5568819 | W13: 0.14734895 | X13: 1.2370854 | Y13: 2.0462954 | Z13: 3.4061291 | AA13: 0.26648733 | AB13: 2.6505782 | AC13: 3.9354594 | AD13: 1.3773664 | AE13: 0.20099416 | AF13: 0.93040824 | AG13: 1.9823803 | AH13: 3.4061291 | AI13: 0.26648733 | AJ13: 2.6505782 | AK13: 3.9354594 | AL13: 0.42248849 | AM13: 0.067216318 | AN13: 0.27783028 | AO13: 0.60894496 | AP13: 0.52618549 | AQ13: 0.074108961 | AR13: 0.35202009 | AS13: 0.72766833 | AT13: 0.11002675 | AU13: 0.163894 | AV13: -0.31519067 | AW13: 0.55143804 | AX13: 2.9637044 | AY13: 0.36941124 | AZ13: 2.2153035 | BA13: 4.6307189 | BB13: 0.044720887 | BC13: 0.0050122158 | BD13: 0.035565263 | BE13: 0.066705 | BF13: 9.0325215 | BG13: 1.9057528 | BH13: 4.5359052 | BI13: 14.667838 | BJ13: 6.92404 | BK13: 4.682975 | BL13: 0.72912064 | BM13: 23.333593 | BN13: 0.89836811 | BO13: 0.16654327 | BP13: 0.55381468 | BQ13: 1.3597556 | BR13: 226.24039 | BS13: 23.868076 | BT13: 149.9138 | BU13: 281.17323 | BV13: 1.5325922 | BW13: 0.14437326 | BX13: 1.0630168 | BY13: 1.8100022 | BZ13: 1.3414391 | CA13: 0.13021667 | CB13: 1.0868721 | CC13: 1.829653 | CD13: 2.8740313 | CE13: 0.094191113 | CF13: 2.5024617 | CG13: 3.0313636 | CH13: 1.3129474 | CI13: 0.16886595 | CJ13: 0.90591073 | CK13: 1.7920912 | CL13: 2.8740313 | CM13: 0.094191113 | CN13: 2.5024617 | CO13: 3.0313636 | CP13: 0.41515029 | CQ13: 0.061515827 | CR13: 0.27674771 | CS13: 0.58374782 | CT13: 0.51334236 | CU13: 0.066201681 | CV13: 0.34928629 | CW13: 0.69007228 | CX13: 0.099847027 | CY13: 0.152791 | CZ13: -0.2677469 | DA13: 0.51024891 | DB13: 2.7644931 | DC13: 0.31901511 | DD13: 2.0797428 | DE13: 4.0103325 | DF13: 0.044124634 | DG13: 0.0048108971 | DH13: 0.034017377 | DI13: 0.064613052 | DJ13: 8.3700903 | DK13: 1.5519136 | DL13: 4.2394619 | DM13: 13.232973 | DN13: 16.289182 | DO13: 7.6715239 | DP13: 4.9049934 | DQ13: 48.093976 | DR13: 0.89079789 | DS13: 0.15773966 | DT13: 0.55345882 | DU13: 1.2929755 | DV13: 229.16601 | DW13: 23.609335 | DX13: 154.76749 | DY13: 293.9674 | DZ13: 1.455629 | EA13: 0.20265968 | EB13: 1.0135578 | EC13: 1.9863537 | ED13: 1.3013012 | EE13: 0.14478517 | EF13: 0.95476408 | EG13: 1.7665508 | EH13: 2.7569303 | EI13: 0.29312638 | EJ13: 2.0090635 | EK13: 3.5120856 | EL13: 1.3362191 | EM13: 0.20363418 | EN13: 0.87578613 | EO13: 1.9098883 | EP13: 3.3788555 | EQ13: 0.32478313 | ER13: 2.5619277 | ES13: 4.1460051 | ET13: 0.39802881 | EU13: 0.066661135 | EV13: 0.24875838 | EW13: 0.57419399 | EX13: 0.49708887 | EY13: 0.075493993 | EZ13: 0.31732068 | FA13: 0.69248787 | FB13: 0.10537105 | FC13: 0.1791911 | FD13: -0.31881221 | FE13: 0.57992433 | FF13: 3.0686876 | FG13: 0.3840404 | FH13: 2.3186391 | FI13: 4.8876449 | FJ13: 1.8201625 | FK13: 0.26026199 | FL13: 1.2704542 | FM13: 2.4579175 | FN13: 1.5586931 | FO13: 0.17762842 | FP13: 1.1841217 | FQ13: 2.1471902 | FR13: 3.2222463 | FS13: 0.32163442 | FT13: 2.4073927 | FU13: 3.9572877 | FV13: 2.7795251 | FW13: 0.4400806 | FX13: 1.3496119 | FY13: 3.7497326 | FZ13: 0.041927789 | GA13: 0.0040447746 | GB13: 0.033087337 | GC13: 0.060113406 | GD13: 8.9079861 | GE13: 1.9170507 | GF13: 4.4476786 | GG13: 14.483543 | GH13: 6.8515569 | GI13: 4.5785491 | GJ13: 0.24624477 | GK13: 23.653978 | GL13: 0.83746027 | GM13: 0.16127738 | GN13: 0.49846801 | GO13: 1.2867297 | GP13: 8.5035705 | GQ13: 1.895665 | GR13: 4.7032751 | GS13: 15.514943 | GT13: 240.63141 | GU13: 22.319557 | GV13: 166.35224 | GW13: 302.23043 | GX13: 1.3163668 | GY13: 0.13671785 | GZ13: 1.0130846 | HA13: 1.7013323 | HB13: 1.2125111 | HC13: 0.12139158 | HD13: 0.8799437 | HE13: 1.619073 | HF13: 2.5288779 | HG13: 0.19648084 | HH13: 1.9347033 | HI13: 2.9455794 | HJ13: 1.2772617 | HK13: 0.17441236 | HL13: 0.86405122 | HM13: 1.804384 | HN13: 2.964934 | HO13: 0.18934571 | HP13: 2.4207241 | HQ13: 3.4220238 | HR13: 0.39097594 | HS13: 0.061291688 | HT13: 0.24796654 | HU13: 0.55087355 | HV13: 0.48486483 | HW13: 0.068026706 | HX13: 0.31495545 | HY13: 0.65627844 | HZ13: 0.085495253 | IA13: 0.15862246 | IB13: -0.26947913 | IC13: 0.52721364 | ID13: 2.8749099 | IE13: 0.31774401 | IF13: 2.1634542 | IG13: 4.0212946 | IH13: 1.5479257 | II13: 0.15100119 | IJ13: 1.2192867 | IK13: 1.9626123 | IL13: 1.4170083 | IM13: 0.14622887 | IN13: 1.0207733 | IO13: 1.9097956 | IP13: 2.818389 | IQ13: 0.17027343 | IR13: 2.3579262 | IS13: 3.1851482 | IT13: 2.5341864 | IU13: 0.29006693 | IV13: 1.349613 | IW13: 3.043907 | IX13: 0.041523763 | IY13: 0.0038044355 | IZ13: 0.032136552 | JA13: 0.055819592 | JB13: 8.2783932 | JC13: 1.5689298 | JD13: 4.2161846 | JE13: 12.921693 | JF13: 14.244285 | JG13: 6.1841234 | JH13: 2.9549372 | JI13: 38.882049 | JJ13: 0.82985169 | JK13: 0.15243227 | JL13: 0.49862973 | JM13: 1.222254 | JN13: 10.03394 | JO13: 2.3519638 | JP13: 5.4420094 | JQ13: 18.542231 | JR13: 242.77999 | JS13: 21.557688 | JT13: 179.14857 | JU13: 311.17215 | JV13: 0.26330206 | JW13: 0.072464186 | JX13: 0.11840635 | JY13: 0.46236877 | JZ13: 0.29371534 | KA13: 0.077564656 | KB13: 0.12861239 | KC13: 0.54664075 | KD13: 0.5570174 | KE13: 0.11644577 | KF13: 0.2496039 | KG13: 0.8671436 | KH13: 0.33133382 | KI13: 0.090145357 | KJ13: 0.1173379 | KK13: 0.6267475 | KL13: 0.5570174 | KM13: 0.11644577 | KN13: 0.2496039 | KO13: 0.8671436 | KP13: 0.11344013 | KQ13: 0.027626456 | KR13: 0.05641434 | KS13: 0.19626635 | KT13: 0.13922884 | KU13: 0.031840151 | KV13: 0.067714094 | KW13: 0.23180248 | KX13: -0.18417074 | KY13: 0.51221708 | KZ13: -1.6198401 | LA13: 1.1296034 | LB13: 2.6458229 | LC13: 0.7618582 | LD13: 1.6405243 | LE13: 5.7468912 | LF13: 1.706578 | LG13: 0.57971453 | LH13: 0.66378 | LI13: 3.54246 | LJ13: 0.026327609 | LK13: 0.0052475643 | LL13: 0.013830542 | LM13: 0.040575173 | LN13: 100 | LO13: 0 | LP13: 100 | LQ13: 100 | LR13: 0.244953 | LS13: 0.073106094 | LT13: 0.11933253 | LU13: 0.49701203 | LV13: 17.111229 | LW13: 6.0460993 | LX13: 1.5248088 | LY13: 31.997557 | LZ13: 6.4685296 | MA13: 2.0270325 | MB13: 2.8228971 | MC13: 15.065233 | MD13: 0.25962622 | ME13: 0.0709068 | MF13: 0.11910612 | MG13: 0.46019008 | MH13: 0.28748195 | MI13: 0.074128753 | MJ13: 0.12795972 | MK13: 0.514426 | ML13: 0.54710818 | MM13: 0.11174331 | MN13: 0.2496039 | MO13: 0.8377422 | MP13: 0.32540823 | MQ13: 0.08828439 | MR13: 0.12527487 | MS13: 0.6517975 | MT13: 0.54710818 | MU13: 0.11174331 | MV13: 0.2496039 | MW13: 0.8377422 | MX13: 0.11091212 | MY13: 0.026600072 | MZ13: 0.056406299 | NA13: 0.18952278 | NB13: 0.13619336 | NC13: 0.030603233 | ND13: 0.067535873 | NE13: 0.22418552 | NF13: -0.17386281 | NG13: 0.5099595 | NH13: -1.5891111 | NI13: 1.1231218 | NJ13: 2.6541753 | NK13: 0.76490334 | NL13: 1.612819 | NM13: 5.855499 | NN13: 1.7090811 | NO13: 0.57479846 | NP13: 0.66516 | NQ13: 3.83502 | NR13: 0.026141578 | NS13: 0.0051787785 | NT13: 0.013793324 | NU13: 0.03968831 | NV13: 100 | NW13: 0 | NX13: 100 | NY13: 100 | NZ13: 0.23966979 | OA13: 0.070802542 | OB13: 0.11707426 | OC13: 0.48819624 | OD13: 17.028575 | OE13: 6.0081933 | OF13: 1.9539803 | OG13: 31.506849 | OH13: 6.4498089 | OI13: 2.0056262 | OJ13: 2.6075483 | OK13: 15.033977 | OL13: 0.50947166 | OM13: 0.13257179 | ON13: 3.07744 | OO13: 2.6190326 | OP13: 2.1149656 | OQ13: 4.7339982 | OR13: 0.40447129 | OS13: 2.6625384e-05 | OT13: 0.00068177423 | OU13: 2.6625384e-05 | OV13: 0.00045432455 | OW13: 0.00062664085 | OX13: 5.513338e-05 | OY13: 1.2863766 | OZ13: 0.53918036 | PA13: 0.45622405 | PB13: 10.696904 | PC13: 90.202107 | PD13: 0.49712111 | PE13: 0.10719935 | PF13: 2.8407419 | PG13: 1.9698388 | PH13: 1.8858286 | PI13: 3.8556674 | PJ13: 0.39808212 | PK13: 2.4379652e-05 | PL13: 0.00067431031 | PM13: 2.4379652e-05 | PN13: 0.00045150987 | PO13: 0.00062138163 | PP13: 5.2928681e-05 | PQ13: 1.2805655 | PR13: 0.49490428 | PS13: 0.42082559 | PT13: 10.628207 | PU13: 90.332786 | PV13: 1.4151133 | PW13: 0.61288964 | PX13: 0.49226349 | PY13: 10.86905 | PZ13: 90.232115 | QA13: 1.4081538 | QB13: 0.55306608 | QC13: 0.4481207 | QD13: 10.761576 | QE13: 90.341247 | QF13: 3.0250264e-05 | QG13: 0.00050101583 | QH13: 0.00069421547 | QI13: 6.0091781e-05 | QJ13: 2.7162948e-05 | QK13: 0.00049744275 | QL13: 0.00068721295 | QM13: 5.7461681e-05 | QN13: 75.103892 | QO13: 136.74595 | QP13: 126.7482 | QQ13: 93.78903 | QR13: 81.977187 | QS13: 136.74692 | QT13: 94.247842 | QU13: 127.75619
A14: C45_5x5\C45_5x5\C45_B\C45_5x5 --- C45_B_x10_int_blue_5x5_pomiar2.mnt | B14: -2.0514848e-11 | C14: 7.3682264e-11 | D14: 0.001780614 | E14: 0.061725412 | F14: 0.55592864 | G14: 0.0054591766 | H14: 0.18924367 | I14: 1.7044192 | J14: 32.615116 | K14: 32.616897 | L14: 32.616897 | M14: 32.616897 | N14: 32.555171 | O14: 32.616897 | P14: 32.060968 | Q14: 32.616897 | R14: 1.8529773 | S14: 0.22379511 | T14: 1.3078336 | U14: 2.404078 | V14: 1.5757344 | W14: 0.15646277 | X14: 1.2389185 | Y14: 2.0925702 | Z14: 3.4287117 | AA14: 0.26721073 | AB14: 2.75536 | AC14: 3.90245 | AD14: 1.3865018 | AE14: 0.20669699 | AF14: 0.90179154 | AG14: 1.9840478 | AH14: 3.4287117 | AI14: 0.26721073 | AJ14: 2.75536 | AK14: 3.90245 | AL14: 0.42414008 | AM14: 0.069229377 | AN14: 0.26727272 | AO14: 0.60019236 | AP14: 0.52794055 | AQ14: 0.076216408 | AR14: 0.34771569 | AS14: 0.72286422 | AT14: 0.11275351 | AU14: 0.16319386 | AV14: -0.28558891 | AW14: 0.5342868 | AX14: 2.9577027 | AY14: 0.37999499 | AZ14: 2.2030825 | BA14: 4.6747219 | BB14: 0.044028431 | BC14: 0.0043973997 | BD14: 0.03346871 | BE14: 0.0618792 | BF14: 9.2166528 | BG14: 1.9184981 | BH14: 4.7847242 | BI14: 14.9654 | BJ14: 6.9624165 | BK14: 4.9705652 | BL14: 0.68493151 | BM14: 24.237738 | BN14: 0.90425859 | BO14: 0.1717639 | BP14: 0.52569154 | BQ14: 1.370761 | BR14: 229.31799 | BS14: 22.253851 | BT14: 161.60519 | BU14: 298.78654 | BV14: 1.5162244 | BW14: 0.14451429 | BX14: 1.1064787 | BY14: 1.8129924 | BZ14: 1.3416252 | CA14: 0.13569038 | CB14: 1.0643675 | CC14: 1.8180068 | CD14: 2.8578496 | CE14: 0.11174017 | CF14: 2.45393 | CG14: 3.04289 | CH14: 1.3193592 | CI14: 0.17564801 | CJ14: 0.89321202 | CK14: 1.7871811 | CL14: 2.8578496 | CM14: 0.11174017 | CN14: 2.45393 | CO14: 3.04289 | CP14: 0.41660105 | CQ14: 0.063612838 | CR14: 0.26727272 | CS14: 0.57196071 | CT14: 0.51466626 | CU14: 0.068429197 | CV14: 0.34771569 | CW14: 0.67921923 | CX14: 0.096311823 | CY14: 0.14756381 | CZ14: -0.22066169 | DA14: 0.49424792 | DB14: 2.7455725 | DC14: 0.33226947 | DD14: 2.0965229 | DE14: 3.9829612 | DF14: 0.043354152 | DG14: 0.0041600137 | DH14: 0.032764105 | DI14: 0.0618792 | DJ14: 8.5075815 | DK14: 1.5515096 | DL14: 4.7847242 | DM14: 12.973946 | DN14: 17.240006 | DO14: 7.571925 | DP14: 4.5072912 | DQ14: 44.940345 | DR14: 0.89648233 | DS14: 0.16266135 | DT14: 0.52569154 | DU14: 1.2948524 | DV14: 232.70269 | DW14: 21.593427 | DX14: 161.60519 | DY14: 305.21206 | DZ14: 1.4674013 | EA14: 0.1978587 | EB14: 1.0328623 | EC14: 1.9914743 | ED14: 1.3104813 | EE14: 0.14676614 | EF14: 0.9218083 | EG14: 1.7921227 | EH14: 2.7778826 | EI14: 0.28800864 | EJ14: 1.98582 | EK14: 3.48887 | EL14: 1.3509689 | EM14: 0.2032915 | EN14: 0.88333107 | EO14: 1.9221009 | EP14: 3.4037359 | EQ14: 0.31940623 | ER14: 2.58072 | ES14: 4.14117 | ET14: 0.4025356 | EU14: 0.066510181 | EV14: 0.25450304 | EW14: 0.57729433 | EX14: 0.5023225 | EY14: 0.075259166 | EZ14: 0.32890336 | FA14: 0.69162581 | FB14: 0.10886563 | FC14: 0.1835071 | FD14: -0.33568369 | FE14: 0.54015178 | FF14: 3.0552019 | FG14: 0.37656653 | FH14: 2.3453436 | FI14: 4.7127851 | FJ14: 1.8298111 | FK14: 0.23649654 | FL14: 1.3032754 | FM14: 2.3689758 | FN14: 1.5739247 | FO14: 0.17758367 | FP14: 1.2093089 | FQ14: 2.0824311 | FR14: 3.2446924 | FS14: 0.31561784 | FT14: 2.38083 | FU14: 3.94561 | FV14: 2.7706909 | FW14: 0.440685 | FX14: 1.41469 | FY14: 3.80152 | FZ14: 0.041817717 | GA14: 0.0039963291 | GB14: 0.0303825 | GC14: 0.056903877 | GD14: 9.0719443 | GE14: 1.9253317 | GF14: 4.6475629 | GG14: 14.752574 | GH14: 6.60639 | GI14: 4.5195775 | GJ14: 0.51711401 | GK14: 23.95266 | GL14: 0.84756919 | GM14: 0.15939405 | GN14: 0.51189611 | GO14: 1.2932658 | GP14: 8.5610351 | GQ14: 1.8514894 | GR14: 4.3810034 | GS14: 14.20893 | GT14: 241.24611 | GU14: 22.399085 | GV14: 175.73495 | GW14: 329.13684 | GX14: 1.320445 | GY14: 0.13655132 | GZ14: 1.0261666 | HA14: 1.7215316 | HB14: 1.2190844 | HC14: 0.12297791 | HD14: 0.88600842 | HE14: 1.6795834 | HF14: 2.5395294 | HG14: 0.19579961 | HH14: 1.9497286 | HI14: 2.9474629 | HJ14: 1.2887875 | HK14: 0.17322513 | HL14: 0.87062323 | HM14: 1.7800178 | HN14: 2.9413911 | HO14: 0.18313361 | HP14: 2.3442 | HQ14: 3.36057 | HR14: 0.39515996 | HS14: 0.061117165 | HT14: 0.25450304 | HU14: 0.54984285 | HV14: 0.48938942 | HW14: 0.067611003 | HX14: 0.32890336 | HY14: 0.65956725 | HZ14: 0.082627983 | IA14: 0.1595222 | IB14: -0.25705748 | IC14: 0.54585377 | ID14: 2.8460955 | IE14: 0.30784626 | IF14: 2.2147677 | IG14: 3.8579012 | IH14: 1.5376069 | II14: 0.15077943 | IJ14: 1.2106847 | IK14: 2.0284059 | IL14: 1.4037842 | IM14: 0.14650045 | IN14: 1.0099999 | IO14: 1.9299563 | IP14: 2.8291444 | IQ14: 0.17470986 | IR14: 2.30006 | IS14: 3.3021 | IT14: 2.5367446 | IU14: 0.29454348 | IV14: 1.41469 | IW14: 3.16293 | IX14: 0.041328402 | IY14: 0.003822236 | IZ14: 0.03021827 | JA14: 0.056903877 | JB14: 8.3986232 | JC14: 1.554872 | JD14: 4.6475629 | JE14: 12.788743 | JF14: 14.996365 | JG14: 6.4971556 | JH14: 3.8414184 | JI14: 38.170369 | JJ14: 0.83972756 | JK14: 0.15140599 | JL14: 0.51189611 | JM14: 1.2334042 | JN14: 10.190536 | JO14: 2.2746318 | JP14: 5.572316 | JQ14: 17.553039 | JR14: 243.97157 | JS14: 21.974368 | JT14: 175.73495 | JU14: 330.92563 | JV14: 0.238987 | JW14: 0.058980318 | JX14: 0.11755504 | JY14: 0.4583501 | JZ14: 0.27528786 | KA14: 0.072127879 | KB14: 0.11466109 | KC14: 0.48420446 | KD14: 0.51427486 | KE14: 0.10516147 | KF14: 0.257331 | KG14: 0.80233 | KH14: 0.3278263 | KI14: 0.094196206 | KJ14: 0.135165 | KK14: 0.67546 | KL14: 0.51427486 | KM14: 0.10516147 | KN14: 0.257331 | KO14: 0.80233 | KP14: 0.10413238 | KQ14: 0.024442063 | KR14: 0.050535716 | KS14: 0.16075052 | KT14: 0.12721291 | KU14: 0.027354737 | KV14: 0.06880842 | KW14: 0.19472872 | KX14: -0.21709513 | KY14: 0.45859538 | KZ14: -1.7217257 | LA14: 1.1872191 | LB14: 2.619945 | LC14: 0.71148134 | LD14: 1.6072743 | LE14: 6.3730874 | LF14: 1.7073717 | LG14: 0.56910407 | LH14: 0.55959 | LI14: 4.2297 | LJ14: 0.026102587 | LK14: 0.0053345595 | LL14: 0.013010363 | LM14: 0.040495151 | LN14: 100 | LO14: 0 | LP14: 100 | LQ14: 100 | LR14: 0.22449309 | LS14: 0.062211597 | LT14: 0.10776659 | LU14: 0.39551859 | LV14: 16.911976 | LW14: 5.9094922 | LX14: 1.7896597 | LY14: 32.876712 | LZ14: 6.4439672 | MA14: 2.0299237 | MB14: 2.3642339 | MC14: 17.870226 | MD14: 0.23636458 | ME14: 0.057050807 | MF14: 0.1111841 | MG14: 0.45807232 | MH14: 0.27012106 | MI14: 0.067872938 | MJ14: 0.11357248 | MK14: 0.45951033 | ML14: 0.50648564 | MM14: 0.099286611 | MN14: 0.240302 | MO14: 0.73086 | MP14: 0.32268672 | MQ14: 0.089197371 | MR14: 0.13779 | MS14: 0.58179 | MT14: 0.50648564 | MU14: 0.099286611 | MV14: 0.240302 | MW14: 0.73086 | MX14: 0.10236885 | MY14: 0.023535009 | MZ14: 0.045070745 | NA14: 0.15974565 | NB14: 0.12492894 | NC14: 0.025998918 | ND14: 0.064180609 | NE14: 0.18760843 | NF14: -0.20779144 | NG14: 0.45188808 | NH14: -1.605218 | NI14: 1.167572 | NJ14: 2.6119034 | NK14: 0.72957432 | NL14: 1.6236511 | NM14: 6.0179646 | NN14: 1.7068719 | NO14: 0.56156453 | NP14: 0.5589 | NQ14: 4.21866 | NR14: 0.0259082 | NS14: 0.0052310231 | NT14: 0.012977642 | NU14: 0.038974835 | NV14: 100 | NW14: 0 | NX14: 100 | NY14: 100 | NZ14: 0.22134795 | OA14: 0.060904265 | OB14: 0.081540114 | OC14: 0.37197215 | OD14: 16.844304 | OE14: 5.9513549 | OF14: 1.9664163 | OG14: 32.677861 | OH14: 6.4258751 | OI14: 1.981 | OJ14: 2.3704209 | OK14: 17.892288 | OL14: 0.5147978 | OM14: 0.13072248 | ON14: 3.0572931 | OO14: 2.51857 | OP14: 2.14535 | OQ14: 4.66392 | OR14: 0.40910456 | OS14: 2.6776158e-05 | OT14: 0.00068935121 | OU14: 2.6776158e-05 | OV14: 0.00046018063 | OW14: 0.00063391937 | OX14: 5.5431837e-05 | OY14: 1.3034038 | OZ14: 0.54154021 | PA14: 0.4574942 | PB14: 10.680002 | PC14: 90.268573 | PD14: 0.50205106 | PE14: 0.10439111 | PF14: 2.8145393 | PG14: 1.99296 | PH14: 1.81304 | PI14: 3.806 | PJ14: 0.40251107 | PK14: 2.4413087e-05 | PL14: 0.00068186817 | PM14: 2.4413087e-05 | PN14: 0.0004572169 | PO14: 0.0006286431 | PP14: 5.3225067e-05 | PQ14: 1.2979424 | PR14: 0.49499707 | PS14: 0.42146049 | PT14: 10.590457 | PU14: 90.395009 | PV14: 1.4350923 | PW14: 0.60236118 | PX14: 0.48720153 | PY14: 10.820957 | PZ14: 90.482581 | QA14: 1.4273216 | QB14: 0.54343338 | QC14: 0.44182756 | QD14: 10.716758 | QE14: 90.594986 | QF14: 2.9727576e-05 | QG14: 0.00050539938 | QH14: 0.00070108062 | QI14: 5.9839374e-05 | QJ14: 2.6683858e-05 | QK14: 0.00050169769 | QL14: 0.00069387231 | QM14: 5.717496e-05 | QN14: 75.01314 | QO14: 136.74155 | QP14: 93.792753 | QQ14: 127.75967 | QR14: 81.630855 | QS14: 136.74439 | QT14: 96.513652 | QU14: 84.737306
A15: C45_5x5\C45_B\C45_5x5 --- C45_B_x10_int_green_5x5.mnt | B15: -7.094595e-12 | C15: 9.9950117e-12 | D15: 0.0017444304 | E15: 0.045964598 | F15: 0.39052959 | G15: 0.0053482415 | H15: 0.14092266 | I15: 1.197323 | J15: 32.615152 | K15: 32.616897 | L15: 32.616897 | M15: 32.616897 | N15: 32.570932 | O15: 32.616897 | P15: 32.226367 | Q15: 32.616897 | R15: 0.3521839 | S15: 0.056873857 | T15: 0.15117263 | U15: 0.5212288 | V15: 0.36064438 | W15: 0.05585794 | X15: 0.25266798 | Y15: 0.52633436 | Z15: 0.71282828 | AA15: 0.086336374 | AB15: 0.470406 | AC15: 0.979059 | AD15: 0.21631691 | AE15: 0.016635486 | AF15: 0.17446055 | AG15: 0.26822782 | AH15: 0.71282828 | AI15: 0.086336374 | AJ15: 0.470406 | AK15: 0.979059 | AL15: 0.090667945 | AM15: 0.010868367 | AN15: 0.072001907 | AO15: 0.11575474 | AP15: 0.1132121 | AQ15: 0.012689533 | AR15: 0.088695675 | AS15: 0.14167186 | AT15: -0.074240249 | AU15: 0.21256363 | AV15: -0.80475994 | AW15: 0.53344409 | AX15: 2.9414494 | AY15: 0.35643387 | AZ15: 2.3747067 | BA15: 4.2326999 | BB15: 0.10800795 | BC15: 0.017489901 | BD15: 0.072165882 | BE15: 0.16305562 | BF15: 0.59745786 | BG15: 0.051301436 | BH15: 0.47380531 | BI15: 0.74582303 | BJ15: 100 | BK15: 0 | BL15: 100 | BM15: 100 | BN15: 0.19258839 | BO15: 0.026033515 | BP15: 0.14777099 | BQ15: 0.25900753 | BR15: 95.02765 | BS15: 15.374648 | BT15: 61.328765 | BU15: 138.56964 | BV15: 343.67539 | BW15: 64.877405 | BX15: 58.653343 | BY15: 521.2288 | BZ15: 337.4717 | CA15: 67.021895 | CB15: 166.35712 | CC15: 460.41126 | CD15: 681.14709 | CE15: 96.295731 | CF15: 347.799 | CG15: 919.074 | CH15: 212.27779 | CI15: 18.359213 | CJ15: 138.40035 | CK15: 268.22782 | CL15: 681.14709 | CM15: 96.295731 | CN15: 347.799 | CO15: 919.074 | CP15: 90.056833 | CQ15: 11.502763 | CR15: 54.83474 | CS15: 115.75474 | CT15: 112.18468 | CU15: 13.67387 | CV15: 67.671033 | CW15: 141.59993 | CX15: -0.066742979 | CY15: 0.25688283 | CZ15: -1.3348162 | DA15: 0.53344409 | DB15: 2.9026132 | DC15: 0.37892336 | DD15: 2.2452112 | DE15: 4.2326999 | DF15: 0.10655059 | DG15: 0.017590347 | DH15: 0.072165882 | DI15: 0.16305562 | DJ15: 0.59103972 | DK15: 0.050311931 | DL15: 0.47328096 | DM15: 0.73225426 | DN15: 100 | DO15: 0 | DP15: 100 | DQ15: 100 | DR15: 191.92185 | DS15: 27.108555 | DT15: 108.51031 | DU15: 259.00753 | DV15: 96.412877 | DW15: 15.810979 | DX15: 61.328765 | DY15: 138.56964 | DZ15: 0.21002776 | EA15: 0.020526712 | EB15: 0.14240761 | EC15: 0.26973102 | ED15: 0.19818407 | EE15: 0.02229765 | EF15: 0.15292812 | EG15: 0.28779821 | EH15: 0.40821184 | EI15: 0.033341788 | EJ15: 0.33491743 | EK15: 0.52425029 | EL15: 0.18294566 | EM15: 0.013545174 | EN15: 0.15201263 | EO15: 0.21449007 | EP15: 0.55668525 | EQ15: 0.08741433 | ER15: 0.411931 | ES15: 0.886306 | ET15: 0.059598751 | EU15: 0.0037000382 | EV15: 0.050273732 | EW15: 0.070820304 | EX15: 0.074758895 | EY15: 0.0045125784 | EZ15: 0.063327937 | FA15: 0.086199268 | FB15: 0.070218533 | FC15: 0.13862043 | FD15: -0.29004074 | FE15: 0.47559757 | FF15: 3.1042213 | FG15: 0.31928997 | FH15: 2.3679703 | FI15: 4.3955951 | FJ15: 0.28429212 | FK15: 0.054783835 | FL15: 0.19157118 | FM15: 0.53940044 | FN15: 0.27233491 | FO15: 0.065198688 | FP15: 0.18976516 | FQ15: 0.54223574 | FR15: 0.52476263 | FS15: 0.081639886 | FT15: 0.387367 | FU15: 0.871972 | FV15: 0.46881785 | FW15: 0.075526334 | FX15: 0.304381 | FY15: 0.790265 | FZ15: 0.066517962 | GA15: 0.0065484656 | GB15: 0.050895413 | GC15: 0.086874285 | GD15: 0.59695465 | GE15: 0.051362271 | GF15: 0.47297686 | GG15: 0.73291267 | GH15: 100 | GI15: 0 | GJ15: 100 | GK15: 100 | GL15: 0.12470227 | GM15: 0.0087063288 | GN15: 0.10526783 | GO15: 0.15280046 | GP15: 8.7659592 | GQ15: 1.6786548 | GR15: 4.4570303 | GS15: 14.201452 | GT15: 151.7723 | GU15: 14.71639 | GV15: 115.10886 | GW15: 196.48136 | GX15: 206.81602 | GY15: 25.802303 | GZ15: 65.601599 | HA15: 266.29273 | HB15: 193.46138 | HC15: 23.046765 | HD15: 146.03362 | HE15: 287.43435 | HF15: 400.27739 | HG15: 37.473932 | HH15: 233.27871 | HI15: 508.07057 | HJ15: 180.1788 | HK15: 15.06168 | HL15: 114.77291 | HM15: 209.35522 | HN15: 541.01827 | HO15: 76.609893 | HP15: 327.26 | HQ15: 802.479 | HR15: 59.070002 | HS15: 4.2571575 | HT15: 38.387443 | HU15: 70.820304 | HV15: 73.98559 | HW15: 5.2576017 | HX15: 48.464983 | HY15: 85.922103 | HZ15: 0.067716193 | IA15: 0.20131473 | IB15: -1.296279 | IC15: 0.45988301 | ID15: 3.0867414 | IE15: 0.31856552 | IF15: 2.5390953 | IG15: 4.8434355 | IH15: 278.77846 | II15: 53.11837 | IJ15: 112.99603 | IK15: 530.62891 | IL15: 262.1816 | IM15: 55.445589 | IN15: 175.95046 | IO15: 505.67892 | IP15: 510.96497 | IQ15: 72.236791 | IR15: 305.937 | IS15: 748.427 | IT15: 456.81591 | IU15: 72.229279 | IV15: 304.381 | IW15: 737.617 | IX15: 0.066261935 | IY15: 0.0065067708 | IZ15: 0.050895413 | JA15: 0.086874285 | JB15: 0.59055664 | JC15: 0.052041662 | JD15: 0.43945727 | JE15: 0.72460573 | JF15: 100 | JG15: 0 | JH15: 100 | JI15: 100 | JJ15: 123.50276 | JK15: 10.337746 | JL15: 69.732169 | JM15: 152.80046 | JN15: 8.9768953 | JO15: 1.6477706 | JP15: 4.4570303 | JQ15: 12.780103 | JR15: 152.35034 | JS15: 14.721528 | JT15: 115.10886 | JU15: 196.48136 | JV15: 0.13940367 | JW15: 0.033286236 | JX15: 0.072549021 | JY15: 0.19455258 | JZ15: 0.16374325 | KA15: 0.041067298 | KB15: 0.088001394 | KC15: 0.26238662 | KD15: 0.30314692 | KE15: 0.060117418 | KF15: 0.169745 | KG15: 0.438934 | KH15: 0.19244796 | KI15: 0.059659328 | KJ15: 0.082879667 | KK15: 0.330964 | KL15: 0.30314692 | KM15: 0.060117418 | KN15: 0.169745 | KO15: 0.438934 | KP15: 0.063417369 | KQ15: 0.014412628 | KR15: 0.040583073 | KS15: 0.09762853 | KT15: 0.077919926 | KU15: 0.016608869 | KV15: 0.051886046 | KW15: 0.11329469 | KX15: -0.19336932 | KY15: 0.53518069 | KZ15: -1.5605819 | LA15: 0.89925573 | LB15: 2.625306 | LC15: 0.62629487 | LD15: 1.643176 | LE15: 4.9939478 | LF15: 2.356047 | LG15: 0.81648046 | LH15: 0.62376 | LI15: 4.26144 | LJ15: 0.010733693 | LK15: 0.0019202595 | LL15: 0.0070772829 | LM15: 0.015139725 | LN15: 100 | LO15: 0 | LP15: 100 | LQ15: 100 | LR15: 0.13380343 | LS15: 0.033442273 | LT15: 0.071734249 | LU15: 0.21968016 | LV15: 17.679625 | LW15: 5.6674224 | LX15: 2.4745913 | LY15: 31.595228 | LZ15: 4.9339467 | MA15: 2.298844 | MB15: 2.3466246 | MC15: 16.031807 | MD15: 138.55437 | ME15: 34.478951 | MF15: 46.392992 | MG15: 194.55258 | MH15: 161.39917 | MI15: 41.719827 | MJ15: 84.046833 | MK15: 262.44341 | ML15: 299.95354 | MM15: 62.620991 | MN15: 130.896 | MO15: 438.934 | MP15: 191.38017 | MQ15: 56.918031 | MR15: 84.584 | MS15: 322.963 | MT15: 299.95354 | MU15: 62.620991 | MV15: 130.896 | MW15: 438.934 | MX15: 62.927575 | MY15: 14.804493 | MZ15: 32.358627 | NA15: 97.62853 | NB15: 77.241732 | NC15: 17.147538 | ND15: 37.119504 | NE15: 113.29469 | NF15: -0.18403781 | NG15: 0.53070357 | NH15: -1.5605819 | NI15: 0.89925573 | NJ15: 2.6081025 | NK15: 0.62251618 | NL15: 1.643262 | NM15: 4.9939478 | NN15: 2.3581328 | NO15: 0.82247285 | NP15: 0.62376 | NQ15: 4.26144 | NR15: 0.010639789 | NS15: 0.0019965193 | NT15: 0.0052171503 | NU15: 0.015139725 | NV15: 100 | NW15: 0 | NX15: 100 | NY15: 100 | NZ15: 132.88607 | OA15: 33.92547 | OB15: 71.734249 | OC15: 219.68016 | OD15: 17.825659 | OE15: 5.6386 | OF15: 2.4745913 | OG15: 31.595228 | OH15: 4.938249 | OI15: 2.3087067 | OJ15: 2.3466246 | OK15: 16.031807 | OL15: 0.079947581 | OM15: 0.066060482 | ON15: 3.3413848 | OO15: 0.647787 | OP15: 0.65431 | OQ15: 1.302097 | OR15: 0.063129139 | OS15: 4.1126629e-06 | OT15: 0.00010584518 | OU15: 4.1126629e-06 | OV15: 7.0762085e-05 | OW15: 9.6956915e-05 | OX15: 8.8882608e-06 | OY15: 0.200097 | OZ15: 0.083092728 | PA15: 0.07753769 | PB15: 10.544993 | PC15: 90.134322 | PD15: 0.079152658 | PE15: 0.05715879 | PF15: 3.1949699 | PG15: 0.644242 | PH15: 0.609909 | PI15: 1.254151 | PJ15: 0.062818118 | PK15: 3.9156666e-06 | PL15: 0.0001055147 | PM15: 3.9156666e-06 | PN15: 7.0853235e-05 | PO15: 9.6831765e-05 | PP15: 8.6829384e-06 | PQ15: 0.2007092 | PR15: 0.079044258 | PS15: 0.075077949 | PT15: 10.479775 | PU15: 90.33538 | PV15: 0.42706472 | PW15: 0.20375179 | PX15: 0.14504382 | PY15: 9.5218906 | PZ15: 90.308998 | QA15: 427.05899 | QB15: 197.19413 | QC15: 139.57248 | QD15: 9.5191141 | QE15: 90.310793 | QF15: 1.0162783e-05 | QG15: 0.00015008976 | QH15: 0.00019956124 | QI15: 1.7565182e-05 | QJ15: 9.8473248e-06 | QK15: 0.00015008807 | QL15: 0.00019956093 | QM15: 1.7298829e-05 | QN15: ***** | QO15: 89.988928 | QP15: 68.284086 | QQ15: 81.764858 | QR15: ***** | QS15: 89.989006 | QT15: 68.284579 | QU15: 81.764588
A16: C45_5x5\C45_5x5\C45_B\C45_5x5 --- C45_B_x10_int_red_5x5.mnt | B16: -6.127075e-12 | C16: 5.8373559e-12 | D16: 0.0014911452 | E16: 0.05190823 | F16: 0.45644849 | G16: 0.0045716955 | H16: 0.15914522 | I16: 1.3994234 | J16: 32.615405 | K16: 32.616897 | L16: 32.616897 | M16: 32.616897 | N16: 32.564988 | O16: 32.616897 | P16: 32.160448 | Q16: 32.616897 | R16: 0.58416418 | S16: 0.080109249 | T16: 0.37957487 | U16: 0.80287144 | V16: 0.57225969 | W16: 0.075223057 | X16: 0.39178089 | Y16: 0.82643155 | Z16: 1.1564239 | AA16: 0.12298281 | AB16: 0.834046 | AC16: 1.514285 | AD16: 0.37688638 | AE16: 0.039542575 | AF16: 0.25829284 | AG16: 0.50849627 | AH16: 1.1564239 | AI16: 0.12298281 | AJ16: 0.834046 | AK16: 1.514285 | AL16: 0.14828652 | AM16: 0.015442382 | AN16: 0.093135829 | AO16: 0.1883541 | AP16: 0.18475678 | AQ16: 0.018468933 | AR16: 0.1195195 | AS16: 0.23104327 | AT16: -0.0061677161 | AU16: 0.19721054 | AV16: -0.54374883 | AW16: 0.63054753 | AX16: 2.8946612 | AY16: 0.29279076 | AZ16: 2.3862246 | BA16: 4.1986392 | BB16: 0.078232903 | BC16: 0.013748314 | BD16: 0.052428305 | BE16: 0.1294325 | BF16: 1.8261272 | BG16: 0.23734307 | BH16: 1.2456664 | BI16: 2.4709818 | BJ16: 97.868912 | BK16: 2.6493323 | BL16: 84.455695 | BM16: 100 | BN16: 0.31452883 | BO16: 0.035860295 | BP16: 0.19211929 | BQ16: 0.40603971 | BR16: 131.61123 | BS16: 22.071157 | BT16: 77.260348 | BU16: 190.73666 | BV16: 0.53800405 | BW16: 0.086502812 | BX16: 0.21401586 | BY16: 0.79036212 | BZ16: 0.51059124 | CA16: 0.078980418 | CB16: 0.32589345 | CC16: 0.71691484 | CD16: 1.0485953 | CE16: 0.10025074 | CF16: 0.738984 | CG16: 1.20535 | CH16: 0.36524475 | CI16: 0.03673428 | CJ16: 0.25829284 | CK16: 0.48831006 | CL16: 1.0485953 | CM16: 0.10025074 | CN16: 0.738984 | CO16: 1.20535 | CP16: 0.14648414 | CQ16: 0.015190554 | CR16: 0.093135829 | CS16: 0.18384078 | CT16: 0.18151398 | CU16: 0.017983741 | CV16: 0.1195195 | CW16: 0.22284361 | CX16: -0.0023550865 | CY16: 0.2128418 | CZ16: -0.73125707 | DA16: 0.62702139 | DB16: 2.7779821 | DC16: 0.27595989 | DD16: 2.1067708 | DE16: 3.7084537 | DF16: 0.07667836 | DG16: 0.013487915 | DH16: 0.051987731 | DI16: 0.12946125 | DJ16: 1.7756161 | DK16: 0.21337999 | DL16: 1.2456664 | DM16: 2.3332183 | DN16: 99.024966 | DO16: 1.7240949 | DP16: 86.036235 | DQ16: 100 | DR16: 0.31319284 | DS16: 0.035671938 | DT16: 0.19211929 | DU16: 0.40491148 | DV16: 134.2702 | DW16: 22.464284 | DX16: 77.243191 | DY16: 192.35308 | DZ16: 0.3745178 | EA16: 0.041529623 | EB16: 0.27324371 | EC16: 0.49632467 | ED16: 0.36300612 | EE16: 0.039921343 | EF16: 0.24988295 | EG16: 0.48190663 | EH16: 0.73752392 | EI16: 0.066791738 | EJ16: 0.52862043 | EK16: 0.95076829 | EL16: 0.31704271 | EM16: 0.029368455 | EN16: 0.22266567 | EO16: 0.41387052 | EP16: 1.0497309 | EQ16: 0.15126656 | ER16: 0.645995 | ES16: 1.560063 | ET16: 0.099190927 | EU16: 0.0077330171 | EV16: 0.077245694 | EW16: 0.12931405 | EX16: 0.12718049 | EY16: 0.0099845119 | EZ16: 0.097411289 | FA16: 0.16784406 | FB16: 0.063335078 | FC16: 0.1464141 | FD16: -0.34257097 | FE16: 0.45138656 | FF16: 3.5125658 | FG16: 0.39010605 | FH16: 2.7664329 | FI16: 5.290525 | FJ16: 0.53860906 | FK16: 0.10346109 | FL16: 0.31602871 | FM16: 0.85436931 | FN16: 0.51108605 | FO16: 0.085198191 | FP16: 0.30484309 | FQ16: 0.79898113 | FR16: 0.99584582 | FS16: 0.13899862 | FT16: 0.640122 | FU16: 1.357035 | FV16: 0.76439489 | FW16: 0.18951108 | FX16: 0.396001 | FY16: 1.349182 | FZ16: 0.051137938 | GA16: 0.005146976 | GB16: 0.041586767 | GC16: 0.065977143 | GD16: 1.7559068 | GE16: 0.21673853 | GF16: 1.226019 | GG16: 2.3723498 | GH16: 99.436246 | GI16: 1.34262 | GJ16: 88.697365 | GK16: 100 | GL16: 0.19665359 | GM16: 0.015531488 | GN16: 0.15616089 | GO16: 0.25362761 | GP16: 7.4065116 | GQ16: 1.2052955 | GR16: 4.6057198 | GS16: 10.949364 | GT16: 197.47909 | GU16: 19.321218 | GV16: 151.56764 | GW16: 240.46111 | GX16: 0.36127451 | GY16: 0.039790851 | GZ16: 0.24640761 | HA16: 0.46582873 | HB16: 0.35095568 | HC16: 0.03908091 | HD16: 0.24988295 | HE16: 0.47178699 | HF16: 0.71223019 | HG16: 0.05876709 | HH16: 0.52862043 | HI16: 0.86281443 | HJ16: 0.30919417 | HK16: 0.02682969 | HL16: 0.22266567 | HM16: 0.3790315 | HN16: 0.99483552 | HO16: 0.12645219 | HP16: 0.645995 | HQ16: 1.476507 | HR16: 0.097760364 | HS16: 0.0072632511 | HT16: 0.077245694 | HU16: 0.1195259 | HV16: 0.1248089 | HW16: 0.0091516012 | HX16: 0.097411289 | HY16: 0.15006175 | HZ16: 0.055576133 | IA16: 0.17637528 | IB16: -0.718574 | IC16: 0.45138656 | ID16: 3.4332452 | IE16: 0.36057109 | IF16: 2.719398 | IG16: 4.9028016 | IH16: 0.50880566 | II16: 0.09096051 | IJ16: 0.31602871 | IK16: 0.77497681 | IL16: 0.48599432 | IM16: 0.079452837 | IN16: 0.30484309 | IO16: 0.70208116 | IP16: 0.93464459 | IQ16: 0.10882083 | IR16: 0.640122 | IS16: 1.232936 | IT16: 0.74171668 | IU16: 0.16932885 | IV16: 0.396001 | IW16: 1.232936 | IX16: 0.050664593 | IY16: 0.005003492 | IZ16: 0.041586767 | JA16: 0.065184706 | JB16: 1.7125099 | JC16: 0.19488436 | JD16: 1.226019 | JE16: 2.266526 | JF16: 99.764856 | JG16: 0.66147227 | JH16: 94.354625 | JI16: 100 | JJ16: 0.19510062 | JK16: 0.01545962 | JL16: 0.15617066 | JM16: 0.24916638 | JN16: 7.7372069 | JO16: 1.2523094 | JP16: 4.9741443 | JQ16: 11.154888 | JR16: 199.25415 | JS16: 19.155303 | JT16: 153.41022 | JU16: 240.46111 | JV16: 0.21493396 | JW16: 0.047706156 | JX16: 0.083631025 | JY16: 0.36414007 | JZ16: 0.23687043 | KA16: 0.059271209 | KB16: 0.09826805 | KC16: 0.47834376 | KD16: 0.45180439 | KE16: 0.083263588 | KF16: 0.198418 | KG16: 0.705323 | KH16: 0.30509303 | KI16: 0.081213197 | KJ16: 0.1063945 | KK16: 0.520156 | KL16: 0.45180439 | KM16: 0.083263588 | KN16: 0.198418 | KO16: 0.705323 | KP16: 0.09442606 | KQ16: 0.017730949 | KR16: 0.042582403 | KS16: 0.13595916 | KT16: 0.11501906 | KU16: 0.020358824 | KV16: 0.052621044 | KW16: 0.16253433 | KX16: -0.11066408 | KY16: 0.45379879 | KZ16: -1.3141203 | LA16: 1.0407116 | LB16: 2.4812298 | LC16: 0.52013708 | LD16: 1.5368324 | LE16: 4.1373741 | LF16: 1.8880409 | LG16: 0.44089788 | LH16: 0.8211 | LI16: 4.12068 | LJ16: 0.02106193 | LK16: 0.0036347394 | LL16: 0.01013772 | LM16: 0.031680459 | LN16: 100 | LO16: 0 | LP16: 100 | LQ16: 100 | LR16: 0.20563741 | LS16: 0.046560697 | LT16: 0.083718507 | LU16: 0.33063304 | LV16: 18.212861 | LW16: 4.7994534 | LX16: 7.1304954 | LY16: 31.932253 | LZ16: 5.6171939 | MA16: 1.4879366 | MB16: 2.4267839 | MC16: 12.178785 | MD16: 0.21146993 | ME16: 0.047671951 | MF16: 0.083631025 | MG16: 0.35727829 | MH16: 0.23186745 | MI16: 0.057209055 | MJ16: 0.09826805 | MK16: 0.4737368 | ML16: 0.44333738 | MM16: 0.082542827 | MN16: 0.198418 | MO16: 0.702303 | MP16: 0.29876454 | MQ16: 0.078764388 | MR16: 0.1063945 | MS16: 0.514394 | MT16: 0.44333738 | MU16: 0.082542827 | MV16: 0.198418 | MW16: 0.702303 | MX16: 0.09313744 | MY16: 0.017763617 | MZ16: 0.042582403 | NA16: 0.13497015 | NB16: 0.11328351 | NC16: 0.020370487 | ND16: 0.052621044 | NE16: 0.16066539 | NF16: -0.10159821 | NG16: 0.43996066 | NH16: -1.1844575 | NI16: 1.0404064 | NJ16: 2.4551479 | NK16: 0.49147122 | NL16: 1.5368324 | NM16: 4.0798783 | NN16: 1.881975 | NO16: 0.43669737 | NP16: 0.81972 | NQ16: 4.10964 | NR16: 0.020788597 | NS16: 0.0035844 | NT16: 0.01013772 | NU16: 0.031476787 | NV16: 100 | NW16: 0 | NX16: 100 | NY16: 100 | NZ16: 0.20365992 | OA16: 0.046329663 | OB16: 0.083718507 | OC16: 0.32781106 | OD16: 18.406307 | OE16: 4.6830818 | OF16: 7.3574901 | OG16: 31.860362 | OH16: 5.6313718 | OI16: 1.482811 | OJ16: 2.4333032 | OK16: 12.199288 | OL16: 0.16498016 | OM16: 0.03298325 | ON16: 3.0781484 | OO16: 1.003414 | OP16: 0.827521 | OQ16: 1.830935 | OR16: 0.13103646 | OS16: 8.1399664e-06 | OT16: 0.00021924205 | OU16: 8.1399664e-06 | OV16: 0.00014779565 | OW16: 0.00020077035 | OX16: 1.8471703e-05 | OY16: 0.41824757 | OZ16: 0.163942 | PA16: 0.15757997 | PB16: 10.287965 | PC16: 89.983383 | PD16: 0.16211291 | PE16: 0.026663109 | PF16: 2.9219664 | PG16: 0.796736 | PH16: 0.769327 | PI16: 1.566063 | PJ16: 0.1295946 | PK16: 7.6176311e-06 | PL16: 0.00021753738 | PM16: 7.6176311e-06 | PN16: 0.00014735212 | PO16: 0.00019969288 | PP16: 1.7844498e-05 | PQ16: 0.41777244 | PR16: 0.15325078 | PS16: 0.14769993 | PT16: 10.191683 | PU16: 90.120296 | PV16: 0.57957303 | PW16: 0.23996517 | PX16: 0.20294619 | PY16: 10.162847 | PZ16: 90.340983 | QA16: 0.57930133 | QB16: 0.22300769 | QC16: 0.1869139 | QD16: 10.144859 | QE16: 90.374684 | QF16: 1.1975076e-05 | QG16: 0.00020357367 | QH16: 0.00027676733 | QI16: 2.4402291e-05 | QJ16: 1.1122233e-05 | QK16: 0.00020342407 | QL16: 0.00027634993 | QM16: 2.3585223e-05 | QN16: ***** | QO16: 176.19651 | QP16: 171.31228 | QQ16: 89.982852 | QR16: ***** | QS16: 176.19441 | QT16: 171.31299 | QU16: 89.983356
A17: C45_5x5\C45_5x5\C45_B\C45_5x5 --- C45_B_x10_int_white_5x5.mnt | B17: -3.2090445e-12 | C17: 7.5414542e-12 | D17: 0.0018815472 | E17: 0.044096382 | F17: 0.38130087 | G17: 0.0057686273 | H17: 0.1351949 | I17: 1.1690287 | J17: 32.615015 | K17: 32.616897 | L17: 32.616897 | M17: 32.616897 | N17: 32.5728 | O17: 32.616897 | P17: 32.235596 | Q17: 32.616897 | R17: 0.35120181 | S17: 0.059188948 | T17: 0.15247416 | U17: 0.60586607 | V17: 0.34374826 | W17: 0.059726394 | X17: 0.24700454 | Y17: 0.54527394 | Z17: 0.69495008 | AA17: 0.093988251 | AB17: 0.462736 | AC17: 1.012321 | AD17: 0.21248273 | AE17: 0.018011335 | AF17: 0.17130844 | AG17: 0.27470502 | AH17: 0.69495008 | AI17: 0.093988251 | AJ17: 0.462736 | AK17: 1.012321 | AL17: 0.089565593 | AM17: 0.010897542 | AN17: 0.070264464 | AO17: 0.11375935 | AP17: 0.11183756 | AQ17: 0.012789909 | AR17: 0.0864957 | AS17: 0.13827668 | AT17: -0.0082723057 | AU17: 0.20726338 | AV17: -0.73504491 | AW17: 0.54140054 | AX17: 2.9269152 | AY17: 0.33080639 | AZ17: 2.3581721 | BA17: 4.0995803 | BB17: 0.11271093 | BC17: 0.020878149 | BD17: 0.078219166 | BE17: 0.19117312 | BF17: 0.52590717 | BG17: 0.041980992 | BH17: 0.40434801 | BI17: 0.6469386 | BJ17: 99.999767 | BK17: 0.0031973695 | BL17: 99.955811 | BM17: 100 | BN17: 0.19008543 | BO17: 0.025797798 | BP17: 0.14444261 | BQ17: 0.26021201 | BR17: 91.599364 | BS17: 15.896595 | BT17: 52.308608 | BU17: 127.8459 | BV17: 339.70146 | BW17: 61.519221 | BX17: 53.912656 | BY17: 519.60818 | BZ17: 322.75329 | CA17: 64.424265 | CB17: 174.06053 | CC17: 448.30141 | CD17: 662.45475 | CE17: 95.876914 | CF17: 333.328 | CG17: 841.799 | CH17: 209.02611 | CI17: 19.569417 | CJ17: 133.19869 | CK17: 266.70043 | CL17: 662.45475 | CM17: 95.876914 | CN17: 333.328 | CO17: 841.799 | CP17: 88.941013 | CQ17: 11.507528 | CR17: 52.197281 | CS17: 113.75935 | CT17: 110.78011 | CU17: 13.716475 | CV17: 64.914836 | CW17: 138.27668 | CX17: -0.0051473546 | CY17: 0.25611585 | CZ17: -1.4315511 | DA17: 0.53333209 | DB17: 2.8799441 | DC17: 0.32657598 | DD17: 2.1985739 | DE17: 4.4947239 | DF17: 0.11164307 | DG17: 0.021125082 | DH17: 0.07674525 | DI17: 0.19117312 | DJ17: 0.5208957 | DK17: 0.042254451 | DL17: 0.40078872 | DM17: 0.6434785 | DN17: 100 | DO17: 0 | DP17: 100 | DQ17: 100 | DR17: 189.39528 | DS17: 26.947048 | DT17: 102.99512 | DU17: 260.21201 | DV17: 92.610167 | DW17: 16.464351 | DX17: 52.308608 | DY17: 130.30122 | DZ17: 0.19927083 | EA17: 0.022941312 | EB17: 0.14753038 | EC17: 0.3016589 | ED17: 0.19346009 | EE17: 0.02080257 | EF17: 0.14899696 | EG17: 0.27219337 | EH17: 0.39273092 | EI17: 0.03264909 | EJ17: 0.31240871 | EK17: 0.50124086 | EL17: 0.17874987 | EM17: 0.012564463 | EN17: 0.14971479 | EO17: 0.21269283 | EP17: 0.5353453 | EQ17: 0.087375955 | ER17: 0.379807 | ES17: 0.919564 | ET17: 0.058625806 | EU17: 0.0034987525 | EV17: 0.051516181 | EW17: 0.070022157 | EX17: 0.073439971 | EY17: 0.0044165624 | EZ17: 0.063617194 | FA17: 0.086855438 | FB17: 0.085146824 | FC17: 0.1466719 | FD17: -0.45686161 | FE17: 0.67573577 | FF17: 3.0753242 | FG17: 0.38173837 | FH17: 2.4733851 | FI17: 5.2044382 | FJ17: 0.27040096 | FK17: 0.060282903 | FL17: 0.18283263 | FM17: 0.57531576 | FN17: 0.26494434 | FO17: 0.062360304 | FP17: 0.18488357 | FQ17: 0.60600036 | FR17: 0.49884251 | FS17: 0.081434951 | FT17: 0.361135 | FU17: 0.786548 | FV17: 0.3995378 | FW17: 0.066907634 | FX17: 0.260052 | FY17: 0.682887 | FZ17: 0.07038432 | GA17: 0.0056226422 | GB17: 0.058620638 | GC17: 0.085064062 | GD17: 0.52264505 | GE17: 0.041985439 | GF17: 0.40077966 | GG17: 0.64045858 | GH17: 100 | GI17: 0 | GJ17: 100 | GK17: 100 | GL17: 0.12309191 | GM17: 0.0080790322 | GN17: 0.1064647 | GO17: 0.15112948 | GP17: 9.3392713 | GQ17: 1.5551346 | GR17: 5.0233933 | GS17: 13.42034 | GT17: 142.96724 | GU17: 11.197683 | GV17: 117.55846 | GW17: 170.58839 | GX17: 195.35184 | GY17: 25.647129 | GZ17: 62.332764 | HA17: 282.72719 | HB17: 189.35276 | HC17: 21.130835 | HD17: 148.99696 | HE17: 272.15151 | HF17: 384.7046 | HG17: 35.375429 | HH17: 230.08586 | HI17: 491.60529 | HJ17: 176.15441 | HK17: 13.901432 | HL17: 108.53288 | HM17: 210.48557 | HN17: 516.31291 | HO17: 71.946162 | HP17: 324.573 | HQ17: 786.303 | HR17: 58.075514 | HS17: 4.0922495 | HT17: 33.992256 | HU17: 70.022157 | HV17: 72.63567 | HW17: 5.131837 | HX17: 43.406689 | HY17: 86.855438 | HZ17: 0.079236723 | IA17: 0.20011916 | IB17: -1.3859767 | IC17: 0.57254726 | ID17: 3.0448349 | IE17: 0.33876963 | IF17: 2.5208403 | IG17: 5.5292477 | IH17: 260.95322 | II17: 51.485128 | IJ17: 105.42734 | IK17: 497.8192 | IL17: 255.35969 | IM17: 52.334481 | IN17: 177.9175 | IO17: 458.62537 | IP17: 481.04099 | IQ17: 66.386606 | IR17: 324.573 | IS17: 719.356 | IT17: 392.87445 | IU17: 63.344675 | IV17: 260.052 | IW17: 633.369 | IX17: 0.070153391 | IY17: 0.0056206814 | IZ17: 0.058620638 | JA17: 0.084456 | JB17: 0.51759058 | JC17: 0.043639483 | JD17: 0.35814591 | JE17: 0.63815408 | JF17: 100 | JG17: 0 | JH17: 100 | JI17: 100 | JJ17: 121.78989 | JK17: 9.8289502 | JL17: 63.480774 | JM17: 151.12948 | JN17: 9.5592935 | JO17: 1.5343938 | JP17: 5.269638 | JQ17: 13.42034 | JR17: 143.44602 | JS17: 11.302087 | JT17: 118.40485 | JU17: 170.58839 | JV17: 0.14077689 | JW17: 0.034635855 | JX17: 0.075673274 | JY17: 0.21988217 | JZ17: 0.15964353 | KA17: 0.039172493 | KB17: 0.077550515 | KC17: 0.25368462 | KD17: 0.30042043 | KE17: 0.060727766 | KF17: 0.155524 | KG17: 0.454838 | KH17: 0.19512422 | KI17: 0.061106666 | KJ17: 0.0666135 | KK17: 0.360748 | KL17: 0.30042043 | KM17: 0.060727766 | KN17: 0.155524 | KO17: 0.454838 | KP17: 0.062326516 | KQ17: 0.014393371 | KR17: 0.04189385 | KS17: 0.094622818 | KT17: 0.076959389 | KU17: 0.0165089 | KV17: 0.050749875 | KW17: 0.11023015 | KX17: -0.16659162 | KY17: 0.52495097 | KZ17: -1.5850786 | LA17: 0.99531796 | LB17: 2.6301239 | LC17: 0.66092882 | LD17: 1.540247 | LE17: 4.9463248 | LF17: 2.3926705 | LG17: 0.84630059 | LH17: 0.45264 | LI17: 4.08066 | LJ17: 0.010747852 | LK17: 0.0019710228 | LL17: 0.006947093 | LM17: 0.01498616 | LN17: 100 | LO17: 0 | LP17: 100 | LQ17: 100 | LR17: 0.13103604 | LS17: 0.033105488 | LT17: 0.07288542 | LU17: 0.21568979 | LV17: 17.851544 | LW17: 5.1533109 | LX17: 4.4541632 | LY17: 34.666372 | LZ17: 4.8429166 | MA17: 2.2521145 | MB17: 2.450584 | MC17: 22.092612 | MD17: 139.84219 | ME17: 35.823574 | MF17: 45.306079 | MG17: 219.88217 | MH17: 157.35445 | MI17: 39.680551 | MJ17: 77.458433 | MK17: 253.6979 | ML17: 297.19664 | MM17: 62.731313 | MN17: 130.788 | MO17: 454.838 | MP17: 192.52049 | MQ17: 57.357815 | MR17: 66.6135 | MS17: 323.03 | MT17: 297.19664 | MU17: 62.731313 | MV17: 130.788 | MW17: 454.838 | MX17: 61.831699 | MY17: 14.747377 | MZ17: 33.218129 | NA17: 94.622818 | NB17: 76.274935 | NC17: 16.968586 | ND17: 38.177085 | NE17: 110.23015 | NF17: -0.158031 | NG17: 0.523797 | NH17: -1.5850786 | NI17: 0.99531796 | NJ17: 2.6182621 | NK17: 0.65980279 | NL17: 1.542838 | NM17: 4.9463248 | NN17: 2.3850303 | NO17: 0.84164591 | NP17: 0.45954 | NQ17: 4.08066 | NR17: 0.010652836 | NS17: 0.0020643516 | NT17: 0.0051437002 | NU17: 0.01498616 | NV17: 100 | NW17: 0 | NX17: 100 | NY17: 100 | NZ17: 130.10879 | OA17: 33.623577 | OB17: 72.88542 | OC17: 215.68979 | OD17: 17.969932 | OE17: 5.1603328 | OF17: 4.5055334 | OG17: 34.555899 | OH17: 4.8542984 | OI17: 2.2427134 | OJ17: 2.450584 | OK17: 21.760891 | OL17: 0.079057706 | OM17: 0.10519236 | ON17: 3.3803391 | OO17: 0.605751 | OP17: 0.624955 | OQ17: 1.230706 | OR17: 0.062478782 | OS17: 4.1197521e-06 | OT17: 0.00010502272 | OU17: 4.1197521e-06 | OV17: 7.009673e-05 | OW17: 9.643127e-05 | OX17: 8.5914488e-06 | OY17: 0.19891454 | OZ17: 0.083176429 | PA17: 0.073938232 | PB17: 10.582254 | PC17: 90.376911 | PD17: 0.078214453 | PE17: 0.088521527 | PF17: 3.1711833 | PG17: 0.605444 | PH17: 0.533548 | PI17: 1.138992 | PJ17: 0.062171285 | PK17: 3.8835964e-06 | PL17: 0.00010497439 | PM17: 3.8835964e-06 | PN17: 7.0206689e-05 | PO17: 9.6578311e-05 | PP17: 8.3960826e-06 | PQ17: 0.19943236 | PR17: 0.07857366 | PS17: 0.071593113 | PT17: 10.595029 | PU17: 90.586578 | PV17: 0.39784985 | PW17: 0.17879554 | PX17: 0.15675655 | PY17: 9.5866827 | PZ17: 88.814523 | QA17: 397.84127 | QB17: 172.08252 | QC17: 152.15844 | QD17: 9.5861319 | QE17: 88.822943 | QF17: 8.9412756e-06 | QG17: 0.0001432114 | QH17: 0.0001874396 | QI17: 1.848415e-05 | QJ17: 8.6187006e-06 | QK17: 0.0001432106 | QL17: 0.0001874384 | QM17: 1.8220125e-05 | QN17: ***** | QO17: 89.983039 | QP17: 81.77179 | QQ17: 68.272912 | QR17: ***** | QS17: 89.983398 | QT17: 68.27298 | QU17: 81.772032

Sheet Par_S_005
B1: =B4 -> Sq | C1: =C4 -> Ssk | D1: =D4 -> Sku | E1: =E4 -> Sp | F1: =F4 -> Sv | G1: =G4 -> Sz | H1: =H4 -> Sa | I1: =I4 -> Vm (p = 10%) | ... S1: =S4 -> Smrk2
B3: =Baza!OL1 -> 70 | C3: =Baza!OM1 -> 70 | D3: =Baza!ON1 -> 70 | E3: =Baza!OO1 -> 70 | F3: =Baza!OP1 -> 70 | G3: =Baza!OQ1 -> 70 | H3: =Baza!OR1 -> 70 | I3: =Baza!OS1 -> 70 | ... S3: =Baza!PC1 -> 70
B4: =Baza!OL2 -> Sq | C4: =Baza!OM2 -> Ssk | D4: =Baza!ON2 -> Sku | E4: =Baza!OO2 -> Sp | F4: =Baza!OP2 -> Sv | G4: =Baza!OQ2 -> Sz | H4: =Baza!OR2 -> Sa | I4: =Baza!OS2 -> Vm (p = 10%) | ... S4: =Baza!PC2 -> Smrk2
B5: =Baza!OL3 -> µm | C5: =Baza!OM3 -> <no unit> | D5: =Baza!ON3 -> <no unit> | E5: =Baza!OO3 -> µm | F5: =Baza!OP3 -> µm | G5: =Baza!OQ3 -> µm | H5: =Baza!OR3 -> µm | I5: =Baza!OS3 -> mm³/mm² | ... S5: =Baza!PC3 -> %
A6: Conf blue | B6: =Baza!OL4 -> 0.17793514 | C6: =Baza!OM4 -> -0.23820775 | D6: =Baza!ON4 -> 4.0549582 | E6: =Baza!OO4 -> 1.252787 | F6: =Baza!OP4 -> 1.1107315 | G6: =Baza!OQ4 -> 2.3635185 | H6: =Baza!OR4 -> 0.13691071 | I6: =Baza!OS4 -> 8.8426989e-06 | ... S6: =Baza!PC4 -> 88.116489
A7: Conf green | B7: =Baza!OL5 -> 0.20173095 | C7: =Baza!OM5 -> -0.3281121 | D7: =Baza!ON5 -> 4.3109941 | E7: =Baza!OO5 -> 1.224416 | F7: =Baza!OP5 -> 1.453828 | G7: =Baza!OQ5 -> 2.678244 | H7: =Baza!OR5 -> 0.15394258 | I7: =Baza!OS5 -> 1.0151994e-05 | ... S7: =Baza!PC5 -> 87.888386
A8: Conf red | B8: =Baza!OL6 -> 0.24641309 | C8: =Baza!OM6 -> -0.29068415 | D8: =Baza!ON6 -> 4.5588478 | E8: =Baza!OO6 -> 1.399099 | F8: =Baza!OP6 -> 1.810168 | G8: =Baza!OQ6 -> 3.209267 | H8: =Baza!OR6 -> 0.18622353 | I8: =Baza!OS6 -> 1.3178015e-05 | ... S8: =Baza!PC6 -> 88.204901
A9: Fusion blue | B9: =Baza!OL7 -> 0.21492077 | C9: =Baza!OM7 -> -0.17070955 | D9: =Baza!ON7 -> 4.5086553 | E9: =Baza!OO7 -> 1.470893 | F9: =Baza!OP7 -> 1.371746 | G9: =Baza!OQ7 -> 2.842639 | H9: =Baza!OR7 -> 0.1634329 | I9: =Baza!OS7 -> 1.1722036e-05 | ... S9: =Baza!PC7 -> 88.062581
A10: Fusion green | B10: =Baza!OL8 -> 0.23297764 | C10: =Baza!OM8 -> -0.45146753 | D10: =Baza!ON8 -> 4.8755334 | E10: =Baza!OO8 -> 1.481369 | F10: =Baza!OP8 -> 1.677249 | G10: =Baza!OQ8 -> 3.158618 | H10: =Baza!OR8 -> 0.17501856 | I10: =Baza!OS8 -> 1.1867853e-05 | ... S10: =Baza!PC8 -> 87.08296
A11: Fusion red | B11: =Baza!OL9 -> 0.2883579 | C11: =Baza!OM9 -> -0.54732557 | D11: =Baza!ON9 -> 5.3335169 | E11: =Baza!OO9 -> 1.605846 | F11: =Baza!OP9 -> 2.185173 | G11: =Baza!OQ9 -> 3.791019 | H11: =Baza!OR9 -> 0.21381709 | I11: =Baza!OS9 -> 1.4927686e-05 | ... S11: =Baza!PC9 -> 87.229691
A12: FV blue | B12: =Baza!OL10 -> 0.3072421 | C12: =Baza!OM10 -> -0.95140909 | D12: =Baza!ON10 -> 5.1999421 | E12: =Baza!OO10 -> 1.98789 | F12: =Baza!OP10 -> 2.920322 | G12: =Baza!OQ10 -> 4.908212 | H12: =Baza!OR10 -> 0.23455355 | I12: =Baza!OS10 -> 1.0117644e-05 | ... S12: =Baza!PC10 -> 85.610064
A13: FV green | B13: =Baza!OL11 -> 0.16050374 | C13: =Baza!OM11 -> -0.060638856 | D13: =Baza!ON11 -> 3.7690844 | E13: =Baza!OO11 -> 1.394838 | F13: =Baza!OP11 -> 1.016782 | G13: =Baza!OQ11 -> 2.41162 | H13: =Baza!OR11 -> 0.12532097 | I13: =Baza!OS11 -> 8.2049971e-06 | ... S13: =Baza!PC11 -> 89.044622
A14: FV red | B14: =Baza!OL12 -> 0.20022883 | C14: =Baza!OM12 -> 0.18916581 | D14: =Baza!ON12 -> 3.7153706 | E14: =Baza!OO12 -> 1.539996 | F14: =Baza!OP12 -> 1.229057 | G14: =Baza!OQ12 -> 2.769053 | H14: =Baza!OR12 -> 0.15625853 | I14: =Baza!OS12 -> 1.1621527e-05 | ... S14: =Baza!PC12 -> 89.477099
A15: Int blue | B15: =Baza!OL13 -> 0.50947166 | C15: =Baza!OM13 -> 0.13257179 | D15: =Baza!ON13 -> 3.07744 | E15: =Baza!OO13 -> 2.6190326 | F15: =Baza!OP13 -> 2.1149656 | G15: =Baza!OQ13 -> 4.7339982 | H15: =Baza!OR13 -> 0.40447129 | I15: =Baza!OS13 -> 2.6625384e-05 | ... S15: =Baza!PC13 -> 90.202107
A16: Int blue 2 | B16: =Baza!OL14 -> 0.5147978 | C16: =Baza!OM14 -> 0.13072248 | D16: =Baza!ON14 -> 3.0572931 | E16: =Baza!OO14 -> 2.51857 | F16: =Baza!OP14 -> 2.14535 | G16: =Baza!OQ14 -> 4.66392 | H16: =Baza!OR14 -> 0.40910456 | I16: =Baza!OS14 -> 2.6776158e-05 | ... S16: =Baza!PC14 -> 90.268573
A17: Int gree | B17: =Baza!OL15 -> 0.079947581 | C17: =Baza!OM15 -> 0.066060482 | D17: =Baza!ON15 -> 3.3413848 | E17: =Baza!OO15 -> 0.647787 | F17: =Baza!OP15 -> 0.65431 | G17: =Baza!OQ15 -> 1.302097 | H17: =Baza!OR15 -> 0.063129139 | I17: =Baza!OS15 -> 4.1126629e-06 | ... S17: =Baza!PC15 -> 90.134322
... A19: Int white | B19: =Baza!OL17 -> 0.079057706 | C19: =Baza!OM17 -> 0.10519236 | D19: =Baza!ON17 -> 3.3803391 | E19: =Baza!OO17 -> 0.605751 | F19: =Baza!OP17 -> 0.624955 | G19: =Baza!OQ17 -> 1.230706 | H19: =Baza!OR17 -> 0.062478782 | I19: =Baza!OS17 -> 4.1197521e-06 | ... S19: =Baza!PC17 -> 90.376911

Sheet Par_S_005 Graph
B1: =B4 -> Sq | C1: =C4 -> Ssk | D1: =D4 -> Sku | E1: =E4 -> Sp | F1: =F4 -> Sv | G1: =G4 -> Sz | H1: =H4 -> Sa | I1: =I4 -> Vm (p = 10%) | ... S1: =S4 -> Smrk2
B3: =Baza!OL1 -> 70 | C3: =Baza!OM1 -> 70 | D3: =Baza!ON1 -> 70 | E3: =Baza!OO1 -> 70 | F3: =Baza!OP1 -> 70 | G3: =Baza!OQ1 -> 70 | H3: =Baza!OR1 -> 70 | I3: =Baza!OS1 -> 70 | ... S3: =Baza!PC1 -> 70
B4: =Baza!OL2 -> Sq | C4: =Baza!OM2 -> Ssk | D4: =Baza!ON2 -> Sku | E4: =Baza!OO2 -> Sp | F4: =Baza!OP2 -> Sv | G4: =Baza!OQ2 -> Sz | H4: =Baza!OR2 -> Sa | I4: =Baza!OS2 -> Vm (p = 10%) | ... S4: =Baza!PC2 -> Smrk2
B5: =Baza!OL3 -> µm | C5: =Baza!OM3 -> <no unit> | D5: =Baza!ON3 -> <no unit> | E5: =Baza!OO3 -> µm | F5: =Baza!OP3 -> µm | G5: =Baza!OQ3 -> µm | H5: =Baza!OR3 -> µm | I5: =Baza!OS3 -> mm³/mm² | ... S5: =Baza!PC3 -> %
A6: Conf blue | B6: =Baza!OL4 -> 0.17793514 | C6: =Baza!OM4 -> -0.23820775 | D6: =Baza!ON4 -> 4.0549582 | E6: =Baza!OO4 -> 1.252787 | F6: =Baza!OP4 -> 1.1107315 | G6: =Baza!OQ4 -> 2.3635185 | H6: =Baza!OR4 -> 0.13691071 | I6: =Baza!OS4 -> 8.8426989e-06 | ... S6: =Baza!PC4 -> 88.116489
A7: Conf green | B7: =Baza!OL5 -> 0.20173095 | C7: =Baza!OM5 -> -0.3281121 | D7: =Baza!ON5 -> 4.3109941 | E7: =Baza!OO5 -> 1.224416 | F7: =Baza!OP5 -> 1.453828 | G7: =Baza!OQ5 -> 2.678244 | H7: =Baza!OR5 -> 0.15394258 | I7: =Baza!OS5 -> 1.0151994e-05 | ... S7: =Baza!PC5 -> 87.888386
A8: Conf red | B8: =Baza!OL6 -> 0.24641309 | C8: =Baza!OM6 -> -0.29068415 | D8: =Baza!ON6 -> 4.5588478 | E8: =Baza!OO6 -> 1.399099 | F8: =Baza!OP6 -> 1.810168 | G8: =Baza!OQ6 -> 3.209267 | H8: =Baza!OR6 -> 0.18622353 | I8: =Baza!OS6 -> 1.3178015e-05 | ... S8: =Baza!PC6 -> 88.204901
A9: Fusion blue | B9: =Baza!OL7 -> 0.21492077 | C9: =Baza!OM7 -> -0.17070955 | D9: =Baza!ON7 -> 4.5086553 | E9: =Baza!OO7 -> 1.470893 | F9: =Baza!OP7 -> 1.371746 | G9: =Baza!OQ7 -> 2.842639 | H9: =Baza!OR7 -> 0.1634329 | I9: =Baza!OS7 -> 1.1722036e-05 | ... S9: =Baza!PC7 -> 88.062581
A10: Fusion green | B10: =Baza!OL8 -> 0.23297764 | C10: =Baza!OM8 -> -0.45146753 | D10: =Baza!ON8 -> 4.8755334 | E10: =Baza!OO8 -> 1.481369 | F10: =Baza!OP8 -> 1.677249 | G10: =Baza!OQ8 -> 3.158618 | H10: =Baza!OR8 -> 0.17501856 | I10: =Baza!OS8 -> 1.1867853e-05 | ... S10: =Baza!PC8 -> 87.08296
A11: Fusion red | B11: =Baza!OL9 -> 0.2883579 | C11: =Baza!OM9 -> -0.54732557 | D11: =Baza!ON9 -> 5.3335169 | E11: =Baza!OO9 -> 1.605846 | F11: =Baza!OP9 -> 2.185173 | G11: =Baza!OQ9 -> 3.791019 | H11: =Baza!OR9 -> 0.21381709 | I11: =Baza!OS9 -> 1.4927686e-05 | ... S11: =Baza!PC9 -> 87.229691
A12: FV blue | B12: =Baza!OL10 -> 0.3072421 | C12: =Baza!OM10 -> -0.95140909 | D12: =Baza!ON10 -> 5.1999421 | E12: =Baza!OO10 -> 1.98789 | F12: =Baza!OP10 -> 2.920322 | G12: =Baza!OQ10 -> 4.908212 | H12: =Baza!OR10 -> 0.23455355 | I12: =Baza!OS10 -> 1.0117644e-05 | ... S12: =Baza!PC10 -> 85.610064
A13: FV green | B13: =Baza!OL11 -> 0.16050374 | C13: =Baza!OM11 -> -0.060638856 | D13: =Baza!ON11 -> 3.7690844 | E13: =Baza!OO11 -> 1.394838 | F13: =Baza!OP11 -> 1.016782 | G13: =Baza!OQ11 -> 2.41162 | H13: =Baza!OR11 -> 0.12532097 | I13: =Baza!OS11 -> 8.2049971e-06 | ... S13: =Baza!PC11 -> 89.044622
A14: FV red | B14: =Baza!OL12 -> 0.20022883 | C14: =Baza!OM12 -> 0.18916581 | D14: =Baza!ON12 -> 3.7153706 | E14: =Baza!OO12 -> 1.539996 | F14: =Baza!OP12 -> 1.229057 | G14: =Baza!OQ12 -> 2.769053 | H14: =Baza!OR12 -> 0.15625853 | I14: =Baza!OS12 -> 1.1621527e-05 | ... S14: =Baza!PC12 -> 89.477099
A15: Int blue 2 | B15: =Baza!OL14 -> 0.5147978 | C15: =Baza!OM14 -> 0.13072248 | D15: =Baza!ON14 -> 3.0572931 | E15: =Baza!OO14 -> 2.51857 | F15: =Baza!OP14 -> 2.14535 | G15: =Baza!OQ14 -> 4.66392 | H15: =Baza!OR14 -> 0.40910456 | I15: =Baza!OS14 -> 2.6776158e-05 | ... S15: =Baza!PC14 -> 90.268573
A16: Int gree | B16: =Baza!OL15 -> 0.079947581 | C16: =Baza!OM15 -> 0.066060482 | D16: =Baza!ON15 -> 3.3413848 | E16: =Baza!OO15 -> 0.647787 | F16: =Baza!OP15 -> 0.65431 | G16: =Baza!OQ15 -> 1.302097 | H16: =Baza!OR15 -> 0.063129139 | I16: =Baza!OS15 -> 4.1126629e-06 | ... S16: =Baza!PC15 -> 90.134322
A17: Int red | B17: =Baza!OL16 -> 0.16498016 | C17: =Baza!OM16 -> 0.03298325 | D17: =Baza!ON16 -> 3.0781484 | E17: =Baza!OO16 -> 1.003414 | F17: =Baza!OP16 -> 0.827521 | G17: =Baza!OQ16 -> 1.830935 | H17: =Baza!OR16 -> 0.13103646 | I17: =Baza!OS16 -> 8.1399664e-06 | ... S17: =Baza!PC16 -> 89.983383
A18: Int white | B18: =Baza!OL17 -> 0.079057706 | C18: =Baza!OM17 -> 0.10519236 | D18: =Baza!ON17 -> 3.3803391 | E18: =Baza!OO17 -> 0.605751 | F18: =Baza!OP17 -> 0.624955 | G18: =Baza!OQ17 -> 1.230706 | H18: =Baza!OR17 -> 0.062478782 | I18: =Baza!OS17 -> 4.1197521e-06 | ... S18: =Baza!PC17 -> 90.376911

Sheet Par_S_05
B1: =B4 -> Sq | C1: =C4 -> Ssk | D1: =D4 -> Sku | E1: =E4 -> Sp | F1: =F4 -> Sv | G1: =G4 -> Sz | H1: =H4 -> Sa | I1: =I4 -> Vm (p = 10%) | ... S1: =S4 -> Smrk2
B3: =Baza!PD1 -> 71 | C3: =Baza!PE1 -> 71 | D3: =Baza!PF1 -> 71 | E3: =Baza!PG1 -> 71 | F3: =Baza!PH1 -> 71 | G3: =Baza!PI1 -> 71 | H3: =Baza!PJ1 -> 71 | I3: =Baza!PK1 -> 71 | ... S3: =Baza!PU1 -> 71
B4: =Baza!PD2 -> Sq | C4: =Baza!PE2 -> Ssk | D4: =Baza!PF2 -> Sku | E4: =Baza!PG2 -> Sp | F4: =Baza!PH2 -> Sv | G4: =Baza!PI2 -> Sz | H4: =Baza!PJ2 -> Sa | I4: =Baza!PK2 -> Vm (p = 10%) | ... S4: =Baza!PU2 -> Smrk2
B5: =Baza!PD3 -> µm | C5: =Baza!PE3 -> <no unit> | D5: =Baza!PF3 -> <no unit> | E5: =Baza!PG3 -> µm | F5: =Baza!PH3 -> µm | G5: =Baza!PI3 -> µm | H5: =Baza!PJ3 -> µm | I5: =Baza!PK3 -> mm³/mm² | ... S5: =Baza!PU3 -> %
A6: Conf blue | B6: =Baza!PD4 -> 0.1728159 | C6: =Baza!PE4 -> -0.22288335 | D6: =Baza!PF4 -> 3.4690035 | E6: =Baza!PG4 -> 0.9452092 | F6: =Baza!PH4 -> 0.9519834 | G6: =Baza!PI4 -> 1.8971926 | H6: =Baza!PJ4 -> 0.13480971 | I6: =Baza!PK4 -> 8.0888168e-06 | ... S6: =Baza!PU4 -> 88.269729
A7: Conf green | B7: =Baza!PD5 -> 0.19639564 | C7: =Baza!PE5 -> -0.22889921 | D7: =Baza!PF5 -> 3.6199456 | E7: =Baza!PG5 -> 1.071014 | F7: =Baza!PH5 -> 1.14207 | G7: =Baza!PI5 -> 2.213084 | H7: =Baza!PJ5 -> 0.15215465 | I7: =Baza!PK5 -> 9.5476153e-06 | ... S7: =Baza!PU5 -> 87.911525
A8: Conf red | B8: =Baza!PD6 -> 0.23859958 | C8: =Baza!PE6 -> -0.16833683 | D8: =Baza!PF6 -> 3.6697694 | E8: =Baza!PG6 -> 1.158399 | F8: =Baza!PH6 -> 1.302677 | G8: =Baza!PI6 -> 2.461076 | H8: =Baza!PJ6 -> 0.18371274 | I8: =Baza!PK6 -> 1.2273466e-05 | ... S8: =Baza!PU6 -> 88.201685
A9: Fusion blue | B9: =Baza!PD7 -> 0.20539429 | C9: =Baza!PE7 -> -0.20165773 | D9: =Baza!PF7 -> 3.4887759 | E9: =Baza!PG7 -> 1.050761 | F9: =Baza!PH7 -> 1.121247 | G9: =Baza!PI7 -> 2.172008 | H9: =Baza!PJ7 -> 0.15988878 | I9: =Baza!PK7 -> 1.0094464e-05 | ... S9: =Baza!PU7 -> 88.246165
A10: Fusion green | B10: =Baza!PD8 -> 0.22373667 | C10: =Baza!PE8 -> -0.3388668 | D10: =Baza!PF8 -> 3.767997 | E10: =Baza!PG8 -> 1.154637 | F10: =Baza!PH8 -> 1.264205 | G10: =Baza!PI8 -> 2.418842 | H10: =Baza!PJ8 -> 0.17193864 | I10: =Baza!PK8 -> 1.0725028e-05 | ... S10: =Baza!PU8 -> 87.080891
A11: Fusion red | B11: =Baza!PD9 -> 0.27546599 | C11: =Baza!PE9 -> -0.36195088 | D11: =Baza!PF9 -> 3.9145147 | E11: =Baza!PG9 -> 1.274342 | F11: =Baza!PH9 -> 1.525321 | G11: =Baza!PI9 -> 2.799663 | H11: =Baza!PJ9 -> 0.20973534 | I11: =Baza!PK9 -> 1.3581619e-05 | ... S11: =Baza!PU9 -> 87.237646
A12: FV blue | B12: =Baza!PD10 -> 0.30015602 | C12: =Baza!PE10 -> -0.77216299 | D12: =Baza!PF10 -> 4.056084 | E12: =Baza!PG10 -> 1.862762 | F12: =Baza!PH10 -> 2.069129 | G12: =Baza!PI10 -> 3.931891 | H12: =Baza!PJ10 -> 0.23271195 | I12: =Baza!PK10 -> 9.6858792e-06 | ... S12: =Baza!PU10 -> 85.601595
A13: FV green | B13: =Baza!PD11 -> 0.15851466 | C13: =Baza!PE11 -> -0.060627524 | D13: =Baza!PF11 -> 3.4867824 | E13: =Baza!PG11 -> 1.184204 | F13: =Baza!PH11 -> 0.936723 | G13: =Baza!PI11 -> 2.120927 | H13: =Baza!PJ11 -> 0.12465317 | I13: =Baza!PK11 -> 7.7655602e-06 | ... S13: =Baza!PU11 -> 89.058144
A14: FV red | B14: =Baza!PD12 -> 0.19788506 | C14: =Baza!PE12 -> 0.16660593 | D14: =Baza!PF12 -> 3.4769314 | E14: =Baza!PG12 -> 1.374423 | F14: =Baza!PH12 -> 1.139366 | G14: =Baza!PI12 -> 2.513789 | H14: =Baza!PJ12 -> 0.15542931 | I14: =Baza!PK12 -> 1.1058541e-05 | ... S14: =Baza!PU12 -> 89.498987
A15: Int blue | B15: =Baza!PD13 -> 0.49712111 | C15: =Baza!PE13 -> 0.10719935 | D15: =Baza!PF13 -> 2.8407419 | E15: =Baza!PG13 -> 1.9698388 | F15: =Baza!PH13 -> 1.8858286 | G15: =Baza!PI13 -> 3.8556674 | H15: =Baza!PJ13 -> 0.39808212 | I15: =Baza!PK13 -> 2.4379652e-05 | ... S15: =Baza!PU13 -> 90.332786
A16: Int blue 2 | B16: =Baza!PD14 -> 0.50205106 | C16: =Baza!PE14 -> 0.10439111 | D16: =Baza!PF14 -> 2.8145393 | E16: =Baza!PG14 -> 1.99296 | F16: =Baza!PH14 -> 1.81304 | G16: =Baza!PI14 -> 3.806 | H16: =Baza!PJ14 -> 0.40251107 | I16: =Baza!PK14 -> 2.4413087e-05 | ... S16: =Baza!PU14 -> 90.395009
A17: Int gree | B17: =Baza!PD15 -> 0.079152658 | C17: =Baza!PE15 -> 0.05715879 | D17: =Baza!PF15 -> 3.1949699 | E17: =Baza!PG15 -> 0.644242 | F17: =Baza!PH15 -> 0.609909 | G17: =Baza!PI15 -> 1.254151 | H17: =Baza!PJ15 -> 0.062818118 | I17: =Baza!PK15 -> 3.9156666e-06 | ... S17: =Baza!PU15 -> 90.33538
... A19: Int white | B19: =Baza!PD17 -> 0.078214453 | C19: =Baza!PE17 -> 0.088521527 | D19: =Baza!PF17 -> 3.1711833 | E19: =Baza!PG17 -> 0.605444 | F19: =Baza!PH17 -> 0.533548 | G19: =Baza!PI17 -> 1.138992 | H19: =Baza!PJ17 -> 0.062171285 | I19: =Baza!PK17 -> 3.8835964e-06 | ... S19: =Baza!PU17 -> 90.586578

Sheet Par_S_05 Graph
B1: =B4 -> Sq | C1: =C4 -> Ssk | D1: =D4 -> Sku | E1: =E4 -> Sp | F1: =F4 -> Sv | G1: =G4 -> Sz | H1: =H4 -> Sa | I1: =I4 -> Vm (p = 10%) | ... S1: =S4 -> Smrk2
B3: =Baza!PD1 -> 71 | C3: =Baza!PE1 -> 71 | D3: =Baza!PF1 -> 71 | E3: =Baza!PG1 -> 71 | F3: =Baza!PH1 -> 71 | G3: =Baza!PI1 -> 71 | H3: =Baza!PJ1 -> 71 | I3: =Baza!PK1 -> 71 | ... S3: =Baza!PU1 -> 71
B4: =Baza!PD2 -> Sq | C4: =Baza!PE2 -> Ssk | D4: =Baza!PF2 -> Sku | E4: =Baza!PG2 -> Sp | F4: =Baza!PH2 -> Sv | G4: =Baza!PI2 -> Sz | H4: =Baza!PJ2 -> Sa | I4: =Baza!PK2 -> Vm (p = 10%) | ... S4: =Baza!PU2 -> Smrk2
B5: =Baza!PD3 -> µm | C5: =Baza!PE3 -> <no unit> | D5: =Baza!PF3 -> <no unit> | E5: =Baza!PG3 -> µm | F5: =Baza!PH3 -> µm | G5: =Baza!PI3 -> µm | H5: =Baza!PJ3 -> µm | I5: =Baza!PK3 -> mm³/mm² | ... S5: =Baza!PU3 -> %
A6: Conf blue | B6: =Baza!PD4 -> 0.1728159 | C6: =Baza!PE4 -> -0.22288335 | D6: =Baza!PF4 -> 3.4690035 | E6: =Baza!PG4 -> 0.9452092 | F6: =Baza!PH4 -> 0.9519834 | G6: =Baza!PI4 -> 1.8971926 | H6: =Baza!PJ4 -> 0.13480971 | I6: =Baza!PK4 -> 8.0888168e-06 | ... S6: =Baza!PU4 -> 88.269729
A7: Conf green | B7: =Baza!PD5 -> 0.19639564 | C7: =Baza!PE5 -> -0.22889921 | D7: =Baza!PF5 -> 3.6199456 | E7: =Baza!PG5 -> 1.071014 | F7: =Baza!PH5 -> 1.14207 | G7: =Baza!PI5 -> 2.213084 | H7: =Baza!PJ5 -> 0.15215465 | I7: =Baza!PK5 -> 9.5476153e-06 | ... S7: =Baza!PU5 -> 87.911525
A8: Conf red | B8: =Baza!PD6 -> 0.23859958 | C8: =Baza!PE6 -> -0.16833683 | D8: =Baza!PF6 -> 3.6697694 | E8: =Baza!PG6 -> 1.158399 | F8: =Baza!PH6 -> 1.302677 | G8: =Baza!PI6 -> 2.461076 | H8: =Baza!PJ6 -> 0.18371274 | I8: =Baza!PK6 -> 1.2273466e-05 | ... S8: =Baza!PU6 -> 88.201685
A9: Fusion blue | B9: =Baza!PD7 -> 0.20539429 | C9: =Baza!PE7 -> -0.20165773 | D9: =Baza!PF7 -> 3.4887759 | E9: =Baza!PG7 -> 1.050761 | F9: =Baza!PH7 -> 1.121247 | G9: =Baza!PI7 -> 2.172008 | H9: =Baza!PJ7 -> 0.15988878 | I9: =Baza!PK7 -> 1.0094464e-05 | ... S9: =Baza!PU7 -> 88.246165
A10: Fusion green | B10: =Baza!PD8 -> 0.22373667 | C10: =Baza!PE8 -> -0.3388668 | D10: =Baza!PF8 -> 3.767997 | E10: =Baza!PG8 -> 1.154637 | F10: =Baza!PH8 -> 1.264205 | G10: =Baza!PI8 -> 2.418842 | H10: =Baza!PJ8 -> 0.17193864 | I10: =Baza!PK8 -> 1.0725028e-05 | ... S10: =Baza!PU8 -> 87.080891
A11: Fusion red | B11: =Baza!PD9 -> 0.27546599 | C11: =Baza!PE9 -> -0.36195088 | D11: =Baza!PF9 -> 3.9145147 | E11: =Baza!PG9 -> 1.274342 | F11: =Baza!PH9 -> 1.525321 | G11: =Baza!PI9 -> 2.799663 | H11: =Baza!PJ9 -> 0.20973534 | I11: =Baza!PK9 -> 1.3581619e-05 | ... S11: =Baza!PU9 -> 87.237646
A12: FV blue | B12: =Baza!PD10 -> 0.30015602 | C12: =Baza!PE10 -> -0.77216299 | D12: =Baza!PF10 -> 4.056084 | E12: =Baza!PG10 -> 1.862762 | F12: =Baza!PH10 -> 2.069129 | G12: =Baza!PI10 -> 3.931891 | H12: =Baza!PJ10 -> 0.23271195 | I12: =Baza!PK10 -> 9.6858792e-06 | ... S12: =Baza!PU10 -> 85.601595
A13: FV green | B13: =Baza!PD11 -> 0.15851466 | C13: =Baza!PE11 -> -0.060627524 | D13: =Baza!PF11 -> 3.4867824 | E13: =Baza!PG11 -> 1.184204 | F13: =Baza!PH11 -> 0.936723 | G13: =Baza!PI11 -> 2.120927 | H13: =Baza!PJ11 -> 0.12465317 | I13: =Baza!PK11 -> 7.7655602e-06 | ... S13: =Baza!PU11 -> 89.058144
A14: FV red | B14: =Baza!PD12 -> 0.19788506 | C14: =Baza!PE12 -> 0.16660593 | D14: =Baza!PF12 -> 3.4769314 | E14: =Baza!PG12 -> 1.374423 | F14: =Baza!PH12 -> 1.139366 | G14: =Baza!PI12 -> 2.513789 | H14: =Baza!PJ12 -> 0.15542931 | I14: =Baza!PK12 -> 1.1058541e-05 | ... S14: =Baza!PU12 -> 89.498987
A15: Int blue 2 | B15: =Baza!PD14 -> 0.50205106 | C15: =Baza!PE14 -> 0.10439111 | D15: =Baza!PF14 -> 2.8145393 | E15: =Baza!PG14 -> 1.99296 | F15: =Baza!PH14 -> 1.81304 | G15: =Baza!PI14 -> 3.806 | H15: =Baza!PJ14 -> 0.40251107 | I15: =Baza!PK14 -> 2.4413087e-05 | ... S15: =Baza!PU14 -> 90.395009
A16: Int gree | B16: =Baza!PD15 -> 0.079152658 | C16: =Baza!PE15 -> 0.05715879 | D16: =Baza!PF15 -> 3.1949699 | E16: =Baza!PG15 -> 0.644242 | F16: =Baza!PH15 -> 0.609909 | G16: =Baza!PI15 -> 1.254151 | H16: =Baza!PJ15 -> 0.062818118 | I16: =Baza!PK15 -> 3.9156666e-06 | ... S16: =Baza!PU15 -> 90.33538
A17: Int red | B17: =Baza!PD16 -> 0.16211291 | C17: =Baza!PE16 -> 0.026663109 | D17: =Baza!PF16 -> 2.9219664 | E17: =Baza!PG16 -> 0.796736 | F17: =Baza!PH16 -> 0.769327 | G17: =Baza!PI16 -> 1.566063 | H17: =Baza!PJ16 -> 0.1295946 | I17: =Baza!PK16 -> 7.6176311e-06 | ... S17: =Baza!PU16 -> 90.120296
A18: Int white | B18: =Baza!PD17 -> 0.078214453 | C18: =Baza!PE17 -> 0.088521527 | D18: =Baza!PF17 -> 3.1711833 | E18: =Baza!PG17 -> 0.605444 | F18: =Baza!PH17 -> 0.533548 | G18: =Baza!PI17 -> 1.138992 | H18: =Baza!PJ17 -> 0.062171285 | I18: =Baza!PK17 -> 3.8835964e-06 | ... S18: =Baza!PU17 -> 90.586578

Sheet Par_P_005
B1: =B4 -> Pp[Średnia] | C1: =C4 -> Pv[Średnia] | D1: =D4 -> Pz[Średnia] | E1: =E4 -> Pc (Brak uśredniania (pojedyncza wartość))[Średnia] | F1: =F4 -> Pt[Średnia] | G1: =G4 -> Pa[Średnia] | H1: =H4 -> Pq[Średnia] | I1: =I4 -> Psk[Średnia] | ... O1: =O4 -> PPc (Brak uśredniania (pojedyncza wartość))[Średnia]
C2: 4 | D2: =C2+4 -> 8 | E2: =D2+4 -> 12 | F2: =E2+4 -> 16 | G2: =F2+4 -> 20 | H2: =G2+4 -> 24 | I2: =H2+4 -> 28 | J2: =I2+4 -> 32 | K2: =J2+4 -> 36 | ... O2: =N2+4 -> 52
B3: =Baza!R1 -> 40 | C3: =OFFSET(Baza!$R1,0,C$2) -> 40 | D3: =OFFSET(Baza!$R1,0,D$2) -> 40 | E3: =OFFSET(Baza!$R1,0,E$2) -> 40 | F3: =OFFSET(Baza!$R1,0,F$2) -> 40 | G3: =OFFSET(Baza!$R1,0,G$2) -> 40 | H3: =OFFSET(Baza!$R1,0,H$2) -> 40 | I3: =OFFSET(Baza!$R1,0,I$2) -> 40 | J3: =OFFSET(Baza!$R1,0,J$2) -> 40 | ... O3: =OFFSET(Baza!$R1,0,O$2) -> 40
B4: =Baza!R2 -> Pp[Średnia] | C4: =OFFSET(Baza!$R2,0,C$2) -> Pv[Średnia] | D4: =OFFSET(Baza!$R2,0,D$2) -> Pz[Średnia] | E4: =OFFSET(Baza!$R2,0,E$2) -> Pc (Brak uśredniania (pojedyncza wartość))[Średnia] | F4: =OFFSET(Baza!$R2,0,F$2) -> Pt[Średnia] | G4: =OFFSET(Baza!$R2,0,G$2) -> Pa[Średnia] | H4: =OFFSET(Baza!$R2,0,H$2) -> Pq[Średnia] | I4: =OFFSET(Baza!$R2,0,I$2) -> Psk[Średnia] | J4: =OFFSET(Baza!$R2,0,J$2) -> Pku[Średnia] | ... O4: =OFFSET(Baza!$R2,0,O$2) -> PPc (Brak uśredniania (pojedyncza wartość))[Średnia]
B5: =Baza!R3 -> µm | C5: =OFFSET(Baza!$R3,0,C$2) -> µm | D5: =OFFSET(Baza!$R3,0,D$2) -> µm | E5: =OFFSET(Baza!$R3,0,E$2) -> µm | F5: =OFFSET(Baza!$R3,0,F$2) -> µm | G5: =OFFSET(Baza!$R3,0,G$2) -> µm | H5: =OFFSET(Baza!$R3,0,H$2) -> µm | I5: =OFFSET(Baza!$R3,0,I$2) -> <no unit> | J5: =OFFSET(Baza!$R3,0,J$2) -> <no unit> | ... O5: =OFFSET(Baza!$R3,0,O$2) -> 1/cm
A6: Conf blue | B6: =Baza!R4 -> 0.77338276 | C6: =OFFSET(Baza!$R4,0,C$2) -> 0.81000228 | D6: =OFFSET(Baza!$R4,0,D$2) -> 1.583385 | E6: =OFFSET(Baza!$R4,0,E$2) -> 0.47018989 | F6: =OFFSET(Baza!$R4,0,F$2) -> 1.583385 | G6: =OFFSET(Baza!$R4,0,G$2) -> 0.15971602 | H6: =OFFSET(Baza!$R4,0,H$2) -> 0.20316413 | I6: =OFFSET(Baza!$R4,0,I$2) -> -0.17850123 | J6: =OFFSET(Baza!$R4,0,J$2) -> 3.4428423 | ... O6: =OFFSET(Baza!$R4,0,O$2) -> 254.16376
A7: Conf green | B7: =Baza!R5 -> 0.80086791 | C7: =OFFSET(Baza!$R5,0,C$2) -> 1.0031107 | D7: =OFFSET(Baza!$R5,0,D$2) -> 1.8039786 | E7: =OFFSET(Baza!$R5,0,E$2) -> 0.54008132 | F7: =OFFSET(Baza!$R5,0,F$2) -> 1.8039786 | G7: =OFFSET(Baza!$R5,0,G$2) -> 0.17933656 | H7: =OFFSET(Baza!$R5,0,H$2) -> 0.22958203 | I7: =OFFSET(Baza!$R5,0,I$2) -> -0.25229707 | J7: =OFFSET(Baza!$R5,0,J$2) -> 3.6598021 | ... O7: =OFFSET(Baza!$R5,0,O$2) -> 235.14419
A8: Conf red | B8: =Baza!R6 -> 0.96722958 | C8: =OFFSET(Baza!$R6,0,C$2) -> 1.2581822 | D8: =OFFSET(Baza!$R6,0,D$2) -> 2.2254118 | E8: =OFFSET(Baza!$R6,0,E$2) -> 0.65541317 | F8: =OFFSET(Baza!$R6,0,F$2) -> 2.2254118 | G8: =OFFSET(Baza!$R6,0,G$2) -> 0.21163836 | H8: =OFFSET(Baza!$R6,0,H$2) -> 0.27391344 | I8: =OFFSET(Baza!$R6,0,I$2) -> -0.25446178 | J8: =OFFSET(Baza!$R6,0,J$2) -> 3.9577628 | ... O8: =OFFSET(Baza!$R6,0,O$2) -> 255.52309
A9: Fusion blue | B9: =Baza!R7 -> 1.0643624 | C9: =OFFSET(Baza!$R7,0,C$2) -> 0.98852415 | D9: =OFFSET(Baza!$R7,0,D$2) -> 2.0528866 | E9: =OFFSET(Baza!$R7,0,E$2) -> 0.57758719 | F9: =OFFSET(Baza!$R7,0,F$2) -> 2.0528866 | G9: =OFFSET(Baza!$R7,0,G$2) -> 0.18691223 | H9: =OFFSET(Baza!$R7,0,H$2) -> 0.24022306 | I9: =OFFSET(Baza!$R7,0,I$2) -> -0.11516724 | J9: =OFFSET(Baza!$R7,0,J$2) -> 3.8135555 | ... O9: =OFFSET(Baza!$R7,0,O$2) -> 327.44459
A10: Fusion green | B10: =Baza!R8 -> 0.98166248 | C10: =OFFSET(Baza!$R8,0,C$2) -> 1.2566423 | D10: =OFFSET(Baza!$R8,0,D$2) -> 2.2383048 | E10: =OFFSET(Baza!$R8,0,E$2) -> 0.63229695 | F10: =OFFSET(Baza!$R8,0,F$2) -> 2.2383048 | G10: =OFFSET(Baza!$R8,0,G$2) -> 0.1987579 | H10: =OFFSET(Baza!$R8,0,H$2) -> 0.25820093 | I10: =OFFSET(Baza!$R8,0,I$2) -> -0.36219444 | J10: =OFFSET(Baza!$R8,0,J$2) -> 4.1728674 | ... O10: =OFFSET(Baza!$R8,0,O$2) -> 295.46403
A11: Fusion red | B11: =Baza!R9 -> 1.1358451 | C11: =OFFSET(Baza!$R9,0,C$2) -> 1.6612267 | D11: =OFFSET(Baza!$R9,0,D$2) -> 2.7970717 | E11: =OFFSET(Baza!$R9,0,E$2) -> 0.77998371 | F11: =OFFSET(Baza!$R9,0,F$2) -> 2.7970717 | G11: =OFFSET(Baza!$R9,0,G$2) -> 0.23773439 | H11: =OFFSET(Baza!$R9,0,H$2) -> 0.31339902 | I11: =OFFSET(Baza!$R9,0,I$2) -> -0.47845431 | J11: =OFFSET(Baza!$R9,0,J$2) -> 4.6611835 | ... O11: =OFFSET(Baza!$R9,0,O$2) -> 311.87098
A12: FV blue | B12: =Baza!R10 -> 1.069545 | C12: =OFFSET(Baza!$R10,0,C$2) -> 1.9877507 | D12: =OFFSET(Baza!$R10,0,D$2) -> 3.0572957 | E12: =OFFSET(Baza!$R10,0,E$2) -> 0.91180015 | F12: =OFFSET(Baza!$R10,0,F$2) -> 3.0572957 | G12: =OFFSET(Baza!$R10,0,G$2) -> 0.42547487 | H12: =OFFSET(Baza!$R10,0,H$2) -> 0.52302724 | I12: =OFFSET(Baza!$R10,0,I$2) -> -0.50057203 | J12: =OFFSET(Baza!$R10,0,J$2) -> 3.0206633 | ... O12: =OFFSET(Baza!$R10,0,O$2) -> 77.556757
A13: FV green | B13: =Baza!R11 -> 0.63912395 | C13: =OFFSET(Baza!$R11,0,C$2) -> 0.78528019 | D13: =OFFSET(Baza!$R11,0,D$2) -> 1.4244041 | E13: =OFFSET(Baza!$R11,0,E$2) -> 0.4447207 | F13: =OFFSET(Baza!$R11,0,F$2) -> 1.4244041 | G13: =OFFSET(Baza!$R11,0,G$2) -> 0.17799929 | H13: =OFFSET(Baza!$R11,0,H$2) -> 0.22050819 | I13: =OFFSET(Baza!$R11,0,I$2) -> -0.23167844 | J13: =OFFSET(Baza!$R11,0,J$2) -> 2.9804479 | ... O13: =OFFSET(Baza!$R11,0,O$2) -> 103.56745
A14: FV red | B14: =Baza!R12 -> 0.8357312 | C14: =OFFSET(Baza!$R12,0,C$2) -> 0.91702321 | D14: =OFFSET(Baza!$R12,0,D$2) -> 1.7527544 | E14: =OFFSET(Baza!$R12,0,E$2) -> 0.55700628 | F14: =OFFSET(Baza!$R12,0,F$2) -> 1.7527544 | G14: =OFFSET(Baza!$R12,0,G$2) -> 0.21951312 | H14: =OFFSET(Baza!$R12,0,H$2) -> 0.27263085 | I14: =OFFSET(Baza!$R12,0,I$2) -> -0.22006473 | J14: =OFFSET(Baza!$R12,0,J$2) -> 2.915288 | ... O14: =OFFSET(Baza!$R12,0,O$2) -> 98.123687
A15: Int blue | B15: =Baza!R13 -> 1.8492472 | C15: =OFFSET(Baza!$R13,0,C$2) -> 1.5568819 | D15: =OFFSET(Baza!$R13,0,D$2) -> 3.4061291 | E15: =OFFSET(Baza!$R13,0,E$2) -> 1.3773664 | F15: =OFFSET(Baza!$R13,0,F$2) -> 3.4061291 | G15: =OFFSET(Baza!$R13,0,G$2) -> 0.42248849 | H15: =OFFSET(Baza!$R13,0,H$2) -> 0.52618549 | I15: =OFFSET(Baza!$R13,0,I$2) -> 0.11002675 | J15: =OFFSET(Baza!$R13,0,J$2) -> 2.9637044 | ... O15: =OFFSET(Baza!$R13,0,O$2) -> 226.24039
A16: Int blue 2 | B16: =Baza!R14 -> 1.8529773 | C16: =OFFSET(Baza!$R14,0,C$2) -> 1.5757344 | D16: =OFFSET(Baza!$R14,0,D$2) -> 3.4287117 | E16: =OFFSET(Baza!$R14,0,E$2) -> 1.3865018 | F16: =OFFSET(Baza!$R14,0,F$2) -> 3.4287117 | G16: =OFFSET(Baza!$R14,0,G$2) -> 0.42414008 | H16: =OFFSET(Baza!$R14,0,H$2) -> 0.52794055 | I16: =OFFSET(Baza!$R14,0,I$2) -> 0.11275351 | J16: =OFFSET(Baza!$R14,0,J$2) -> 2.9577027 | ... O16: =OFFSET(Baza!$R14,0,O$2) -> 229.31799
A17: Int gree | B17: =Baza!R15 -> 0.3521839 | C17: =OFFSET(Baza!$R15,0,C$2) -> 0.36064438 | D17: =OFFSET(Baza!$R15,0,D$2) -> 0.71282828 | E17: =OFFSET(Baza!$R15,0,E$2) -> 0.21631691 | F17: =OFFSET(Baza!$R15,0,F$2) -> 0.71282828 | G17: =OFFSET(Baza!$R15,0,G$2) -> 0.090667945 | H17: =OFFSET(Baza!$R15,0,H$2) -> 0.1132121 | I17: =OFFSET(Baza!$R15,0,I$2) -> -0.074240249 | J17: =OFFSET(Baza!$R15,0,J$2) -> 2.9414494 | ... O17: =OFFSET(Baza!$R15,0,O$2) -> 95.02765
... A19: Int white | B19: =Baza!R17 -> 0.35120181 | C19: =OFFSET(Baza!$R17,0,C$2) -> 0.34374826 | D19: =OFFSET(Baza!$R17,0,D$2) -> 0.69495008 | E19: =OFFSET(Baza!$R17,0,E$2) -> 0.21248273 | F19: =OFFSET(Baza!$R17,0,F$2) -> 0.69495008 | G19: =OFFSET(Baza!$R17,0,G$2) -> 0.089565593 | H19: =OFFSET(Baza!$R17,0,H$2) -> 0.11183756 | I19: =OFFSET(Baza!$R17,0,I$2) -> -0.0082723057 | J19: =OFFSET(Baza!$R17,0,J$2) -> 2.9269152 | ... O19: =OFFSET(Baza!$R17,0,O$2) -> 91.599364

Sheet Par_P_05
B1: =B4 -> Pp[Średnia] | C1: =C4 -> Pv[Średnia] | D1: =D4 -> Pz[Średnia] | E1: =E4 -> Pc (Brak uśredniania (pojedyncza wartość))[Średnia] | F1: =F4 -> Pt[Średnia] | G1: =G4 -> Pa[Średnia] | H1: =H4 -> Pq[Średnia] | I1: =I4 -> Psk[Średnia] | ... O1: =O4 -> PPc (Brak uśredniania (pojedyncza wartość))[Średnia]
B2: O ile przesunięte | C2: 4 | D2: =C2+4 -> 8 | E2: =D2+4 -> 12 | F2: =E2+4 -> 16 | G2: =F2+4 -> 20 | H2: =G2+4 -> 24 | I2: =H2+4 -> 28 | J2: =I2+4 -> 32 | K2: =J2+4 -> 36 | ... P2: =O2+4 -> 56
B3: =Baza!BV1 -> 41 | C3: =OFFSET(Baza!$BV1,0,C$2) -> 41 | D3: =OFFSET(Baza!$BV1,0,D$2) -> 41 | E3: =OFFSET(Baza!$BV1,0,E$2) -> 41 | F3: =OFFSET(Baza!$BV1,0,F$2) -> 41 | G3: =OFFSET(Baza!$BV1,0,G$2) -> 41 | H3: =OFFSET(Baza!$BV1,0,H$2) -> 41 | I3: =OFFSET(Baza!$BV1,0,I$2) -> 41 | J3: =OFFSET(Baza!$BV1,0,J$2) -> 41 | ... O3: =OFFSET(Baza!$BV1,0,O$2) -> 41
B4: =Baza!BV2 -> Pp[Średnia] | C4: =OFFSET(Baza!$BV2,0,C$2) -> Pv[Średnia] | D4: =OFFSET(Baza!$BV2,0,D$2) -> Pz[Średnia] | E4: =OFFSET(Baza!$BV2,0,E$2) -> Pc (Brak uśredniania (pojedyncza wartość))[Średnia] | F4: =OFFSET(Baza!$BV2,0,F$2) -> Pt[Średnia] | G4: =OFFSET(Baza!$BV2,0,G$2) -> Pa[Średnia] | H4: =OFFSET(Baza!$BV2,0,H$2) -> Pq[Średnia] | I4: =OFFSET(Baza!$BV2,0,I$2) -> Psk[Średnia] | J4: =OFFSET(Baza!$BV2,0,J$2) -> Pku[Średnia] | ... O4: =OFFSET(Baza!$BV2,0,O$2) -> PPc (Brak uśredniania (pojedyncza wartość))[Średnia]
B5: =Baza!BV3 -> µm | C5: =OFFSET(Baza!$BV3,0,C$2) -> µm | D5: =OFFSET(Baza!$BV3,0,D$2) -> µm | E5: =OFFSET(Baza!$BV3,0,E$2) -> µm | F5: =OFFSET(Baza!$BV3,0,F$2) -> µm | G5: =OFFSET(Baza!$BV3,0,G$2) -> µm | H5: =OFFSET(Baza!$BV3,0,H$2) -> µm | I5: =OFFSET(Baza!$BV3,0,I$2) -> <no unit> | J5: =OFFSET(Baza!$BV3,0,J$2) -> <no unit> | ... O5: =OFFSET(Baza!$BV3,0,O$2) -> 1/cm
A6: Conf blue | B6: =Baza!BV4 -> 0.60203854 | C6: =OFFSET(Baza!$BV4,0,C$2) -> 0.62382136 | D6: =OFFSET(Baza!$BV4,0,D$2) -> 1.2258599 | E6: =OFFSET(Baza!$BV4,0,E$2) -> 0.44203383 | F6: =OFFSET(Baza!$BV4,0,F$2) -> 1.2258599 | G6: =OFFSET(Baza!$BV4,0,G$2) -> 0.15716269 | H6: =OFFSET(Baza!$BV4,0,H$2) -> 0.19761641 | I6: =OFFSET(Baza!$BV4,0,I$2) -> -0.15817841 | J6: =OFFSET(Baza!$BV4,0,J$2) -> 3.0520551 | ... O6: =OFFSET(Baza!$BV4,0,O$2) -> 267.91075
A7: Conf green | B7: =Baza!BV5 -> 0.67880228 | C7: =OFFSET(Baza!$BV5,0,C$2) -> 0.74538482 | D7: =OFFSET(Baza!$BV5,0,D$2) -> 1.4241871 | E7: =OFFSET(Baza!$BV5,0,E$2) -> 0.51127939 | F7: =OFFSET(Baza!$BV5,0,F$2) -> 1.4241871 | G7: =OFFSET(Baza!$BV5,0,G$2) -> 0.17725057 | H7: =OFFSET(Baza!$BV5,0,H$2) -> 0.2241992 | I7: =OFFSET(Baza!$BV5,0,I$2) -> -0.17995646 | J7: =OFFSET(Baza!$BV5,0,J$2) -> 3.1871386 | ... O7: =OFFSET(Baza!$BV5,0,O$2) -> 247.0618
A8: Conf red | B8: =Baza!BV6 -> 0.79292544 | C8: =OFFSET(Baza!$BV6,0,C$2) -> 0.89912306 | D8: =OFFSET(Baza!$BV6,0,D$2) -> 1.6920485 | E8: =OFFSET(Baza!$BV6,0,E$2) -> 0.61674343 | F8: =OFFSET(Baza!$BV6,0,F$2) -> 1.6920485 | G8: =OFFSET(Baza!$BV6,0,G$2) -> 0.20884503 | H8: =OFFSET(Baza!$BV6,0,H$2) -> 0.26622624 | I8: =OFFSET(Baza!$BV6,0,I$2) -> -0.15995279 | J8: =OFFSET(Baza!$BV6,0,J$2) -> 3.3190926 | ... O8: =OFFSET(Baza!$BV6,0,O$2) -> 269.95745
A9: Fusion blue | B9: =Baza!BV7 -> 0.7195819 | C9: =OFFSET(Baza!$BV7,0,C$2) -> 0.73395643 | D9: =OFFSET(Baza!$BV7,0,D$2) -> 1.4535383 | E9: =OFFSET(Baza!$BV7,0,E$2) -> 0.53236462 | F9: =OFFSET(Baza!$BV7,0,F$2) -> 1.4535383 | G9: =OFFSET(Baza!$BV7,0,G$2) -> 0.18226673 | H9: =OFFSET(Baza!$BV7,0,H$2) -> 0.22983873 | I9: =OFFSET(Baza!$BV7,0,I$2) -> -0.12938462 | J9: =OFFSET(Baza!$BV7,0,J$2) -> 3.112223 | ... O9: =OFFSET(Baza!$BV7,0,O$2) -> 352.20382
A10: Fusion green | B10: =Baza!BV8 -> 0.74126493 | C10: =OFFSET(Baza!$BV8,0,C$2) -> 0.87752673 | D10: =OFFSET(Baza!$BV8,0,D$2) -> 1.6187917 | E10: =OFFSET(Baza!$BV8,0,E$2) -> 0.58555267 | F10: =OFFSET(Baza!$BV8,0,F$2) -> 1.6187917 | G10: =OFFSET(Baza!$BV8,0,G$2) -> 0.19535927 | H10: =OFFSET(Baza!$BV8,0,H$2) -> 0.24913074 | I10: =OFFSET(Baza!$BV8,0,I$2) -> -0.27568767 | J10: =OFFSET(Baza!$BV8,0,J$2) -> 3.3703892 | ... O10: =OFFSET(Baza!$BV8,0,O$2) -> 316.4873
A11: Fusion red | B11: =Baza!BV9 -> 0.86428554 | C11: =OFFSET(Baza!$BV9,0,C$2) -> 1.1131897 | D11: =OFFSET(Baza!$BV9,0,D$2) -> 1.9774752 | E11: =OFFSET(Baza!$BV9,0,E$2) -> 0.7212999 | F11: =OFFSET(Baza!$BV9,0,F$2) -> 1.9774752 | G11: =OFFSET(Baza!$BV9,0,G$2) -> 0.23333002 | H11: =OFFSET(Baza!$BV9,0,H$2) -> 0.30083662 | I11: =OFFSET(Baza!$BV9,0,I$2) -> -0.32864486 | J11: =OFFSET(Baza!$BV9,0,J$2) -> 3.5912676 | ... O11: =OFFSET(Baza!$BV9,0,O$2) -> 335.01038
A12: FV blue | B12: =Baza!BV10 -> 1.0054262 | C12: =OFFSET(Baza!$BV10,0,C$2) -> 1.6639473 | D12: =OFFSET(Baza!$BV10,0,D$2) -> 2.6693735 | E12: =OFFSET(Baza!$BV10,0,E$2) -> 0.87005758 | F12: =OFFSET(Baza!$BV10,0,F$2) -> 2.6693735 | G12: =OFFSET(Baza!$BV10,0,G$2) -> 0.42223621 | H12: =OFFSET(Baza!$BV10,0,H$2) -> 0.51566865 | I12: =OFFSET(Baza!$BV10,0,I$2) -> -0.45907894 | J12: =OFFSET(Baza!$BV10,0,J$2) -> 2.8137356 | ... O12: =OFFSET(Baza!$BV10,0,O$2) -> 79.744994
A13: FV green | B13: =Baza!BV11 -> 0.56627565 | C13: =OFFSET(Baza!$BV11,0,C$2) -> 0.69512173 | D13: =OFFSET(Baza!$BV11,0,D$2) -> 1.2613974 | E13: =OFFSET(Baza!$BV11,0,E$2) -> 0.43190066 | F13: =OFFSET(Baza!$BV11,0,F$2) -> 1.2613974 | G13: =OFFSET(Baza!$BV11,0,G$2) -> 0.17697989 | H13: =OFFSET(Baza!$BV11,0,H$2) -> 0.21831103 | I13: =OFFSET(Baza!$BV11,0,I$2) -> -0.22953333 | J13: =OFFSET(Baza!$BV11,0,J$2) -> 2.8653935 | ... O13: =OFFSET(Baza!$BV11,0,O$2) -> 106.39861
A14: FV red | B14: =Baza!BV12 -> 0.72770133 | C14: =OFFSET(Baza!$BV12,0,C$2) -> 0.83911263 | D14: =OFFSET(Baza!$BV12,0,D$2) -> 1.566814 | E14: =OFFSET(Baza!$BV12,0,E$2) -> 0.54175355 | F14: =OFFSET(Baza!$BV12,0,F$2) -> 1.566814 | G14: =OFFSET(Baza!$BV12,0,G$2) -> 0.21823416 | H14: =OFFSET(Baza!$BV12,0,H$2) -> 0.26999099 | I14: =OFFSET(Baza!$BV12,0,I$2) -> -0.23013406 | J14: =OFFSET(Baza!$BV12,0,J$2) -> 2.8422493 | ... O14: =OFFSET(Baza!$BV12,0,O$2) -> 100.66828
A15: Int blue | B15: =Baza!BV13 -> 1.5325922 | C15: =OFFSET(Baza!$BV13,0,C$2) -> 1.3414391 | D15: =OFFSET(Baza!$BV13,0,D$2) -> 2.8740313 | E15: =OFFSET(Baza!$BV13,0,E$2) -> 1.3129474 | F15: =OFFSET(Baza!$BV13,0,F$2) -> 2.8740313 | G15: =OFFSET(Baza!$BV13,0,G$2) -> 0.41515029 | H15: =OFFSET(Baza!$BV13,0,H$2) -> 0.51334236 | I15: =OFFSET(Baza!$BV13,0,I$2) -> 0.099847027 | J15: =OFFSET(Baza!$BV13,0,J$2) -> 2.7644931 | ... O15: =OFFSET(Baza!$BV13,0,O$2) -> 229.16601
A16: Int blue 2 | B16: =Baza!BV14 -> 1.5162244 | C16: =OFFSET(Baza!$BV14,0,C$2) -> 1.3416252 | D16: =OFFSET(Baza!$BV14,0,D$2) -> 2.8578496 | E16: =OFFSET(Baza!$BV14,0,E$2) -> 1.3193592 | F16: =OFFSET(Baza!$BV14,0,F$2) -> 2.8578496 | G16: =OFFSET(Baza!$BV14,0,G$2) -> 0.41660105 | H16: =OFFSET(Baza!$BV14,0,H$2) -> 0.51466626 | I16: =OFFSET(Baza!$BV14,0,I$2) -> 0.096311823 | J16: =OFFSET(Baza!$BV14,0,J$2) -> 2.7455725 | ... O16: =OFFSET(Baza!$BV14,0,O$2) -> 232.70269
A17: Int gree | B17: =Baza!BV15 -> 343.67539 | C17: =OFFSET(Baza!$BV15,0,C$2) -> 337.4717 | D17: =OFFSET(Baza!$BV15,0,D$2) -> 681.14709 | E17: =OFFSET(Baza!$BV15,0,E$2) -> 212.27779 | F17: =OFFSET(Baza!$BV15,0,F$2) -> 681.14709 | G17: =OFFSET(Baza!$BV15,0,G$2) -> 90.056833 | H17: =OFFSET(Baza!$BV15,0,H$2) -> 112.18468 | I17: =OFFSET(Baza!$BV15,0,I$2) -> -0.066742979 | J17: =OFFSET(Baza!$BV15,0,J$2) -> 2.9026132 | ... O17: =OFFSET(Baza!$BV15,0,O$2) -> 96.412877
... A19: Int white | B19: =Baza!BV17 -> 339.70146 | C19: =OFFSET(Baza!$BV17,0,C$2) -> 322.75329 | D19: =OFFSET(Baza!$BV17,0,D$2) -> 662.45475 | E19: =OFFSET(Baza!$BV17,0,E$2) -> 209.02611 | F19: =OFFSET(Baza!$BV17,0,F$2) -> 662.45475 | G19: =OFFSET(Baza!$BV17,0,G$2) -> 88.941013 | H19: =OFFSET(Baza!$BV17,0,H$2) -> 110.78011 | I19: =OFFSET(Baza!$BV17,0,I$2) -> -0.0051473546 | J19: =OFFSET(Baza!$BV17,0,J$2) -> 2.8799441 | ... O19: =OFFSET(Baza!$BV17,0,O$2) -> 92.610167

Sheet Par_R_005
B1: =B4 -> Rp[Średnia] | C1: =C4 -> Rv[Średnia] | D1: =D4 -> Rz[Średnia] | E1: =E4 -> Rc (Brak uśredniania (pojedyncza wartość))[Średnia] | F1: =F4 -> Rt[Średnia] | G1: =G4 -> Ra[Średnia] | H1: =H4 -> Rq[Średnia] | I1: =I4 -> Rsk[Średnia] | ... T1: =T4 -> RPc (Brak uśredniania (pojedyncza wartość))[Średnia] | U1: Rp/Rv
B2: O ile przesunięte | C2: 4 | D2: =C2+4 -> 8 | E2: =D2+4 -> 12 | F2: =E2+4 -> 16 | G2: =F2+4 -> 20 | H2: =G2+4 -> 24 | I2: =H2+4 -> 28 | J2: =I2+4 -> 32 | K2: =J2+4 -> 36 | ... W2: =V2+4 -> 84
B3: =Baza!DZ1 -> 50 | C3: =OFFSET(Baza!$DZ1,0,C$2) -> 50 | D3: =OFFSET(Baza!$DZ1,0,D$2) -> 50 | E3: =OFFSET(Baza!$DZ1,0,E$2) -> 50 | F3: =OFFSET(Baza!$DZ1,0,F$2) -> 50 | G3: =OFFSET(Baza!$DZ1,0,G$2) -> 50 | H3: =OFFSET(Baza!$DZ1,0,H$2) -> 50 | I3: =OFFSET(Baza!$DZ1,0,I$2) -> 50 | J3: =OFFSET(Baza!$DZ1,0,J$2) -> 50 | ... T3: =OFFSET(Baza!$DZ1,0,T$2) -> 50
B4: =Baza!DZ2 -> Rp[Średnia] | C4: =OFFSET(Baza!$DZ2,0,C$2) -> Rv[Średnia] | D4: =OFFSET(Baza!$DZ2,0,D$2) -> Rz[Średnia] | E4: =OFFSET(Baza!$DZ2,0,E$2) -> Rc (Brak uśredniania (pojedyncza wartość))[Średnia] | F4: =OFFSET(Baza!$DZ2,0,F$2) -> Rt[Średnia] | G4: =OFFSET(Baza!$DZ2,0,G$2) -> Ra[Średnia] | H4: =OFFSET(Baza!$DZ2,0,H$2) -> Rq[Średnia] | I4: =OFFSET(Baza!$DZ2,0,I$2) -> Rsk[Średnia] | J4: =OFFSET(Baza!$DZ2,0,J$2) -> Rku[Średnia] | ... T4: =OFFSET(Baza!$DZ2,0,T$2) -> RPc (Brak uśredniania (pojedyncza wartość))[Średnia]
B5: =Baza!DZ3 -> µm | C5: =OFFSET(Baza!$DZ3,0,C$2) -> µm | D5: =OFFSET(Baza!$DZ3,0,D$2) -> µm | E5: =OFFSET(Baza!$DZ3,0,E$2) -> µm | F5: =OFFSET(Baza!$DZ3,0,F$2) -> µm | G5: =OFFSET(Baza!$DZ3,0,G$2) -> µm | H5: =OFFSET(Baza!$DZ3,0,H$2) -> µm | I5: =OFFSET(Baza!$DZ3,0,I$2) -> <no unit> | J5: =OFFSET(Baza!$DZ3,0,J$2) -> <no unit> | ... T5: =OFFSET(Baza!$DZ3,0,T$2) -> 1/cm
A6: Conf blue | B6: =Baza!DZ4 -> 0.51979896 | C6: =OFFSET(Baza!$DZ4,0,C$2) -> 0.58068751 | D6: =OFFSET(Baza!$DZ4,0,D$2) -> 1.1004865 | E6: =OFFSET(Baza!$DZ4,0,E$2) -> 0.43036887 | F6: =OFFSET(Baza!$DZ4,0,F$2) -> 1.4929781 | G6: =OFFSET(Baza!$DZ4,0,G$2) -> 0.13147468 | H6: =OFFSET(Baza!$DZ4,0,H$2) -> 0.16928394 | I6: =OFFSET(Baza!$DZ4,0,I$2) -> -0.21746263 | J6: =OFFSET(Baza!$DZ4,0,J$2) -> 3.7851335 | ... T6: =OFFSET(Baza!$DZ4,0,T$2) -> 308.65237 | U6: =B6/C6 -> 0.89514403
A7: Conf green | B7: =Baza!DZ5 -> 0.5719456 | C7: =OFFSET(Baza!$DZ5,0,C$2) -> 0.70856967 | D7: =OFFSET(Baza!$DZ5,0,D$2) -> 1.2805153 | E7: =OFFSET(Baza!$DZ5,0,E$2) -> 0.49960186 | F7: =OFFSET(Baza!$DZ5,0,F$2) -> 1.7178143 | G7: =OFFSET(Baza!$DZ5,0,G$2) -> 0.15090834 | H7: =OFFSET(Baza!$DZ5,0,H$2) -> 0.19570794 | I7: =OFFSET(Baza!$DZ5,0,I$2) -> -0.29062689 | J7: =OFFSET(Baza!$DZ5,0,J$2) -> 3.9636684 | ... T7: =OFFSET(Baza!$DZ5,0,T$2) -> 288.90111 | U7: =B7/C7 -> 0.8071833
A8: Conf red | B8: =Baza!DZ6 -> 0.70630356 | C8: =OFFSET(Baza!$DZ6,0,C$2) -> 0.89571865 | D8: =OFFSET(Baza!$DZ6,0,D$2) -> 1.6020222 | E8: =OFFSET(Baza!$DZ6,0,E$2) -> 0.6140241 | F8: =OFFSET(Baza!$DZ6,0,F$2) -> 2.1461412 | G8: =OFFSET(Baza!$DZ6,0,G$2) -> 0.18312845 | H8: =OFFSET(Baza!$DZ6,0,H$2) -> 0.23974919 | I8: =OFFSET(Baza!$DZ6,0,I$2) -> -0.28650887 | J8: =OFFSET(Baza!$DZ6,0,J$2) -> 4.1869624 | ... T8: =OFFSET(Baza!$DZ6,0,T$2) -> 305.25354 | U8: =B8/C8 -> 0.78853283
A9: Fusion blue | B9: =Baza!DZ7 -> 0.73088149 | C9: =OFFSET(Baza!$DZ7,0,C$2) -> 0.75145317 | D9: =OFFSET(Baza!$DZ7,0,D$2) -> 1.4823347 | E9: =OFFSET(Baza!$DZ7,0,E$2) -> 0.5340481 | F9: =OFFSET(Baza!$DZ7,0,F$2) -> 1.9759948 | G9: =OFFSET(Baza!$DZ7,0,G$2) -> 0.15821241 | H9: =OFFSET(Baza!$DZ7,0,H$2) -> 0.20698632 | I9: =OFFSET(Baza!$DZ7,0,I$2) -> -0.18710015 | J9: =OFFSET(Baza!$DZ7,0,J$2) -> 4.2873805 | ... T9: =OFFSET(Baza!$DZ7,0,T$2) -> 384.81742 | U9: =B9/C9 -> 0.97262415
A10: Fusion green | B10: =Baza!DZ8 -> 0.7164144 | C10: =OFFSET(Baza!$DZ8,0,C$2) -> 0.9083388 | D10: =OFFSET(Baza!$DZ8,0,D$2) -> 1.6247532 | E10: =OFFSET(Baza!$DZ8,0,E$2) -> 0.59533435 | F10: =OFFSET(Baza!$DZ8,0,F$2) -> 2.1751027 | G10: =OFFSET(Baza!$DZ8,0,G$2) -> 0.17336665 | H10: =OFFSET(Baza!$DZ8,0,H$2) -> 0.2285298 | I10: =OFFSET(Baza!$DZ8,0,I$2) -> -0.40631973 | J10: =OFFSET(Baza!$DZ8,0,J$2) -> 4.496094 | ... T10: =OFFSET(Baza!$DZ8,0,T$2) -> 348.3802 | U10: =B10/C10 -> 0.78870836
A11: Fusion red | B11: =Baza!DZ9 -> 0.84696012 | C11: =OFFSET(Baza!$DZ9,0,C$2) -> 1.1949619 | D11: =OFFSET(Baza!$DZ9,0,D$2) -> 2.041922 | E11: =OFFSET(Baza!$DZ9,0,E$2) -> 0.74129639 | F11: =OFFSET(Baza!$DZ9,0,F$2) -> 2.7342098 | G11: =OFFSET(Baza!$DZ9,0,G$2) -> 0.21281834 | H11: =OFFSET(Baza!$DZ9,0,H$2) -> 0.2838575 | I11: =OFFSET(Baza!$DZ9,0,I$2) -> -0.51748797 | J11: =OFFSET(Baza!$DZ9,0,J$2) -> 4.8614609 | ... T11: =OFFSET(Baza!$DZ9,0,T$2) -> 361.20678 | U11: =B11/C11 -> 0.70877583
A12: FV blue | B12: =Baza!DZ10 -> 0.5784224 | C12: =OFFSET(Baza!$DZ10,0,C$2) -> 0.95222549 | D12: =OFFSET(Baza!$DZ10,0,D$2) -> 1.5306479 | E12: =OFFSET(Baza!$DZ10,0,E$2) -> 0.67223261 | F12: =OFFSET(Baza!$DZ10,0,F$2) -> 2.1240286 | G12: =OFFSET(Baza!$DZ10,0,G$2) -> 0.21798559 | H12: =OFFSET(Baza!$DZ10,0,H$2) -> 0.27799825 | I12: =OFFSET(Baza!$DZ10,0,I$2) -> -0.6841652 | J12: =OFFSET(Baza!$DZ10,0,J$2) -> 3.7857787 | ... T12: =OFFSET(Baza!$DZ10,0,T$2) -> 164.87391 | U12: =B12/C12 -> 0.60744268
A13: FV green | B13: =Baza!DZ11 -> 0.41628376 | C13: =OFFSET(Baza!$DZ11,0,C$2) -> 0.42507655 | D13: =OFFSET(Baza!$DZ11,0,D$2) -> 0.8413603 | E13: =OFFSET(Baza!$DZ11,0,E$2) -> 0.36951518 | F13: =OFFSET(Baza!$DZ11,0,F$2) -> 1.1542519 | G13: =OFFSET(Baza!$DZ11,0,G$2) -> 0.11641594 | H13: =OFFSET(Baza!$DZ11,0,H$2) -> 0.14801843 | I13: =OFFSET(Baza!$DZ11,0,I$2) -> -0.021981869 | J13: =OFFSET(Baza!$DZ11,0,J$2) -> 3.4328258 | ... T13: =OFFSET(Baza!$DZ11,0,T$2) -> 170.01916 | U13: =B13/C13 -> 0.97931482
A14: FV red | B14: =Baza!DZ12 -> 0.55379955 | C14: =OFFSET(Baza!$DZ12,0,C$2) -> 0.46506284 | D14: =OFFSET(Baza!$DZ12,0,D$2) -> 1.0188624 | E14: =OFFSET(Baza!$DZ12,0,E$2) -> 0.45864865 | F14: =OFFSET(Baza!$DZ12,0,F$2) -> 1.3849717 | G14: =OFFSET(Baza!$DZ12,0,G$2) -> 0.1443531 | H14: =OFFSET(Baza!$DZ12,0,H$2) -> 0.1832984 | I14: =OFFSET(Baza!$DZ12,0,I$2) -> 0.23121915 | J14: =OFFSET(Baza!$DZ12,0,J$2) -> 3.4008317 | ... T14: =OFFSET(Baza!$DZ12,0,T$2) -> 164.94499 | U14: =B14/C14 -> 1.1908058
A15: Int blue | B15: =Baza!DZ13 -> 1.455629 | C15: =OFFSET(Baza!$DZ13,0,C$2) -> 1.3013012 | D15: =OFFSET(Baza!$DZ13,0,D$2) -> 2.7569303 | E15: =OFFSET(Baza!$DZ13,0,E$2) -> 1.3362191 | F15: =OFFSET(Baza!$DZ13,0,F$2) -> 3.3788555 | G15: =OFFSET(Baza!$DZ13,0,G$2) -> 0.39802881 | H15: =OFFSET(Baza!$DZ13,0,H$2) -> 0.49708887 | I15: =OFFSET(Baza!$DZ13,0,I$2) -> 0.10537105 | J15: =OFFSET(Baza!$DZ13,0,J$2) -> 3.0686876 | ... T15: =OFFSET(Baza!$DZ13,0,T$2) -> 240.63141 | U15: =B15/C15 -> 1.118595
A16: Int blue 2 | B16: =Baza!DZ14 -> 1.4674013 | C16: =OFFSET(Baza!$DZ14,0,C$2) -> 1.3104813 | D16: =OFFSET(Baza!$DZ14,0,D$2) -> 2.7778826 | E16: =OFFSET(Baza!$DZ14,0,E$2) -> 1.3509689 | F16: =OFFSET(Baza!$DZ14,0,F$2) -> 3.4037359 | G16: =OFFSET(Baza!$DZ14,0,G$2) -> 0.4025356 | H16: =OFFSET(Baza!$DZ14,0,H$2) -> 0.5023225 | I16: =OFFSET(Baza!$DZ14,0,I$2) -> 0.10886563 | J16: =OFFSET(Baza!$DZ14,0,J$2) -> 3.0552019 | ... T16: =OFFSET(Baza!$DZ14,0,T$2) -> 241.24611 | U16: =B16/C16 -> 1.1197422
A17: Int gree | B17: =Baza!DZ15 -> 0.21002776 | C17: =OFFSET(Baza!$DZ15,0,C$2) -> 0.19818407 | D17: =OFFSET(Baza!$DZ15,0,D$2) -> 0.40821184 | E17: =OFFSET(Baza!$DZ15,0,E$2) -> 0.18294566 | F17: =OFFSET(Baza!$DZ15,0,F$2) -> 0.55668525 | G17: =OFFSET(Baza!$DZ15,0,G$2) -> 0.059598751 | H17: =OFFSET(Baza!$DZ15,0,H$2) -> 0.074758895 | I17: =OFFSET(Baza!$DZ15,0,I$2) -> 0.070218533 | J17: =OFFSET(Baza!$DZ15,0,J$2) -> 3.1042213 | ... T17: =OFFSET(Baza!$DZ15,0,T$2) -> 151.7723 | U17: =B17/C17 -> 1.059761
... A19: Int white | B19: =Baza!DZ17 -> 0.19927083 | C19: =OFFSET(Baza!$DZ17,0,C$2) -> 0.19346009 | D19: =OFFSET(Baza!$DZ17,0,D$2) -> 0.39273092 | E19: =OFFSET(Baza!$DZ17,0,E$2) -> 0.17874987 | F19: =OFFSET(Baza!$DZ17,0,F$2) -> 0.5353453 | G19: =OFFSET(Baza!$DZ17,0,G$2) -> 0.058625806 | H19: =OFFSET(Baza!$DZ17,0,H$2) -> 0.073439971 | I19: =OFFSET(Baza!$DZ17,0,I$2) -> 0.085146824 | J19: =OFFSET(Baza!$DZ17,0,J$2) -> 3.0753242 | ... T19: =OFFSET(Baza!$DZ17,0,T$2) -> 142.96724 | U19: =B19/C19 -> 1.0300359

Sheet Par_R_005_Graph
B1: =B4 -> Rp[Średnia] | C1: =C4 -> Rv[Średnia] | D1: =D4 -> Rz[Średnia] | E1: =E4 -> Rc (Brak uśredniania (pojedyncza wartość))[Średnia] | F1: =F4 -> Rt[Średnia] | G1: =G4 -> Ra[Średnia] | H1: =H4 -> Rq[Średnia] | I1: =I4 -> Rsk[Średnia] | ... T1: =T4 -> RPc (Brak uśredniania (pojedyncza wartość))[Średnia] | U1: Rp/Rv
B2: O ile przesunięte | C2: 4 | D2: =C2+4 -> 8 | E2: =D2+4 -> 12 | F2: =E2+4 -> 16 | G2: =F2+4 -> 20 | H2: =G2+4 -> 24 | I2: =H2+4 -> 28 | J2: =I2+4 -> 32 | K2: =J2+4 -> 36 | ... W2: =V2+4 -> 84
B3: =Baza!DZ1 -> 50 | C3: =OFFSET(Baza!$DZ1,0,C$2) -> 50 | D3: =OFFSET(Baza!$DZ1,0,D$2) -> 50 | E3: =OFFSET(Baza!$DZ1,0,E$2) -> 50 | F3: =OFFSET(Baza!$DZ1,0,F$2) -> 50 | G3: =OFFSET(Baza!$DZ1,0,G$2) -> 50 | H3: =OFFSET(Baza!$DZ1,0,H$2) -> 50 | I3: =OFFSET(Baza!$DZ1,0,I$2) -> 50 | J3: =OFFSET(Baza!$DZ1,0,J$2) -> 50 | ... T3: =OFFSET(Baza!$DZ1,0,T$2) -> 50
B4: =Baza!DZ2 -> Rp[Średnia] | C4: =OFFSET(Baza!$DZ2,0,C$2) -> Rv[Średnia] | D4: =OFFSET(Baza!$DZ2,0,D$2) -> Rz[Średnia] | E4: =OFFSET(Baza!$DZ2,0,E$2) -> Rc (Brak uśredniania (pojedyncza wartość))[Średnia] | F4: =OFFSET(Baza!$DZ2,0,F$2) -> Rt[Średnia] | G4: =OFFSET(Baza!$DZ2,0,G$2) -> Ra[Średnia] | H4: =OFFSET(Baza!$DZ2,0,H$2) -> Rq[Średnia] | I4: =OFFSET(Baza!$DZ2,0,I$2) -> Rsk[Średnia] | J4: =OFFSET(Baza!$DZ2,0,J$2) -> Rku[Średnia] | ... T4: =OFFSET(Baza!$DZ2,0,T$2) -> RPc (Brak uśredniania (pojedyncza wartość))[Średnia]
B5: =Baza!DZ3 -> µm | C5: =OFFSET(Baza!$DZ3,0,C$2) -> µm | D5: =OFFSET(Baza!$DZ3,0,D$2) -> µm | E5: =OFFSET(Baza!$DZ3,0,E$2) -> µm | F5: =OFFSET(Baza!$DZ3,0,F$2) -> µm | G5: =OFFSET(Baza!$DZ3,0,G$2) -> µm | H5: =OFFSET(Baza!$DZ3,0,H$2) -> µm | I5: =OFFSET(Baza!$DZ3,0,I$2) -> <no unit> | J5: =OFFSET(Baza!$DZ3,0,J$2) -> <no unit> | ... T5: =OFFSET(Baza!$DZ3,0,T$2) -> 1/cm
A6: Conf blue | B6: =Baza!DZ4 -> 0.51979896 | C6: =OFFSET(Baza!$DZ4,0,C$2) -> 0.58068751 | D6: =OFFSET(Baza!$DZ4,0,D$2) -> 1.1004865 | E6: =OFFSET(Baza!$DZ4,0,E$2) -> 0.43036887 | F6: =OFFSET(Baza!$DZ4,0,F$2) -> 1.4929781 | G6: =OFFSET(Baza!$DZ4,0,G$2) -> 0.13147468 | H6: =OFFSET(Baza!$DZ4,0,H$2) -> 0.16928394 | I6: =OFFSET(Baza!$DZ4,0,I$2) -> -0.21746263 | J6: =OFFSET(Baza!$DZ4,0,J$2) -> 3.7851335 | ... T6: =OFFSET(Baza!$DZ4,0,T$2) -> 308.65237 | U6: =B6/C6 -> 0.89514403
A7: Conf green | B7: =Baza!DZ5 -> 0.5719456 | C7: =OFFSET(Baza!$DZ5,0,C$2) -> 0.70856967 | D7: =OFFSET(Baza!$DZ5,0,D$2) -> 1.2805153 | E7: =OFFSET(Baza!$DZ5,0,E$2) -> 0.49960186 | F7: =OFFSET(Baza!$DZ5,0,F$2) -> 1.7178143 | G7: =OFFSET(Baza!$DZ5,0,G$2) -> 0.15090834 | H7: =OFFSET(Baza!$DZ5,0,H$2) -> 0.19570794 | I7: =OFFSET(Baza!$DZ5,0,I$2) -> -0.29062689 | J7: =OFFSET(Baza!$DZ5,0,J$2) -> 3.9636684 | ... T7: =OFFSET(Baza!$DZ5,0,T$2) -> 288.90111 | U7: =B7/C7 -> 0.8071833
A8: Conf red | B8: =Baza!DZ6 -> 0.70630356 | C8: =OFFSET(Baza!$DZ6,0,C$2) -> 0.89571865 | D8: =OFFSET(Baza!$DZ6,0,D$2) -> 1.6020222 | E8: =OFFSET(Baza!$DZ6,0,E$2) -> 0.6140241 | F8: =OFFSET(Baza!$DZ6,0,F$2) -> 2.1461412 | G8: =OFFSET(Baza!$DZ6,0,G$2) -> 0.18312845 | H8: =OFFSET(Baza!$DZ6,0,H$2) -> 0.23974919 | I8: =OFFSET(Baza!$DZ6,0,I$2) -> -0.28650887 | J8: =OFFSET(Baza!$DZ6,0,J$2) -> 4.1869624 | ... T8: =OFFSET(Baza!$DZ6,0,T$2) -> 305.25354 | U8: =B8/C8 -> 0.78853283
A9: Fusion blue | B9: =Baza!DZ7 -> 0.73088149 | C9: =OFFSET(Baza!$DZ7,0,C$2) -> 0.75145317 | D9: =OFFSET(Baza!$DZ7,0,D$2) -> 1.4823347 | E9: =OFFSET(Baza!$DZ7,0,E$2) -> 0.5340481 | F9: =OFFSET(Baza!$DZ7,0,F$2) -> 1.9759948 | G9: =OFFSET(Baza!$DZ7,0,G$2) -> 0.15821241 | H9: =OFFSET(Baza!$DZ7,0,H$2) -> 0.20698632 | I9: =OFFSET(Baza!$DZ7,0,I$2) -> -0.18710015 | J9: =OFFSET(Baza!$DZ7,0,J$2) -> 4.2873805 | ... T9: =OFFSET(Baza!$DZ7,0,T$2) -> 384.81742 | U9: =B9/C9 -> 0.97262415
A10: Fusion green | B10: =Baza!DZ8 -> 0.7164144 | C10: =OFFSET(Baza!$DZ8,0,C$2) -> 0.9083388 | D10: =OFFSET(Baza!$DZ8,0,D$2) -> 1.6247532 | E10: =OFFSET(Baza!$DZ8,0,E$2) -> 0.59533435 | F10: =OFFSET(Baza!$DZ8,0,F$2) -> 2.1751027 | G10: =OFFSET(Baza!$DZ8,0,G$2) -> 0.17336665 | H10: =OFFSET(Baza!$DZ8,0,H$2) -> 0.2285298 | I10: =OFFSET(Baza!$DZ8,0,I$2) -> -0.40631973 | J10: =OFFSET(Baza!$DZ8,0,J$2) -> 4.496094 | ... T10: =OFFSET(Baza!$DZ8,0,T$2) -> 348.3802 | U10: =B10/C10 -> 0.78870836
A11: Fusion red | B11: =Baza!DZ9 -> 0.84696012 | C11: =OFFSET(Baza!$DZ9,0,C$2) -> 1.1949619 | D11: =OFFSET(Baza!$DZ9,0,D$2) -> 2.041922 | E11: =OFFSET(Baza!$DZ9,0,E$2) -> 0.74129639 | F11: =OFFSET(Baza!$DZ9,0,F$2) -> 2.7342098 | G11: =OFFSET(Baza!$DZ9,0,G$2) -> 0.21281834 | H11: =OFFSET(Baza!$DZ9,0,H$2) -> 0.2838575 | I11: =OFFSET(Baza!$DZ9,0,I$2) -> -0.51748797 | J11: =OFFSET(Baza!$DZ9,0,J$2) -> 4.8614609 | ... T11: =OFFSET(Baza!$DZ9,0,T$2) -> 361.20678 | U11: =B11/C11 -> 0.70877583
A12: FV blue | B12: =Baza!DZ10 -> 0.5784224 | C12: =OFFSET(Baza!$DZ10,0,C$2) -> 0.95222549 | D12: =OFFSET(Baza!$DZ10,0,D$2) -> 1.5306479 | E12: =OFFSET(Baza!$DZ10,0,E$2) -> 0.67223261 | F12: =OFFSET(Baza!$DZ10,0,F$2) -> 2.1240286 | G12: =OFFSET(Baza!$DZ10,0,G$2) -> 0.21798559 | H12: =OFFSET(Baza!$DZ10,0,H$2) -> 0.27799825 | I12: =OFFSET(Baza!$DZ10,0,I$2) -> -0.6841652 | J12: =OFFSET(Baza!$DZ10,0,J$2) -> 3.7857787 | ... T12: =OFFSET(Baza!$DZ10,0,T$2) -> 164.87391 | U12: =B12/C12 -> 0.60744268
A13: FV green | B13: =Baza!DZ11 -> 0.41628376 | C13: =OFFSET(Baza!$DZ11,0,C$2) -> 0.42507655 | D13: =OFFSET(Baza!$DZ11,0,D$2) -> 0.8413603 | E13: =OFFSET(Baza!$DZ11,0,E$2) -> 0.36951518 | F13: =OFFSET(Baza!$DZ11,0,F$2) -> 1.1542519 | G13: =OFFSET(Baza!$DZ11,0,G$2) -> 0.11641594 | H13: =OFFSET(Baza!$DZ11,0,H$2) -> 0.14801843 | I13: =OFFSET(Baza!$DZ11,0,I$2) -> -0.021981869 | J13: =OFFSET(Baza!$DZ11,0,J$2) -> 3.4328258 | ... T13: =OFFSET(Baza!$DZ11,0,T$2) -> 170.01916 | U13: =B13/C13 -> 0.97931482
A14: FV red | B14: =Baza!DZ12 -> 0.55379955 | C14: =OFFSET(Baza!$DZ12,0,C$2) -> 0.46506284 | D14: =OFFSET(Baza!$DZ12,0,D$2) -> 1.0188624 | E14: =OFFSET(Baza!$DZ12,0,E$2) -> 0.45864865 | F14: =OFFSET(Baza!$DZ12,0,F$2) -> 1.3849717 | G14: =OFFSET(Baza!$DZ12,0,G$2) -> 0.1443531 | H14: =OFFSET(Baza!$DZ12,0,H$2) -> 0.1832984 | I14: =OFFSET(Baza!$DZ12,0,I$2) -> 0.23121915 | J14: =OFFSET(Baza!$DZ12,0,J$2) -> 3.4008317 | ... T14: =OFFSET(Baza!$DZ12,0,T$2) -> 164.94499 | U14: =B14/C14 -> 1.1908058
A15: Int blue 2 | B15: =Baza!DZ14 -> 1.4674013 | C15: =OFFSET(Baza!$DZ14,0,C$2) -> 1.3104813 | D15: =OFFSET(Baza!$DZ14,0,D$2) -> 2.7778826 | E15: =OFFSET(Baza!$DZ14,0,E$2) -> 1.3509689 | F15: =OFFSET(Baza!$DZ14,0,F$2) -> 3.4037359 | G15: =OFFSET(Baza!$DZ14,0,G$2) -> 0.4025356 | H15: =OFFSET(Baza!$DZ14,0,H$2) -> 0.5023225 | I15: =OFFSET(Baza!$DZ14,0,I$2) -> 0.10886563 | J15: =OFFSET(Baza!$DZ14,0,J$2) -> 3.0552019 | ... T15: =OFFSET(Baza!$DZ14,0,T$2) -> 241.24611 | U15: =B15/C15 -> 1.1197422
A16: Int gree | B16: =Baza!DZ15 -> 0.21002776 | C16: =OFFSET(Baza!$DZ15,0,C$2) -> 0.19818407 | D16: =OFFSET(Baza!$DZ15,0,D$2) -> 0.40821184 | E16: =OFFSET(Baza!$DZ15,0,E$2) -> 0.18294566 | F16: =OFFSET(Baza!$DZ15,0,F$2) -> 0.55668525 | G16: =OFFSET(Baza!$DZ15,0,G$2) -> 0.059598751 | H16: =OFFSET(Baza!$DZ15,0,H$2) -> 0.074758895 | I16: =OFFSET(Baza!$DZ15,0,I$2) -> 0.070218533 | J16: =OFFSET(Baza!$DZ15,0,J$2) -> 3.1042213 | ... T16: =OFFSET(Baza!$DZ15,0,T$2) -> 151.7723 | U16: =B16/C16 -> 1.059761
A17: Int red | B17: =Baza!DZ16 -> 0.3745178 | C17: =OFFSET(Baza!$DZ16,0,C$2) -> 0.36300612 | D17: =OFFSET(Baza!$DZ16,0,D$2) -> 0.73752392 | E17: =OFFSET(Baza!$DZ16,0,E$2) -> 0.31704271 | F17: =OFFSET(Baza!$DZ16,0,F$2) -> 1.0497309 | G17: =OFFSET(Baza!$DZ16,0,G$2) -> 0.099190927 | H17: =OFFSET(Baza!$DZ16,0,H$2) -> 0.12718049 | I17: =OFFSET(Baza!$DZ16,0,I$2) -> 0.063335078 | J17: =OFFSET(Baza!$DZ16,0,J$2) -> 3.5125658 | ... T17: =OFFSET(Baza!$DZ16,0,T$2) -> 197.47909 | U17: =B17/C17 -> 1.0317121
A18: Int white | B18: =Baza!DZ17 -> 0.19927083 | C18: =OFFSET(Baza!$DZ17,0,C$2) -> 0.19346009 | D18: =OFFSET(Baza!$DZ17,0,D$2) -> 0.39273092 | E18: =OFFSET(Baza!$DZ17,0,E$2) -> 0.17874987 | F18: =OFFSET(Baza!$DZ17,0,F$2) -> 0.5353453 | G18: =OFFSET(Baza!$DZ17,0,G$2) -> 0.058625806 | H18: =OFFSET(Baza!$DZ17,0,H$2) -> 0.073439971 | I18: =OFFSET(Baza!$DZ17,0,I$2) -> 0.085146824 | J18: =OFFSET(Baza!$DZ17,0,J$2) -> 3.0753242 | ... T18: =OFFSET(Baza!$DZ17,0,T$2) -> 142.96724 | U18: =B18/C18 -> 1.0300359

Sheet Par_R_05
B1: =B4 -> Rp[Średnia] | C1: =C4 -> Rv[Średnia] | D1: =D4 -> Rz[Średnia] | E1: =E4 -> Rc (Brak uśredniania (pojedyncza wartość))[Średnia] | F1: =F4 -> Rt[Średnia] | G1: =G4 -> Ra[Średnia] | H1: =H4 -> Rq[Średnia] | I1: =I4 -> Rsk[Średnia] | ... T1: =T4 -> RPc (Brak uśredniania (pojedyncza wartość))[Średnia] | U1: Rp/Rv
B2: O ile przesunięte | C2: 4 | D2: =C2+4 -> 8 | E2: =D2+4 -> 12 | F2: =E2+4 -> 16 | G2: =F2+4 -> 20 | H2: =G2+4 -> 24 | I2: =H2+4 -> 28 | J2: =I2+4 -> 32 | K2: =J2+4 -> 36 | ... W2: =V2+4 -> 84
B3: =Baza!GX1 -> 51 | C3: =OFFSET(Baza!$GX1,0,C$2) -> 51 | D3: =OFFSET(Baza!$GX1,0,D$2) -> 51 | E3: =OFFSET(Baza!$GX1,0,E$2) -> 51 | F3: =OFFSET(Baza!$GX1,0,F$2) -> 51 | G3: =OFFSET(Baza!$GX1,0,G$2) -> 51 | H3: =OFFSET(Baza!$GX1,0,H$2) -> 51 | I3: =OFFSET(Baza!$GX1,0,I$2) -> 51 | J3: =OFFSET(Baza!$GX1,0,J$2) -> 51 | ... T3: =OFFSET(Baza!$GX1,0,T$2) -> 51
B4: =Baza!GX2 -> Rp[Średnia] | C4: =OFFSET(Baza!$GX2,0,C$2) -> Rv[Średnia] | D4: =OFFSET(Baza!$GX2,0,D$2) -> Rz[Średnia] | E4: =OFFSET(Baza!$GX2,0,E$2) -> Rc (Brak uśredniania (pojedyncza wartość))[Średnia] | F4: =OFFSET(Baza!$GX2,0,F$2) -> Rt[Średnia] | G4: =OFFSET(Baza!$GX2,0,G$2) -> Ra[Średnia] | H4: =OFFSET(Baza!$GX2,0,H$2) -> Rq[Średnia] | I4: =OFFSET(Baza!$GX2,0,I$2) -> Rsk[Średnia] | J4: =OFFSET(Baza!$GX2,0,J$2) -> Rku[Średnia] | ... T4: =OFFSET(Baza!$GX2,0,T$2) -> RPc (Brak uśredniania (pojedyncza wartość))[Średnia]
B5: =Baza!GX3 -> µm | C5: =OFFSET(Baza!$GX3,0,C$2) -> µm | D5: =OFFSET(Baza!$GX3,0,D$2) -> µm | E5: =OFFSET(Baza!$GX3,0,E$2) -> µm | F5: =OFFSET(Baza!$GX3,0,F$2) -> µm | G5: =OFFSET(Baza!$GX3,0,G$2) -> µm | H5: =OFFSET(Baza!$GX3,0,H$2) -> µm | I5: =OFFSET(Baza!$GX3,0,I$2) -> <no unit> | J5: =OFFSET(Baza!$GX3,0,J$2) -> <no unit> | ... T5: =OFFSET(Baza!$GX3,0,T$2) -> 1/cm
A6: Conf blue | B6: =Baza!GX4 -> 0.46308074 | C6: =OFFSET(Baza!$GX4,0,C$2) -> 0.51873615 | D6: =OFFSET(Baza!$GX4,0,D$2) -> 0.98181689 | E6: =OFFSET(Baza!$GX4,0,E$2) -> 0.40948218 | F6: =OFFSET(Baza!$GX4,0,F$2) -> 1.2362436 | G6: =OFFSET(Baza!$GX4,0,G$2) -> 0.12939248 | H6: =OFFSET(Baza!$GX4,0,H$2) -> 0.16457488 | I6: =OFFSET(Baza!$GX4,0,I$2) -> -0.21042036 | J6: =OFFSET(Baza!$GX4,0,J$2) -> 3.3563251 | ... T6: =OFFSET(Baza!$GX4,0,T$2) -> 319.30066 | U6: =B6/C6 -> 0.8927096
A7: Conf green | B7: =Baza!GX5 -> 0.53423231 | C7: =OFFSET(Baza!$GX5,0,C$2) -> 0.61587946 | D7: =OFFSET(Baza!$GX5,0,D$2) -> 1.1501118 | E7: =OFFSET(Baza!$GX5,0,E$2) -> 0.47699087 | F7: =OFFSET(Baza!$GX5,0,F$2) -> 1.4383234 | G7: =OFFSET(Baza!$GX5,0,G$2) -> 0.1488926 | H7: =OFFSET(Baza!$GX5,0,H$2) -> 0.19067422 | I7: =OFFSET(Baza!$GX5,0,I$2) -> -0.22733265 | J7: =OFFSET(Baza!$GX5,0,J$2) -> 3.5202407 | ... T7: =OFFSET(Baza!$GX5,0,T$2) -> 299.04954 | U7: =B7/C7 -> 0.86742999
A8: Conf red | B8: =Baza!GX6 -> 0.64918291 | C8: =OFFSET(Baza!$GX6,0,C$2) -> 0.75853485 | D8: =OFFSET(Baza!$GX6,0,D$2) -> 1.4077177 | E8: =OFFSET(Baza!$GX6,0,E$2) -> 0.58246263 | F8: =OFFSET(Baza!$GX6,0,F$2) -> 1.735903 | G8: =OFFSET(Baza!$GX6,0,G$2) -> 0.18030976 | H8: =OFFSET(Baza!$GX6,0,H$2) -> 0.23236173 | I8: =OFFSET(Baza!$GX6,0,I$2) -> -0.20524613 | J8: =OFFSET(Baza!$GX6,0,J$2) -> 3.6077236 | ... T8: =OFFSET(Baza!$GX6,0,T$2) -> 317.68102 | U8: =B8/C8 -> 0.85583795
A9: Fusion blue | B9: =Baza!GX7 -> 0.59135679 | C9: =OFFSET(Baza!$GX7,0,C$2) -> 0.64668368 | D9: =OFFSET(Baza!$GX7,0,D$2) -> 1.2380405 | E9: =OFFSET(Baza!$GX7,0,E$2) -> 0.49690394 | F9: =OFFSET(Baza!$GX7,0,F$2) -> 1.5035613 | G9: =OFFSET(Baza!$GX7,0,G$2) -> 0.15454886 | H9: =OFFSET(Baza!$GX7,0,H$2) -> 0.19810056 | I9: =OFFSET(Baza!$GX7,0,I$2) -> -0.22596489 | J9: =OFFSET(Baza!$GX7,0,J$2) -> 3.5209402 | ... T9: =OFFSET(Baza!$GX7,0,T$2) -> 407.92337 | U9: =B9/C9 -> 0.91444521
A10: Fusion green | B10: =Baza!GX8 -> 0.61867135 | C10: =OFFSET(Baza!$GX8,0,C$2) -> 0.75678921 | D10: =OFFSET(Baza!$GX8,0,D$2) -> 1.3754606 | E10: =OFFSET(Baza!$GX8,0,E$2) -> 0.55583293 | F10: =OFFSET(Baza!$GX8,0,F$2) -> 1.6781694 | G10: =OFFSET(Baza!$GX8,0,G$2) -> 0.16999373 | H10: =OFFSET(Baza!$GX8,0,H$2) -> 0.21977102 | I10: =OFFSET(Baza!$GX8,0,I$2) -> -0.34108456 | J10: =OFFSET(Baza!$GX8,0,J$2) -> 3.7392472 | ... T10: =OFFSET(Baza!$GX8,0,T$2) -> 367.48994 | U10: =B10/C10 -> 0.81749494
A11: Fusion red | B11: =Baza!GX9 -> 0.73990731 | C11: =OFFSET(Baza!$GX9,0,C$2) -> 0.96263246 | D11: =OFFSET(Baza!$GX9,0,D$2) -> 1.7025398 | E11: =OFFSET(Baza!$GX9,0,E$2) -> 0.68926344 | F11: =OFFSET(Baza!$GX9,0,F$2) -> 2.0451518 | G11: =OFFSET(Baza!$GX9,0,G$2) -> 0.20824429 | H11: =OFFSET(Baza!$GX9,0,H$2) -> 0.27150736 | I11: =OFFSET(Baza!$GX9,0,I$2) -> -0.39305192 | J11: =OFFSET(Baza!$GX9,0,J$2) -> 3.9046961 | ... T11: =OFFSET(Baza!$GX9,0,T$2) -> 383.35919 | U11: =B11/C11 -> 0.76862909
A12: FV blue | B12: =Baza!GX10 -> 0.56915388 | C12: =OFFSET(Baza!$GX10,0,C$2) -> 0.88732813 | D12: =OFFSET(Baza!$GX10,0,D$2) -> 1.456482 | E12: =OFFSET(Baza!$GX10,0,E$2) -> 0.65438584 | F12: =OFFSET(Baza!$GX10,0,F$2) -> 1.9572531 | G12: =OFFSET(Baza!$GX10,0,G$2) -> 0.21580288 | H12: =OFFSET(Baza!$GX10,0,H$2) -> 0.27277903 | I12: =OFFSET(Baza!$GX10,0,I$2) -> -0.63456144 | J12: =OFFSET(Baza!$GX10,0,J$2) -> 3.5479336 | ... T12: =OFFSET(Baza!$GX10,0,T$2) -> 167.04054 | U12: =B12/C12 -> 0.64142436
A13: FV green | B13: =Baza!GX11 -> 0.40034756 | C13: =OFFSET(Baza!$GX11,0,C$2) -> 0.41137435 | D13: =OFFSET(Baza!$GX11,0,D$2) -> 0.81172191 | E13: =OFFSET(Baza!$GX11,0,E$2) -> 0.36186357 | F13: =OFFSET(Baza!$GX11,0,F$2) -> 1.0858586 | G13: =OFFSET(Baza!$GX11,0,G$2) -> 0.11560637 | H13: =OFFSET(Baza!$GX11,0,H$2) -> 0.14627253 | I13: =OFFSET(Baza!$GX11,0,I$2) -> -0.034352365 | J13: =OFFSET(Baza!$GX11,0,J$2) -> 3.3126512 | ... T13: =OFFSET(Baza!$GX11,0,T$2) -> 171.68668 | U13: =B13/C13 -> 0.97319525
A14: FV red | B14: =Baza!GX12 -> 0.5307121 | C14: =OFFSET(Baza!$GX12,0,C$2) -> 0.45732753 | D14: =OFFSET(Baza!$GX12,0,D$2) -> 0.98803963 | E14: =OFFSET(Baza!$GX12,0,E$2) -> 0.45024709 | F14: =OFFSET(Baza!$GX12,0,F$2) -> 1.315489 | G14: =OFFSET(Baza!$GX12,0,G$2) -> 0.14335095 | H14: =OFFSET(Baza!$GX12,0,H$2) -> 0.18128162 | I14: =OFFSET(Baza!$GX12,0,I$2) -> 0.20029897 | J14: =OFFSET(Baza!$GX12,0,J$2) -> 3.3026103 | ... T14: =OFFSET(Baza!$GX12,0,T$2) -> 166.29407 | U14: =B14/C14 -> 1.1604639
A15: Int blue | B15: =Baza!GX13 -> 1.3163668 | C15: =OFFSET(Baza!$GX13,0,C$2) -> 1.2125111 | D15: =OFFSET(Baza!$GX13,0,D$2) -> 2.5288779 | E15: =OFFSET(Baza!$GX13,0,E$2) -> 1.2772617 | F15: =OFFSET(Baza!$GX13,0,F$2) -> 2.964934 | G15: =OFFSET(Baza!$GX13,0,G$2) -> 0.39097594 | H15: =OFFSET(Baza!$GX13,0,H$2) -> 0.48486483 | I15: =OFFSET(Baza!$GX13,0,I$2) -> 0.085495253 | J15: =OFFSET(Baza!$GX13,0,J$2) -> 2.8749099 | ... T15: =OFFSET(Baza!$GX13,0,T$2) -> 242.77999 | U15: =B15/C15 -> 1.0856534
A16: Int blue 2 | B16: =Baza!GX14 -> 1.320445 | C16: =OFFSET(Baza!$GX14,0,C$2) -> 1.2190844 | D16: =OFFSET(Baza!$GX14,0,D$2) -> 2.5395294 | E16: =OFFSET(Baza!$GX14,0,E$2) -> 1.2887875 | F16: =OFFSET(Baza!$GX14,0,F$2) -> 2.9413911 | G16: =OFFSET(Baza!$GX14,0,G$2) -> 0.39515996 | H16: =OFFSET(Baza!$GX14,0,H$2) -> 0.48938942 | I16: =OFFSET(Baza!$GX14,0,I$2) -> 0.082627983 | J16: =OFFSET(Baza!$GX14,0,J$2) -> 2.8460955 | ... T16: =OFFSET(Baza!$GX14,0,T$2) -> 243.97157 | U16: =B16/C16 -> 1.0831448
A17: Int gree | B17: =Baza!GX15 -> 206.81602 | C17: =OFFSET(Baza!$GX15,0,C$2) -> 193.46138 | D17: =OFFSET(Baza!$GX15,0,D$2) -> 400.27739 | E17: =OFFSET(Baza!$GX15,0,E$2) -> 180.1788 | F17: =OFFSET(Baza!$GX15,0,F$2) -> 541.01827 | G17: =OFFSET(Baza!$GX15,0,G$2) -> 59.070002 | H17: =OFFSET(Baza!$GX15,0,H$2) -> 73.98559 | I17: =OFFSET(Baza!$GX15,0,I$2) -> 0.067716193 | J17: =OFFSET(Baza!$GX15,0,J$2) -> 3.0867414 | ... T17: =OFFSET(Baza!$GX15,0,T$2) -> 152.35034 | U17: =B17/C17 -> 1.06903
... A19: Int white | B19: =Baza!GX17 -> 195.35184 | C19: =OFFSET(Baza!$GX17,0,C$2) -> 189.35276 | D19: =OFFSET(Baza!$GX17,0,D$2) -> 384.7046 | E19: =OFFSET(Baza!$GX17,0,E$2) -> 176.15441 | F19: =OFFSET(Baza!$GX17,0,F$2) -> 516.31291 | G19: =OFFSET(Baza!$GX17,0,G$2) -> 58.075514 | H19: =OFFSET(Baza!$GX17,0,H$2) -> 72.63567 | I19: =OFFSET(Baza!$GX17,0,I$2) -> 0.079236723 | J19: =OFFSET(Baza!$GX17,0,J$2) -> 3.0448349 | ... T19: =OFFSET(Baza!$GX17,0,T$2) -> 143.44602 | U19: =B19/C19 -> 1.0316821

Sheet Par_R_05_Graph
B1: =B4 -> Rp[Średnia] | C1: =C4 -> Rv[Średnia] | D1: =D4 -> Rz[Średnia] | E1: =E4 -> Rc (Brak uśredniania (pojedyncza wartość))[Średnia] | F1: =F4 -> Rt[Średnia] | G1: =G4 -> Ra[Średnia] | H1: =H4 -> Rq[Średnia] | I1: =I4 -> Rsk[Średnia] | ... T1: =T4 -> RPc (Brak uśredniania (pojedyncza wartość))[Średnia] | U1: Rp/Rv
B2: O ile przesunięte | C2: 4 | D2: =C2+4 -> 8 | E2: =D2+4 -> 12 | F2: =E2+4 -> 16 | G2: =F2+4 -> 20 | H2: =G2+4 -> 24 | I2: =H2+4 -> 28 | J2: =I2+4 -> 32 | K2: =J2+4 -> 36 | ... W2: =V2+4 -> 84
B3: =Baza!GX1 -> 51 | C3: =OFFSET(Baza!$GX1,0,C$2) -> 51 | D3: =OFFSET(Baza!$GX1,0,D$2) -> 51 | E3: =OFFSET(Baza!$GX1,0,E$2) -> 51 | F3: =OFFSET(Baza!$GX1,0,F$2) -> 51 | G3: =OFFSET(Baza!$GX1,0,G$2) -> 51 | H3: =OFFSET(Baza!$GX1,0,H$2) -> 51 | I3: =OFFSET(Baza!$GX1,0,I$2) -> 51 | J3: =OFFSET(Baza!$GX1,0,J$2) -> 51 | ... T3: =OFFSET(Baza!$GX1,0,T$2) -> 51
B4: =Baza!GX2 -> Rp[Średnia] | C4: =OFFSET(Baza!$GX2,0,C$2) -> Rv[Średnia] | D4: =OFFSET(Baza!$GX2,0,D$2) -> Rz[Średnia] | E4: =OFFSET(Baza!$GX2,0,E$2) -> Rc (Brak uśredniania (pojedyncza wartość))[Średnia] | F4: =OFFSET(Baza!$GX2,0,F$2) -> Rt[Średnia] | G4: =OFFSET(Baza!$GX2,0,G$2) -> Ra[Średnia] | H4: =OFFSET(Baza!$GX2,0,H$2) -> Rq[Średnia] | I4: =OFFSET(Baza!$GX2,0,I$2) -> Rsk[Średnia] | J4: =OFFSET(Baza!$GX2,0,J$2) -> Rku[Średnia] | ... T4: =OFFSET(Baza!$GX2,0,T$2) -> RPc (Brak uśredniania (pojedyncza wartość))[Średnia]
B5: =Baza!GX3 -> µm | C5: =OFFSET(Baza!$GX3,0,C$2) -> µm | D5: =OFFSET(Baza!$GX3,0,D$2) -> µm | E5: =OFFSET(Baza!$GX3,0,E$2) -> µm | F5: =OFFSET(Baza!$GX3,0,F$2) -> µm | G5: =OFFSET(Baza!$GX3,0,G$2) -> µm | H5: =OFFSET(Baza!$GX3,0,H$2) -> µm | I5: =OFFSET(Baza!$GX3,0,I$2) -> <no unit> | J5: =OFFSET(Baza!$GX3,0,J$2) -> <no unit> | ... T5: =OFFSET(Baza!$GX3,0,T$2) -> 1/cm
