Workbook

Sheet Baza
A1: # | B1: OPERATOR:2 | C1: OPERATOR:2 | D1: OPERATOR:4 | E1: OPERATOR:8 | F1: OPERATOR:9 | G1: OPERATOR:5 | H1: OPERATOR:10 | I1: OPERATOR:11 | J1: 5 | K1: 5 | L1: 6 | M1: 6 | N1: 13 | O1: 13 | P1: 14 | Q1: 14 | R1: 40 | S1: 40 | T1: 40 | U1: 40 | V1: 40 | W1: 40 | X1: 40 | Y1: 40 | Z1: 40 | AA1: 40 | AB1: 40 | AC1: 40 | AD1: 40 | AE1: 40 | AF1: 40 | AG1: 40 | AH1: 40 | AI1: 40 | AJ1: 40 | AK1: 40 | AL1: 40 | AM1: 40 | AN1: 40 | AO1: 40 | AP1: 40 | AQ1: 40 | AR1: 40 | AS1: 40 | AT1: 40 | AU1: 40 | AV1: 40 | AW1: 40 | AX1: 40 | AY1: 40 | AZ1: 40 | BA1: 40 | BB1: 40 | BC1: 40 | BD1: 40 | BE1: 40 | BF1: 40 | BG1: 40 | BH1: 40 | BI1: 40 | BJ1: 40 | BK1: 40 | BL1: 40 | BM1: 40 | BN1: 40 | BO1: 40 | BP1: 40 | BQ1: 40 | BR1: 40 | BS1: 40 | BT1: 40 | BU1: 40 | BV1: 41 | BW1: 41 | BX1: 41 | BY1: 41 | BZ1: 41 | CA1: 41 | CB1: 41 | CC1: 41 | CD1: 41 | CE1: 41 | CF1: 41 | CG1: 41 | CH1: 41 | CI1: 41 | CJ1: 41 | CK1: 41 | CL1: 41 | CM1: 41 | CN1: 41 | CO1: 41 | CP1: 41 | CQ1: 41 | CR1: 41 | CS1: 41 | CT1: 41 | CU1: 41 | CV1: 41 | CW1: 41 | CX1: 41 | CY1: 41 | CZ1: 41 | DA1: 41 | DB1: 41 | DC1: 41 | DD1: 41 | DE1: 41 | DF1: 41 | DG1: 41 | DH1: 41 | DI1: 41 | DJ1: 41 | DK1: 41 | DL1: 41 | DM1: 41 | DN1: 41 | DO1: 41 | DP1: 41 | DQ1: 41 | DR1: 41 | DS1: 41 | DT1: 41 | DU1: 41 | DV1: 41 | DW1: 41 | DX1: 41 | DY1: 41 | DZ1: 50 | EA1: 50 | EB1: 50 | EC1: 50 | ED1: 50 | EE1: 50 | EF1: 50 | EG1: 50 | EH1: 50 | EI1: 50 | EJ1: 50 | EK1: 50 | EL1: 50 | EM1: 50 | EN1: 50 | EO1: 50 | EP1: 50 | EQ1: 50 | ER1: 50 | ES1: 50 | ET1: 50 | EU1: 50 | EV1: 50 | EW1: 50 | EX1: 50 | EY1: 50 | EZ1: 50 | FA1: 50 | FB1: 50 | FC1: 50 | FD1: 50 | FE1: 50 | FF1: 50 | FG1: 50 | FH1: 50 | FI1: 50 | FJ1: 50 | FK1: 50 | FL1: 50 | FM1: 50 | FN1: 50 | FO1: 50 | FP1: 50 | FQ1: 50 | FR1: 50 | FS1: 50 | FT1: 50 | FU1: 50 | FV1: 50 | FW1: 50 | FX1: 50 | FY1: 50 | FZ1: 50 | GA1: 50 | GB1: 50 | GC1: 50 | GD1: 50 | GE1: 50 | GF1: 50 | GG1: 50 | GH1: 50 | GI1: 50 | GJ1: 50 | GK1: 50 | GL1: 50 | GM1: 50 | GN1: 50 | GO1: 50 | GP1: 50 | GQ1: 50 | GR1: 50 | GS1: 50 | GT1: 50 | GU1: 50 | GV1: 50 | GW1: 50 | GX1: 51 | GY1: 51 | GZ1: 51 | HA1: 51 | HB1: 51 | HC1: 51 | HD1: 51 | HE1: 51 | HF1: 51 | HG1: 51 | HH1: 51 | HI1: 51 | HJ1: 51 | HK1: 51 | HL1: 51 | HM1: 51 | HN1: 51 | HO1: 51 | HP1: 51 | HQ1: 51 | HR1: 51 | HS1: 51 | HT1: 51 | HU1: 51 | HV1: 51 | HW1: 51 | HX1: 51 | HY1: 51 | HZ1: 51 | IA1: 51 | IB1: 51 | IC1: 51 | ID1: 51 | IE1: 51 | IF1: 51 | IG1: 51 | IH1: 51 | II1: 51 | IJ1: 51 | IK1: 51 | IL1: 51 | IM1: 51 | IN1: 51 | IO1: 51 | IP1: 51 | IQ1: 51 | IR1: 51 | IS1: 51 | IT1: 51 | IU1: 51 | IV1: 51 | IW1: 51 | IX1: 51 | IY1: 51 | IZ1: 51 | JA1: 51 | JB1: 51 | JC1: 51 | JD1: 51 | JE1: 51 | JF1: 51 | JG1: 51 | JH1: 51 | JI1: 51 | JJ1: 51 | JK1: 51 | JL1: 51 | JM1: 51 | JN1: 51 | JO1: 51 | JP1: 51 | JQ1: 51 | JR1: 51 | JS1: 51 | JT1: 51 | JU1: 51 | JV1: 60 | JW1: 60 | JX1: 60 | JY1: 60 | JZ1: 60 | KA1: 60 | KB1: 60 | KC1: 60 | KD1: 60 | KE1: 60 | KF1: 60 | KG1: 60 | KH1: 60 | KI1: 60 | KJ1: 60 | KK1: 60 | KL1: 60 | KM1: 60 | KN1: 60 | KO1: 60 | KP1: 60 | KQ1: 60 | KR1: 60 | KS1: 60 | KT1: 60 | KU1: 60 | KV1: 60 | KW1: 60 | KX1: 60 | KY1: 60 | KZ1: 60 | LA1: 60 | LB1: 60 | LC1: 60 | LD1: 60 | LE1: 60 | LF1: 60 | LG1: 60 | LH1: 60 | LI1: 60 | LJ1: 60 | LK1: 60 | LL1: 60 | LM1: 60 | LN1: 60 | LO1: 60 | LP1: 60 | LQ1: 60 | LR1: 60 | LS1: 60 | LT1: 60 | LU1: 60 | LV1: 60 | LW1: 60 | LX1: 60 | LY1: 60 | LZ1: 60 | MA1: 60 | MB1: 60 | MC1: 60 | MD1: 61 | ME1: 61 | MF1: 61 | MG1: 61 | MH1: 61 | MI1: 61 | MJ1: 61 | MK1: 61 | ML1: 61 | MM1: 61 | MN1: 61 | MO1: 61 | MP1: 61 | MQ1: 61 | MR1: 61 | MS1: 61 | MT1: 61 | MU1: 61 | MV1: 61 | MW1: 61 | MX1: 61 | MY1: 61 | MZ1: 61 | NA1: 61 | NB1: 61 | NC1: 61 | ND1: 61 | NE1: 61 | NF1: 61 | NG1: 61 | NH1: 61 | NI1: 61 | NJ1: 61 | NK1: 61 | NL1: 61 | NM1: 61 | NN1: 61 | NO1: 61 | NP1: 61 | NQ1: 61 | NR1: 61 | NS1: 61 | NT1: 61 | NU1: 61 | NV1: 61 | NW1: 61 | NX1: 61 | NY1: 61 | NZ1: 61 | OA1: 61 | OB1: 61 | OC1: 61 | OD1: 61 | OE1: 61 | OF1: 61 | OG1: 61 | OH1: 61 | OI1: 61 | OJ1: 61 | OK1: 61 | OL1: 70 | OM1: 70 | ON1: 70 | OO1: 70 | OP1: 70 | OQ1: 70 | OR1: 70 | OS1: 70 | OT1: 70 | OU1: 70 | OV1: 70 | OW1: 70 | OX1: 70 | OY1: 70 | OZ1: 70 | PA1: 70 | PB1: 70 | PC1: 70 | PD1: 71 | PE1: 71 | PF1: 71 | PG1: 71 | PH1: 71 | PI1: 71 | PJ1: 71 | PK1: 71 | PL1: 71 | PM1: 71 | PN1: 71 | PO1: 71 | PP1: 71 | PQ1: 71 | PR1: 71 | PS1: 71 | PT1: 71 | PU1: 71 | PV1: 80 | PW1: 80 | PX1: 80 | PY1: 80 | PZ1: 80 | QA1: 81 | QB1: 81 | QC1: 81 | QD1: 81 | QE1: 81 | QF1: 90 | QG1: 90 | QH1: 90 | QI1: 90 | QJ1: 91 | QK1: 91 | QL1: 91 | QM1: 91 | QN1: 92 | QO1: 92 | QP1: 92 | QQ1: 92 | QR1: 93 | QS1: 93 | QT1: 93 | QU1: 93
A2: # | B2: Kąt obrotu osi X | C2: Kąt obrotu osi Y | D2: Area_NM (Amp_full-Amp_NM) | E2: Area NM_005 (Aev_005-Amp_005) | F2: Area NM_05 (Aev_05-Amp_05) | G2: Procent_NM (((Area_NM/Aev)*100)) | H2: Procent NM_005 (((Area_NM_005/Aev)*100)) | I2: Procent NM_05 (((Area_NM_05/Aev)*100)) | J2: Amp | K2: Aev | L2: Amp | M2: Aev | N2: Amp | O2: Aev | P2: Amp | Q2: Aev | R2: Pp[Średnia] | S2: Pp[Std odch] | T2: Pp[Min] | U2: Pp[Max] | V2: Pv[Średnia] | W2: Pv[Std odch] | X2: Pv[Min] | Y2: Pv[Max] | Z2: Pz[Średnia] | AA2: Pz[Std odch] | AB2: Pz[Min] | AC2: Pz[Max] | AD2: Pc (Brak uśredniania (pojedyncza wartość))[Średnia] | AE2: Pc (Brak uśredniania (pojedyncza wartość))[Std odch] | AF2: Pc (Brak uśredniania (pojedyncza wartość))[Min] | AG2: Pc (Brak uśredniania (pojedyncza wartość))[Max] | AH2: Pt[Średnia] | AI2: Pt[Std odch] | AJ2: Pt[Min] | AK2: Pt[Max] | AL2: Pa[Średnia] | AM2: Pa[Std odch] | AN2: Pa[Min] | AO2: Pa[Max] | AP2: Pq[Średnia] | AQ2: Pq[Std odch] | AR2: Pq[Min] | AS2: Pq[Max] | AT2: Psk[Średnia] | AU2: Psk[Std odch] | AV2: Psk[Min] | AW2: Psk[Max] | AX2: Pku[Średnia] | AY2: Pku[Std odch] | AZ2: Pku[Min] | BA2: Pku[Max] | BB2: PSm (Brak uśredniania (pojedyncza wartość))[Średnia] | BC2: PSm (Brak uśredniania (pojedyncza wartość))[Std odch] | BD2: PSm (Brak uśredniania (pojedyncza wartość))[Min] | BE2: PSm (Brak uśredniania (pojedyncza wartość))[Max] | BF2: Pdq[Średnia] | BG2: Pdq[Std odch] | BH2: Pdq[Min] | BI2: Pdq[Max] | BJ2: Pmr (c = 1 µm poniżej najwyższego wypiętrzenia)[Średnia] | BK2: Pmr (c = 1 µm poniżej najwyższego wypiętrzenia)[Std odch] | BL2: Pmr (c = 1 µm poniżej najwyższego wypiętrzenia)[Min] | BM2: Pmr (c = 1 µm poniżej najwyższego wypiętrzenia)[Max] | BN2: Pdc (p = 20%, q = 80%)[Średnia] | BO2: Pdc (p = 20%, q = 80%)[Std odch] | BP2: Pdc (p = 20%, q = 80%)[Min] | BQ2: Pdc (p = 20%, q = 80%)[Max] | BR2: PPc (Brak uśredniania (pojedyncza wartość))[Średnia] | BS2: PPc (Brak uśredniania (pojedyncza wartość))[Std odch] | BT2: PPc (Brak uśredniania (pojedyncza wartość))[Min] | BU2: PPc (Brak uśredniania (pojedyncza wartość))[Max] | BV2: Pp[Średnia] | BW2: Pp[Std odch] | BX2: Pp[Min] | BY2: Pp[Max] | BZ2: Pv[Średnia] | CA2: Pv[Std odch] | CB2: Pv[Min] | CC2: Pv[Max] | CD2: Pz[Średnia] | CE2: Pz[Std odch] | CF2: Pz[Min] | CG2: Pz[Max] | CH2: Pc (Brak uśredniania (pojedyncza wartość))[Średnia] | CI2: Pc (Brak uśredniania (pojedyncza wartość))[Std odch] | CJ2: Pc (Brak uśredniania (pojedyncza wartość))[Min] | CK2: Pc (Brak uśredniania (pojedyncza wartość))[Max] | CL2: Pt[Średnia] | CM2: Pt[Std odch] | CN2: Pt[Min] | CO2: Pt[Max] | CP2: Pa[Średnia] | CQ2: Pa[Std odch] | CR2: Pa[Min] | CS2: Pa[Max] | CT2: Pq[Średnia] | CU2: Pq[Std odch] | CV2: Pq[Min] | CW2: Pq[Max] | CX2: Psk[Średnia] | CY2: Psk[Std odch] | CZ2: Psk[Min] | DA2: Psk[Max] | DB2: Pku[Średnia] | DC2: Pku[Std odch] | DD2: Pku[Min] | DE2: Pku[Max] | DF2: PSm (Brak uśredniania (pojedyncza wartość))[Średnia] | DG2: PSm (Brak uśredniania (pojedyncza wartość))[Std odch] | DH2: PSm (Brak uśredniania (pojedyncza wartość))[Min] | DI2: PSm (Brak uśredniania (pojedyncza wartość))[Max] | DJ2: Pdq[Średnia] | DK2: Pdq[Std odch] | DL2: Pdq[Min] | DM2: Pdq[Max] | DN2: Pmr (c = 1 µm poniżej najwyższego wypiętrzenia)[Średnia] | DO2: Pmr (c = 1 µm poniżej najwyższego wypiętrzenia)[Std odch] | DP2: Pmr (c = 1 µm poniżej najwyższego wypiętrzenia)[Min] | DQ2: Pmr (c = 1 µm poniżej najwyższego wypiętrzenia)[Max] | DR2: Pdc (p = 20%, q = 80%)[Średnia] | DS2: Pdc (p = 20%, q = 80%)[Std odch] | DT2: Pdc (p = 20%, q = 80%)[Min] | DU2: Pdc (p = 20%, q = 80%)[Max] | DV2: PPc (Brak uśredniania (pojedyncza wartość))[Średnia] | DW2: PPc (Brak uśredniania (pojedyncza wartość))[Std odch] | DX2: PPc (Brak uśredniania (pojedyncza wartość))[Min] | DY2: PPc (Brak uśredniania (pojedyncza wartość))[Max] | DZ2: Rp[Średnia] | EA2: Rp[Std odch] | EB2: Rp[Min] | EC2: Rp[Max] | ED2: Rv[Średnia] | EE2: Rv[Std odch] | EF2: Rv[Min] | EG2: Rv[Max] | EH2: Rz[Średnia] | EI2: Rz[Std odch] | EJ2: Rz[Min] | EK2: Rz[Max] | EL2: Rc (Brak uśredniania (pojedyncza wartość))[Średnia] | EM2: Rc (Brak uśredniania (pojedyncza wartość))[Std odch] | EN2: Rc (Brak uśredniania (pojedyncza wartość))[Min] | EO2: Rc (Brak uśredniania (pojedyncza wartość))[Max] | EP2: Rt[Średnia] | EQ2: Rt[Std odch] | ER2: Rt[Min] | ES2: Rt[Max] | ET2: Ra[Średnia] | EU2: Ra[Std odch] | EV2: Ra[Min] | EW2: Ra[Max] | EX2: Rq[Średnia] | EY2: Rq[Std odch] | EZ2: Rq[Min] | FA2: Rq[Max] | FB2: Rsk[Średnia] | FC2: Rsk[Std odch] | FD2: Rsk[Min] | FE2: Rsk[Max] | FF2: Rku[Średnia] | FG2: Rku[Std odch] | FH2: Rku[Min] | FI2: Rku[Max] | FJ2: Rp1max[Średnia] | FK2: Rp1max[Std odch] | FL2: Rp1max[Min] | FM2: Rp1max[Max] | FN2: Rv1max[Średnia] | FO2: Rv1max[Std odch] | FP2: Rv1max[Min] | FQ2: Rv1max[Max] | FR2: Rz1max[Średnia] | FS2: Rz1max[Std odch] | FT2: Rz1max[Min] | FU2: Rz1max[Max] | FV2: Rz(n) (Wskaźnik λc = 1)[Średnia] | FW2: Rz(n) (Wskaźnik λc = 1)[Std odch] | FX2: Rz(n) (Wskaźnik λc = 1)[Min] | FY2: Rz(n) (Wskaźnik λc = 1)[Max] | FZ2: RSm (Brak uśredniania (pojedyncza wartość))[Średnia] | GA2: RSm (Brak uśredniania (pojedyncza wartość))[Std odch] | GB2: RSm (Brak uśredniania (pojedyncza wartość))[Min] | GC2: RSm (Brak uśredniania (pojedyncza wartość))[Max] | GD2: Rdq[Średnia] | GE2: Rdq[Std odch] | GF2: Rdq[Min] | GG2: Rdq[Max] | GH2: Rmr (c = 1 µm poniżej najwyższego wypiętrzenia)[Średnia] | GI2: Rmr (c = 1 µm poniżej najwyższego wypiętrzenia)[Std odch] | GJ2: Rmr (c = 1 µm poniżej najwyższego wypiętrzenia)[Min] | GK2: Rmr (c = 1 µm poniżej najwyższego wypiętrzenia)[Max] | GL2: Rdc (p = 20%, q = 80%)[Średnia] | GM2: Rdc (p = 20%, q = 80%)[Std odch] | GN2: Rdc (p = 20%, q = 80%)[Min] | GO2: Rdc (p = 20%, q = 80%)[Max] | GP2: Rmr (Rz/4) (c = Rz/4 µm powyżej płaszczyzny średniej)[Średnia] | GQ2: Rmr (Rz/4) (c = Rz/4 µm powyżej płaszczyzny średniej)[Std odch] | GR2: Rmr (Rz/4) (c = Rz/4 µm powyżej płaszczyzny średniej)[Min] | GS2: Rmr (Rz/4) (c = Rz/4 µm powyżej płaszczyzny średniej)[Max] | GT2: RPc (Brak uśredniania (pojedyncza wartość))[Średnia] | GU2: RPc (Brak uśredniania (pojedyncza wartość))[Std odch] | GV2: RPc (Brak uśredniania (pojedyncza wartość))[Min] | GW2: RPc (Brak uśredniania (pojedyncza wartość))[Max] | GX2: Rp[Średnia] | GY2: Rp[Std odch] | GZ2: Rp[Min] | HA2: Rp[Max] | HB2: Rv[Średnia] | HC2: Rv[Std odch] | HD2: Rv[Min] | HE2: Rv[Max] | HF2: Rz[Średnia] | HG2: Rz[Std odch] | HH2: Rz[Min] | HI2: Rz[Max] | HJ2: Rc (Brak uśredniania (pojedyncza wartość))[Średnia] | HK2: Rc (Brak uśredniania (pojedyncza wartość))[Std odch] | HL2: Rc (Brak uśredniania (pojedyncza wartość))[Min] | HM2: Rc (Brak uśredniania (pojedyncza wartość))[Max] | HN2: Rt[Średnia] | HO2: Rt[Std odch] | HP2: Rt[Min] | HQ2: Rt[Max] | HR2: Ra[Średnia] | HS2: Ra[Std odch] | HT2: Ra[Min] | HU2: Ra[Max] | HV2: Rq[Średnia] | HW2: Rq[Std odch] | HX2: Rq[Min] | HY2: Rq[Max] | HZ2: Rsk[Średnia] | IA2: Rsk[Std odch] | IB2: Rsk[Min] | IC2: Rsk[Max] | ID2: Rku[Średnia] | IE2: Rku[Std odch] | IF2: Rku[Min] | IG2: Rku[Max] | IH2: Rp1max[Średnia] | II2: Rp1max[Std odch] | IJ2: Rp1max[Min] | IK2: Rp1max[Max] | IL2: Rv1max[Średnia] | IM2: Rv1max[Std odch] | IN2: Rv1max[Min] | IO2: Rv1max[Max] | IP2: Rz1max[Średnia] | IQ2: Rz1max[Std odch] | IR2: Rz1max[Min] | IS2: Rz1max[Max] | IT2: Rz(n) (Wskaźnik λc = 1)[Średnia] | IU2: Rz(n) (Wskaźnik λc = 1)[Std odch] | IV2: Rz(n) (Wskaźnik λc = 1)[Min] | IW2: Rz(n) (Wskaźnik λc = 1)[Max] | IX2: RSm (Brak uśredniania (pojedyncza wartość))[Średnia] | IY2: RSm (Brak uśredniania (pojedyncza wartość))[Std odch] | IZ2: RSm (Brak uśredniania (pojedyncza wartość))[Min] | JA2: RSm (Brak uśredniania (pojedyncza wartość))[Max] | JB2: Rdq[Średnia] | JC2: Rdq[Std odch] | JD2: Rdq[Min] | JE2: Rdq[Max] | JF2: Rmr (c = 1 µm poniżej najwyższego wypiętrzenia)[Średnia] | JG2: Rmr (c = 1 µm poniżej najwyższego wypiętrzenia)[Std odch] | JH2: Rmr (c = 1 µm poniżej najwyższego wypiętrzenia)[Min] | JI2: Rmr (c = 1 µm poniżej najwyższego wypiętrzenia)[Max] | JJ2: Rdc (p = 20%, q = 80%)[Średnia] | JK2: Rdc (p = 20%, q = 80%)[Std odch] | JL2: Rdc (p = 20%, q = 80%)[Min] | JM2: Rdc (p = 20%, q = 80%)[Max] | JN2: Rmr (Rz/4) (c = Rz/4 µm powyżej płaszczyzny średniej)[Średnia] | JO2: Rmr (Rz/4) (c = Rz/4 µm powyżej płaszczyzny średniej)[Std odch] | JP2: Rmr (Rz/4) (c = Rz/4 µm powyżej płaszczyzny średniej)[Min] | JQ2: Rmr (Rz/4) (c = Rz/4 µm powyżej płaszczyzny średniej)[Max] | JR2: RPc (Brak uśredniania (pojedyncza wartość))[Średnia] | JS2: RPc (Brak uśredniania (pojedyncza wartość))[Std odch] | JT2: RPc (Brak uśredniania (pojedyncza wartość))[Min] | JU2: RPc (Brak uśredniania (pojedyncza wartość))[Max] | JV2: Wp[Średnia] | JW2: Wp[Std odch] | JX2: Wp[Min] | JY2: Wp[Max] | JZ2: Wv[Średnia] | KA2: Wv[Std odch] | KB2: Wv[Min] | KC2: Wv[Max] | KD2: Wz[Średnia] | KE2: Wz[Std odch] | KF2: Wz[Min] | KG2: Wz[Max] | KH2: Wc[Średnia] | KI2: Wc[Std odch] | KJ2: Wc[Min] | KK2: Wc[Max] | KL2: Wt[Średnia] | KM2: Wt[Std odch] | KN2: Wt[Min] | KO2: Wt[Max] | KP2: Wa[Średnia] | KQ2: Wa[Std odch] | KR2: Wa[Min] | KS2: Wa[Max] | KT2: Wq[Średnia] | KU2: Wq[Std odch] | KV2: Wq[Min] | KW2: Wq[Max] | KX2: Wsk[Średnia] | KY2: Wsk[Std odch] | KZ2: Wsk[Min] | LA2: Wsk[Max] | LB2: Wku[Średnia] | LC2: Wku[Std odch] | LD2: Wku[Min] | LE2: Wku[Max] | LF2: WSm[Średnia] | LG2: WSm[Std odch] | LH2: WSm[Min] | LI2: WSm[Max] | LJ2: Wdq[Średnia] | LK2: Wdq[Std odch] | LL2: Wdq[Min] | LM2: Wdq[Max] | LN2: Wmr (c = 1 µm poniżej najwyższego wypiętrzenia)[Średnia] | LO2: Wmr (c = 1 µm poniżej najwyższego wypiętrzenia)[Std odch] | LP2: Wmr (c = 1 µm poniżej najwyższego wypiętrzenia)[Min] | LQ2: Wmr (c = 1 µm poniżej najwyższego wypiętrzenia)[Max] | LR2: Wdc (p = 20%, q = 80%)[Średnia] | LS2: Wdc (p = 20%, q = 80%)[Std odch] | LT2: Wdc (p = 20%, q = 80%)[Min] | LU2: Wdc (p = 20%, q = 80%)[Max] | LV2: Wmr (Wz/4)[Średnia] | LW2: Wmr (Wz/4)[Std odch] | LX2: Wmr (Wz/4)[Min] | LY2: Wmr (Wz/4)[Max] | LZ2: WPc[Średnia] | MA2: WPc[Std odch] | MB2: WPc[Min] | MC2: WPc[Max] | MD2: Wp[Średnia] | ME2: Wp[Std odch] | MF2: Wp[Min] | MG2: Wp[Max] | MH2: Wv[Średnia] | MI2: Wv[Std odch] | MJ2: Wv[Min] | MK2: Wv[Max] | ML2: Wz[Średnia] | MM2: Wz[Std odch] | MN2: Wz[Min] | MO2: Wz[Max] | MP2: Wc[Średnia] | MQ2: Wc[Std odch] | MR2: Wc[Min] | MS2: Wc[Max] | MT2: Wt[Średnia] | MU2: Wt[Std odch] | MV2: Wt[Min] | MW2: Wt[Max] | MX2: Wa[Średnia] | MY2: Wa[Std odch] | MZ2: Wa[Min] | NA2: Wa[Max] | NB2: Wq[Średnia] | NC2: Wq[Std odch] | ND2: Wq[Min] | NE2: Wq[Max] | NF2: Wsk[Średnia] | NG2: Wsk[Std odch] | NH2: Wsk[Min] | NI2: Wsk[Max] | NJ2: Wku[Średnia] | NK2: Wku[Std odch] | NL2: Wku[Min] | NM2: Wku[Max] | NN2: WSm[Średnia] | NO2: WSm[Std odch] | NP2: WSm[Min] | NQ2: WSm[Max] | NR2: Wdq[Średnia] | NS2: Wdq[Std odch] | NT2: Wdq[Min] | NU2: Wdq[Max] | NV2: Wmr (c = 1 µm poniżej najwyższego wypiętrzenia)[Średnia] | NW2: Wmr (c = 1 µm poniżej najwyższego wypiętrzenia)[Std odch] | NX2: Wmr (c = 1 µm poniżej najwyższego wypiętrzenia)[Min] | NY2: Wmr (c = 1 µm poniżej najwyższego wypiętrzenia)[Max] | NZ2: Wdc (p = 20%, q = 80%)[Średnia] | OA2: Wdc (p = 20%, q = 80%)[Std odch] | OB2: Wdc (p = 20%, q = 80%)[Min] | OC2: Wdc (p = 20%, q = 80%)[Max] | OD2: Wmr (Wz/4)[Średnia] | OE2: Wmr (Wz/4)[Std odch] | OF2: Wmr (Wz/4)[Min] | OG2: Wmr (Wz/4)[Max] | OH2: WPc[Średnia] | OI2: WPc[Std odch] | OJ2: WPc[Min] | OK2: WPc[Max] | OL2: Sq | OM2: Ssk | ON2: Sku | OO2: Sp | OP2: Sv | OQ2: Sz | OR2: Sa | OS2: Vm (p = 10%) | OT2: Vv (p = 10%) | OU2: Vmp (p = 10%) | OV2: Vmc (p = 10%, q = 80%) | OW2: Vvc (p = 10%, q = 80%) | OX2: Vvv (p = 80%) | OY2: Sk | OZ2: Spk | PA2: Svk | PB2: Smrk1 | PC2: Smrk2 | PD2: Sq | PE2: Ssk | PF2: Sku | PG2: Sp | PH2: Sv | PI2: Sz | PJ2: Sa | PK2: Vm (p = 10%) | PL2: Vv (p = 10%) | PM2: Vmp (p = 10%) | PN2: Vmc (p = 10%, q = 80%) | PO2: Vvc (p = 10%, q = 80%) | PP2: Vvv (p = 80%) | PQ2: Sk | PR2: Spk | PS2: Svk | PT2: Smrk1 | PU2: Smrk2 | PV2: Sk | PW2: Spk | PX2: Svk | PY2: Smrk1 | PZ2: Smrk2 | QA2: Sk | QB2: Spk | QC2: Svk | QD2: Smrk1 | QE2: Smrk2 | QF2: Vmp | QG2: Vmc | QH2: Vvc | QI2: Vvv | QJ2: Vmp | QK2: Vmc | QL2: Vvc | QM2: Vvv | QN2: Izotropię | QO2: Pierwszy kierunek | QP2: Drugi kierunek | QQ2: Trzeci kierunek | QR2: Izotropię | QS2: Pierwszy kierunek | QT2: Drugi kierunek | QU2: Trzeci kierunek
A3: # | B3: ° | C3: ° | D3: mm² | E3: mm2 | F3: mm2 | G3: % | H3: % | I3: % | J3: mm² | K3: mm² | L3: mm² | M3: mm² | N3: mm² | O3: mm² | P3: mm² | Q3: mm² | R3: µm | S3: µm | T3: µm | U3: µm | V3: µm | W3: µm | X3: µm | Y3: µm | Z3: µm | AA3: µm | AB3: µm | AC3: µm | AD3: µm | AE3: µm | AF3: µm | AG3: µm | AH3: µm | AI3: µm | AJ3: µm | AK3: µm | AL3: µm | AM3: µm | AN3: µm | AO3: µm | AP3: µm | AQ3: µm | AR3: µm | AS3: µm | AT3: <no unit> | AU3: <no unit> | AV3: <no unit> | AW3: <no unit> | AX3: <no unit> | AY3: <no unit> | AZ3: <no unit> | BA3: <no unit> | BB3: mm | BC3: mm | BD3: mm | BE3: mm | BF3: ° | BG3: ° | BH3: ° | BI3: ° | BJ3: % | BK3: % | BL3: % | BM3: % | BN3: µm | BO3: µm | BP3: µm | BQ3: µm | BR3: 1/cm | BS3: 1/cm | BT3: 1/cm | BU3: 1/cm | BV3: µm | BW3: µm | BX3: µm | BY3: µm | BZ3: µm | CA3: µm | CB3: µm | CC3: µm | CD3: µm | CE3: µm | CF3: µm | CG3: µm | CH3: µm | CI3: µm | CJ3: µm | CK3: µm | CL3: µm | CM3: µm | CN3: µm | CO3: µm | CP3: µm | CQ3: µm | CR3: µm | CS3: µm | CT3: µm | CU3: µm | CV3: µm | CW3: µm | CX3: <no unit> | CY3: <no unit> | CZ3: <no unit> | DA3: <no unit> | DB3: <no unit> | DC3: <no unit> | DD3: <no unit> | DE3: <no unit> | DF3: mm | DG3: mm | DH3: mm | DI3: mm | DJ3: ° | DK3: ° | DL3: ° | DM3: ° | DN3: % | DO3: % | DP3: % | DQ3: % | DR3: µm | DS3: µm | DT3: µm | DU3: µm | DV3: 1/cm | DW3: 1/cm | DX3: 1/cm | DY3: 1/cm | DZ3: µm | EA3: µm | EB3: µm | EC3: µm | ED3: µm | EE3: µm | EF3: µm | EG3: µm | EH3: µm | EI3: µm | EJ3: µm | EK3: µm | EL3: µm | EM3: µm | EN3: µm | EO3: µm | EP3: µm | EQ3: µm | ER3: µm | ES3: µm | ET3: µm | EU3: µm | EV3: µm | EW3: µm | EX3: µm | EY3: µm | EZ3: µm | FA3: µm | FB3: <no unit> | FC3: <no unit> | FD3: <no unit> | FE3: <no unit> | FF3: <no unit> | FG3: <no unit> | FH3: <no unit> | FI3: <no unit> | FJ3: µm | FK3: µm | FL3: µm | FM3: µm | FN3: µm | FO3: µm | FP3: µm | FQ3: µm | FR3: µm | FS3: µm | FT3: µm | FU3: µm | FV3: µm | FW3: µm | FX3: µm | FY3: µm | FZ3: mm | GA3: mm | GB3: mm | GC3: mm | GD3: ° | GE3: ° | GF3: ° | GG3: ° | GH3: % | GI3: % | GJ3: % | GK3: % | GL3: µm | GM3: µm | GN3: µm | GO3: µm | GP3: % | GQ3: % | GR3: % | GS3: % | GT3: 1/cm | GU3: 1/cm | GV3: 1/cm | GW3: 1/cm | GX3: µm | GY3: µm | GZ3: µm | HA3: µm | HB3: µm | HC3: µm | HD3: µm | HE3: µm | HF3: µm | HG3: µm | HH3: µm | HI3: µm | HJ3: µm | HK3: µm | HL3: µm | HM3: µm | HN3: µm | HO3: µm | HP3: µm | HQ3: µm | HR3: µm | HS3: µm | HT3: µm | HU3: µm | HV3: µm | HW3: µm | HX3: µm | HY3: µm | HZ3: <no unit> | IA3: <no unit> | IB3: <no unit> | IC3: <no unit> | ID3: <no unit> | IE3: <no unit> | IF3: <no unit> | IG3: <no unit> | IH3: µm | II3: µm | IJ3: µm | IK3: µm | IL3: µm | IM3: µm | IN3: µm | IO3: µm | IP3: µm | IQ3: µm | IR3: µm | IS3: µm | IT3: µm | IU3: µm | IV3: µm | IW3: µm | IX3: mm | IY3: mm | IZ3: mm | JA3: mm | JB3: ° | JC3: ° | JD3: ° | JE3: ° | JF3: % | JG3: % | JH3: % | JI3: % | JJ3: µm | JK3: µm | JL3: µm | JM3: µm | JN3: % | JO3: % | JP3: % | JQ3: % | JR3: 1/cm | JS3: 1/cm | JT3: 1/cm | JU3: 1/cm | JV3: µm | JW3: µm | JX3: µm | JY3: µm | JZ3: µm | KA3: µm | KB3: µm | KC3: µm | KD3: µm | KE3: µm | KF3: µm | KG3: µm | KH3: µm | KI3: µm | KJ3: µm | KK3: µm | KL3: µm | KM3: µm | KN3: µm | KO3: µm | KP3: µm | KQ3: µm | KR3: µm | KS3: µm | KT3: µm | KU3: µm | KV3: µm | KW3: µm | KX3: <no unit> | KY3: <no unit> | KZ3: <no unit> | LA3: <no unit> | LB3: <no unit> | LC3: <no unit> | LD3: <no unit> | LE3: <no unit> | LF3: mm | LG3: mm | LH3: mm | LI3: mm | LJ3: ° | LK3: ° | LL3: ° | LM3: ° | LN3: % | LO3: % | LP3: % | LQ3: % | LR3: µm | LS3: µm | LT3: µm | LU3: µm | LV3: % | LW3: % | LX3: % | LY3: % | LZ3: 1/cm | MA3: 1/cm | MB3: 1/cm | MC3: 1/cm | MD3: µm | ME3: µm | MF3: µm | MG3: µm | MH3: µm | MI3: µm | MJ3: µm | MK3: µm | ML3: µm | MM3: µm | MN3: µm | MO3: µm | MP3: µm | MQ3: µm | MR3: µm | MS3: µm | MT3: µm | MU3: µm | MV3: µm | MW3: µm | MX3: µm | MY3: µm | MZ3: µm | NA3: µm | NB3: µm | NC3: µm | ND3: µm | NE3: µm | NF3: <no unit> | NG3: <no unit> | NH3: <no unit> | NI3: <no unit> | NJ3: <no unit> | NK3: <no unit> | NL3: <no unit> | NM3: <no unit> | NN3: mm | NO3: mm | NP3: mm | NQ3: mm | NR3: ° | NS3: ° | NT3: ° | NU3: ° | NV3: % | NW3: % | NX3: % | NY3: % | NZ3: µm | OA3: µm | OB3: µm | OC3: µm | OD3: % | OE3: % | OF3: % | OG3: % | OH3: 1/cm | OI3: 1/cm | OJ3: 1/cm | OK3: 1/cm | OL3: µm | OM3: <no unit> | ON3: <no unit> | OO3: µm | OP3: µm | OQ3: µm | OR3: µm | OS3: mm³/mm² | OT3: mm³/mm² | OU3: mm³/mm² | OV3: mm³/mm² | OW3: mm³/mm² | OX3: mm³/mm² | OY3: µm | OZ3: µm | PA3: µm | PB3: % | PC3: % | PD3: µm | PE3: <no unit> | PF3: <no unit> | PG3: µm | PH3: µm | PI3: µm | PJ3: µm | PK3: mm³/mm² | PL3: mm³/mm² | PM3: mm³/mm² | PN3: mm³/mm² | PO3: mm³/mm² | PP3: mm³/mm² | PQ3: µm | PR3: µm | PS3: µm | PT3: % | PU3: % | PV3: µm | PW3: µm | PX3: µm | PY3: % | PZ3: % | QA3: µm | QB3: µm | QC3: µm | QD3: % | QE3: % | QF3: mm³/mm² | QG3: mm³/mm² | QH3: mm³/mm² | QI3: mm³/mm² | QJ3: mm³/mm² | QK3: mm³/mm² | QL3: mm³/mm² | QM3: mm³/mm² | QN3: % | QO3: ° | QP3: ° | QQ3: ° | QR3: % | QS3: ° | QT3: ° | QU3: °
A4: C45_5x5\C45_5x5\C45_TF\C45_5x5 --- C45_TF_x10_conf_blue_5x5.mnt | B4: 1.1383322e-11 | C4: 8.5491157e-12 | D4: 0.049975264 | E4: 0.096189339 | F4: 0.47766541 | G4: 0.15351674 | H4: 0.29547966 | I4: 1.4673187 | J4: 32.50365 | K4: 32.553625 | L4: 32.553625 | M4: 32.553625 | N4: 32.457436 | O4: 32.553625 | P4: 32.075959 | Q4: 32.553625 | R4: 4.0615357 | S4: 0.57566693 | T4: 2.8224021 | U4: 5.993511 | V4: 5.1039729 | W4: 0.98577405 | X4: 2.7280808 | Y4: 7.5538372 | Z4: 9.1655086 | AA4: 1.1906637 | AB4: 6.008039 | AC4: 11.467016 | AD4: 2.6242575 | AE4: 0.51690637 | AF4: 1.5756111 | AG4: 4.4860107 | AH4: 9.1655086 | AI4: 1.1906637 | AJ4: 6.008039 | AK4: 11.467016 | AL4: 1.481582 | AM4: 0.26889387 | AN4: 0.9238483 | AO4: 2.2457331 | AP4: 1.8218759 | AQ4: 0.30685548 | AR4: 1.1482682 | AS4: 2.7026789 | AT4: -0.21600119 | AU4: 0.38365942 | AV4: -1.9336385 | AW4: 0.54144469 | AX4: 2.7188979 | AY4: 0.71618497 | AZ4: 1.7399663 | BA4: 7.8179157 | BB4: 0.21674872 | BC4: 0.077417513 | BD4: 0.098645357 | BE4: 0.60873333 | BF4: 6.4105065 | BG4: 0.66664744 | BH4: 4.5827623 | BI4: 9.0579801 | BJ4: 4.112591 | BK4: 2.5745626 | BL4: 0.17691287 | BM4: 14.396285 | BN4: 3.208839 | BO4: 0.68521294 | BP4: 1.5469678 | BQ4: 5.2780441 | BR4: 51.059919 | BS4: 15.413079 | BT4: 16.427555 | BU4: 101.37325 | BV4: 3.7062505 | BW4: 0.52395658 | BX4: 2.5959837 | BY4: 5.3020075 | BZ4: 4.7812699 | CA4: 0.68546112 | CB4: 2.728049 | CC4: 6.1695944 | CD4: 8.4875204 | CE4: 0.75348088 | CF4: 5.925852 | CG4: 9.252483 | CH4: 2.5237056 | CI4: 0.47237303 | CJ4: 1.5632608 | CK4: 4.3896862 | CL4: 8.4875204 | CM4: 0.75348088 | CN4: 5.925852 | CO4: 9.252483 | CP4: 1.4732144 | CQ4: 0.26281353 | CR4: 0.9238483 | CS4: 2.2285533 | CT4: 1.804579 | CU4: 0.29095293 | CV4: 1.1482682 | CW4: 2.5823185 | CX4: -0.20281467 | CY4: 0.3636527 | CZ4: -1.7880049 | DA4: 0.51121348 | DB4: 2.6394707 | DC4: 0.64240409 | DD4: 1.7330792 | DE4: 6.98827 | DF4: 0.20925283 | DG4: 0.075055892 | DH4: 0.093489152 | DI4: 0.60858 | DJ4: 6.3872659 | DK4: 0.6631692 | DL4: 4.5827623 | DM4: 8.9092569 | DN4: 7.4617417 | DO4: 3.4905179 | DP4: 1.0614772 | DQ4: 18.133569 | DR4: 3.2076603 | DS4: 0.68491696 | DT4: 1.547125 | DU4: 5.2779989 | DV4: 52.744253 | DW4: 15.542854 | DX4: 16.431694 | DY4: 106.96428 | DZ4: 2.4914421 | EA4: 0.38811814 | EB4: 1.5696853 | EC4: 3.9307374 | ED4: 2.245926 | EE4: 0.34564153 | EF4: 1.5070423 | EG4: 3.3864616 | EH4: 4.7373681 | EI4: 0.64407291 | EJ4: 3.0767276 | EK4: 6.671048 | EL4: 1.7445872 | EM4: 0.22784847 | EN4: 1.2821383 | EO4: 2.44382 | EP4: 7.5676523 | EQ4: 1.354983 | ER4: 3.957995 | ES4: 11.656221 | ET4: 0.71013537 | EU4: 0.094265836 | EV4: 0.51300826 | EW4: 0.99375383 | EX4: 0.91222289 | EY4: 0.12520196 | EZ4: 0.62378581 | FA4: 1.3327074 | FB4: 0.20449238 | FC4: 0.20937742 | FD4: -0.42224477 | FE4: 0.93773072 | FF4: 3.4577797 | FG4: 0.6063693 | FH4: 2.5145165 | FI4: 8.3327899 | FJ4: 3.9190752 | FK4: 0.87773211 | FL4: 2.0403893 | FM4: 7.3681984 | FN4: 3.6485771 | FO4: 0.8014745 | FP4: 1.9176057 | FQ4: 6.1030596 | FR4: 7.1720062 | FS4: 1.2547989 | FT4: 3.957995 | FU4: 10.706331 | FV4: 5.2928473 | FW4: 1.6287822 | FX4: 2.436223 | FY4: 10.539673 | FZ4: 0.086327581 | GA4: 0.013839515 | GB4: 0.061805393 | GC4: 0.12692791 | GD4: 6.1783449 | GE4: 0.66076662 | GF4: 4.5324083 | GG4: 9.1791392 | GH4: 1.2821608 | GI4: 1.1378963 | GJ4: 0.049248953 | GK4: 5.8852499 | GL4: 1.3392036 | GM4: 0.17453599 | GN4: 0.93891565 | GO4: 1.9459365 | GP4: 9.2409441 | GQ4: 1.5886614 | GR4: 5.6143807 | GS4: 14.571012 | GT4: 118.73117 | GU4: 18.382237 | GV4: 78.784881 | GW4: 161.79818 | GX4: 2.4220145 | GY4: 0.36248762 | GZ4: 1.5696853 | HA4: 3.7436291 | HB4: 2.2132579 | HC4: 0.33065539 | HD4: 1.5070423 | HE4: 3.3849637 | HF4: 4.6352724 | HG4: 0.5992016 | HH4: 3.0767276 | HI4: 6.4356534 | HJ4: 1.7104731 | HK4: 0.21659712 | HL4: 1.2486827 | HM4: 2.3864168 | HN4: 7.2757283 | HO4: 1.1912075 | HP4: 3.957995 | HQ4: 11.343584 | HR4: 0.7049282 | HS4: 0.091464638 | HT4: 0.51300826 | HU4: 0.9692188 | HV4: 0.90310254 | HW4: 0.12024376 | HX4: 0.62378581 | HY4: 1.3099344 | HZ4: 0.19724206 | IA4: 0.21049005 | IB4: -0.44035708 | IC4: 1.0784703 | ID4: 3.4106317 | IE4: 0.62209113 | IF4: 2.5145165 | IG4: 9.0936717 | IH4: 3.7298416 | II4: 0.81916 | IJ4: 2.0312298 | IK4: 7.3184104 | IL4: 3.5458866 | IM4: 0.73655821 | IN4: 1.9176057 | IO4: 5.8638948 | IP4: 6.8729093 | IQ4: 1.0422166 | IR4: 3.957995 | IS4: 9.404891 | IT4: 5.1113637 | IU4: 1.4466654 | IV4: 2.224185 | IW4: 8.83932 | IX4: 0.084520802 | IY4: 0.013340696 | IZ4: 0.061805393 | JA4: 0.12679571 | JB4: 6.1573693 | JC4: 0.65709825 | JD4: 4.5324083 | JE4: 9.0415854 | JF4: 1.5757684 | JG4: 1.4092968 | JH4: 0.049248953 | JI4: 9.6544688 | JJ4: 1.3373419 | JK4: 0.17304256 | JL4: 0.93891565 | JM4: 1.8968822 | JN4: 9.5080186 | JO4: 1.5863676 | JP4: 6.3703548 | JQ4: 15.488796 | JR4: 121.15489 | JS4: 18.321224 | JT4: 78.867019 | JU4: 161.79818 | JV4: 2.3282856 | JW4: 0.53797776 | JX4: 1.0316987 | JY4: 4.6876714 | JZ4: 2.8401062 | KA4: 0.81204828 | KB4: 1.2429064 | KC4: 5.2221688 | KD4: 5.1683918 | KE4: 1.1302132 | KF4: 2.414544 | KG4: 9.031254 | KH4: 3.8769462 | KI4: 1.3278534 | KJ4: 1.4610487 | KK4: 9.031254 | KL4: 5.1683918 | KM4: 1.1302132 | KN4: 2.414544 | KO4: 9.031254 | KP4: 1.0666071 | KQ4: 0.26161303 | KR4: 0.50660742 | KS4: 1.9049404 | KT4: 1.2997241 | KU4: 0.30162903 | KV4: 0.66384267 | KW4: 2.3268476 | KX4: -0.26865692 | KY4: 0.44208135 | KZ4: -1.7770295 | LA4: 0.83663658 | LB4: 2.5734828 | LC4: 0.72366839 | LD4: 1.551001 | LE4: 5.9775032 | LF4: 1.9662217 | LG4: 0.71944151 | LH4: 0.7383 | LI4: 4.83276 | LJ4: 0.26373135 | LK4: 0.054097333 | LL4: 0.1281687 | LM4: 0.42981982 | LN4: 19.313298 | LO4: 9.2376084 | LP4: 3.1402035 | LQ4: 60.128262 | LR4: 2.3289174 | LS4: 0.67710847 | LT4: 0.91389132 | LU4: 4.8183546 | LV4: 17.255896 | LW4: 5.7616198 | LX4: 3.4940292 | LY4: 32.99425 | LZ4: 5.6714288 | MA4: 1.8147231 | MB4: 2.069211 | MC4: 13.54463 | MD4: 2.3128462 | ME4: 0.52493266 | MF4: 1.0316987 | MG4: 4.4269398 | MH4: 2.7883755 | MI4: 0.738034 | MJ4: 1.2408664 | MK4: 5.1407438 | ML4: 5.1012217 | MM4: 1.044032 | MN4: 2.414544 | MO4: 8.07165 | MP4: 3.8298571 | MQ4: 1.2591604 | MR4: 1.4610297 | MS4: 8.07165 | MT4: 5.1012217 | MU4: 1.044032 | MV4: 2.414544 | MW4: 8.07165 | MX4: 1.0602844 | MY4: 0.25555676 | MZ4: 0.50660742 | NA4: 1.8223238 | NB4: 1.2894678 | NC4: 0.29032467 | ND4: 0.66379508 | NE4: 2.2131994 | NF4: -0.2574898 | NG4: 0.43408654 | NH4: -1.7160459 | NI4: 0.83906041 | NJ4: 2.5462448 | NK4: 0.70302098 | NL4: 1.5505603 | NM4: 5.723534 | NN4: 1.9662655 | NO4: 0.71923896 | NP4: 0.73692 | NQ4: 4.86036 | NR4: 0.2614058 | NS4: 0.051682116 | NT4: 0.1281687 | NU4: 0.40160167 | NV4: 19.465936 | NW4: 9.1817849 | NX4: 3.1180893 | NY4: 60.128262 | NZ4: 2.3231095 | OA4: 0.6722919 | OB4: 0.90724139 | OC4: 4.7785782 | OD4: 17.453762 | OE4: 5.7047153 | OF4: 3.7593985 | OG4: 32.972136 | OH4: 5.6705003 | OI4: 1.8129066 | OJ4: 2.0574608 | OK4: 13.569994 | OL4: 1.7150504 | OM4: -0.35834951 | ON4: 3.0243641 | OO4: 5.974959 | OP4: 7.457196 | OQ4: 13.432155 | OR4: 1.37019 | OS4: 6.1003073e-05 | OT4: 0.0022015506 | OU4: 6.1003073e-05 | OV4: 0.001577768 | OW4: 0.001979663 | OX4: 0.00022188757 | OY4: 4.371934 | OZ4: 1.1457787 | PA4: 1.987914 | PB4: 8.2626237 | PC4: 88.152904 | PD4: 1.696242 | PE4: -0.32194401 | PF4: 2.8428443 | PG4: 5.404155 | PH4: 6.126288 | PI4: 11.530443 | PJ4: 1.3622275 | PK4: 5.8889841e-05 | PL4: 0.0021933282 | PM4: 5.8889841e-05 | PN4: 0.0015767118 | PO4: 0.0019762962 | PP4: 0.00021703197 | PQ4: 4.3686526 | PR4: 1.0961498 | PS4: 1.9056278 | PT4: 8.2208094 | PU4: 88.140803 | PV4: 5.0269032 | PW4: 0.98163286 | PX4: 2.1559055 | PY4: 8.5841172 | PZ4: 88.671976 | QA4: 5.0266135 | QB4: 0.92765681 | QC4: 2.0606711 | QD4: 8.5474644 | QE4: 88.67444 | QF4: 5.396909e-05 | QG4: 0.0018120458 | QH4: 0.0023055282 | QI4: 0.0002424924 | QJ4: 5.1679037e-05 | QK4: 0.0018112972 | QL4: 0.0023038338 | QM4: 0.00023702268 | QN4: 14.562343 | QO4: 0.029635386 | QP4: 4.9753212 | QQ4: 173.76159 | QR4: 14.503951 | QS4: 0.027767179 | QT4: 5.4645015 | QU4: 173.76284
A5: C45_5x5\C45_5x5\C45_TF\C45_5x5 --- C45_TF_x10_conf_green_5x5.mnt | B5: 1.1195111e-11 | C5: 1.0888888e-11 | D5: 0.034882895 | E5: 0.081717803 | F5: 0.47417846 | G5: 0.10715518 | H5: 0.2510252 | I5: 1.4566072 | J5: 32.518742 | K5: 32.553625 | L5: 32.553625 | M5: 32.553625 | N5: 32.471907 | O5: 32.553625 | P5: 32.079446 | Q5: 32.553625 | R5: 4.1420262 | S5: 0.57733905 | T5: 2.8393311 | U5: 5.9760481 | V5: 5.7146025 | W5: 1.0818115 | X5: 3.4369408 | Y5: 7.9791964 | Z5: 9.8566287 | AA5: 1.2619152 | AB5: 6.982278 | AC5: 11.865149 | AD5: 2.8363811 | AE5: 0.54012847 | AF5: 1.7318367 | AG5: 5.0659648 | AH5: 9.8566287 | AI5: 1.2619152 | AJ5: 6.982278 | AK5: 11.865149 | AL5: 1.5392395 | AM5: 0.27172958 | AN5: 0.96570208 | AO5: 2.3128349 | AP5: 1.897307 | AQ5: 0.31063575 | AR5: 1.1659954 | AS5: 2.6920552 | AT5: -0.22343086 | AU5: 0.37100207 | AV5: -1.836189 | AW5: 0.53562172 | AX5: 2.7634359 | AY5: 0.66210374 | AZ5: 1.7346099 | BA5: 6.9728139 | BB5: 0.20129678 | BC5: 0.064047331 | BD5: 0.082408656 | BE5: 0.483805 | BF5: 6.8719346 | BG5: 0.73820029 | BH5: 4.7816186 | BI5: 9.2170418 | BJ5: 4.5407749 | BK5: 2.5278316 | BL5: 0.37593985 | BM5: 13.268465 | BN5: 3.3272293 | BO5: 0.6924354 | BP5: 1.808778 | BQ5: 5.4756545 | BR5: 54.160623 | BS5: 15.624295 | BT5: 20.669485 | BU5: 121.34648 | BV5: 3.8568605 | BW5: 0.52776798 | BX5: 2.7376824 | BY5: 5.3943029 | BZ5: 5.117017 | CA5: 0.63434168 | CB5: 3.4369408 | CC5: 6.3421431 | CD5: 8.9738775 | CE5: 0.68246041 | CF5: 6.982278 | CG5: 9.598256 | CH5: 2.7097543 | CI5: 0.47349693 | CJ5: 1.7318367 | CK5: 4.7706632 | CL5: 8.9738775 | CM5: 0.68246041 | CN5: 6.982278 | CO5: 9.598256 | CP5: 1.5301573 | CQ5: 0.26574062 | CR5: 0.96440731 | CS5: 2.3071582 | CT5: 1.8776355 | CU5: 0.29486354 | CV5: 1.1659954 | CW5: 2.6074215 | CX5: -0.19827333 | CY5: 0.34654286 | CZ5: -1.6518279 | DA5: 0.50361586 | DB5: 2.6494444 | DC5: 0.56150201 | DD5: 1.7135282 | DE5: 5.9646034 | DF5: 0.19233507 | DG5: 0.060390483 | DH5: 0.082408656 | DI5: 0.462576 | DJ5: 6.8410141 | DK5: 0.72808054 | DL5: 4.7816186 | DM5: 9.155236 | DN5: 7.1145547 | DO5: 3.251278 | DP5: 0.7518797 | DQ5: 16.771895 | DR5: 3.3258155 | DS5: 0.69234392 | DT5: 1.8086027 | DU5: 5.4760471 | DV5: 56.528697 | DW5: 15.985004 | DX5: 21.618069 | DY5: 121.34648 | DZ5: 2.5409285 | EA5: 0.38566215 | EB5: 1.473104 | EC5: 3.9363773 | ED5: 2.6773571 | EE5: 0.42157946 | EF5: 1.7484075 | EG5: 4.2596916 | EH5: 5.2182856 | EI5: 0.71539628 | EJ5: 3.4086461 | EK5: 7.5391713 | EL5: 1.951172 | EM5: 0.26111505 | EN5: 1.3176162 | EO5: 2.9715065 | EP5: 8.1170534 | EQ5: 1.4060515 | ER5: 4.337118 | ES5: 12.323727 | ET5: 0.76799843 | EU5: 0.098374877 | EV5: 0.56800366 | EW5: 1.0582462 | EX5: 0.98760773 | EY5: 0.13135512 | EZ5: 0.68778635 | FA5: 1.3863416 | FB5: 0.030481721 | FC5: 0.20885176 | FD5: -0.48215539 | FE5: 0.77808777 | FF5: 3.466975 | FG5: 0.45929614 | FH5: 2.6413535 | FI5: 4.9724353 | FJ5: 3.9176696 | FK5: 0.82589245 | FL5: 1.8847223 | FM5: 6.41278 | FN5: 4.1993838 | FO5: 0.92370217 | FP5: 2.4523957 | FQ5: 7.6432541 | FR5: 7.6200111 | FS5: 1.3244692 | FT5: 3.918726 | FU5: 11.301657 | FV5: 5.826095 | FW5: 1.6370975 | FX5: 2.495877 | FY5: 10.98702 | FZ5: 0.084333311 | GA5: 0.013593674 | GB5: 0.061515529 | GC5: 0.15203657 | GD5: 6.707355 | GE5: 0.73271283 | GF5: 4.6853829 | GG5: 9.2718424 | GH5: 1.4669569 | GI5: 1.3842858 | GJ5: 0.049248953 | GK5: 10.416154 | GL5: 1.4579304 | GM5: 0.18279244 | GN5: 1.0256813 | GO5: 2.0104379 | GP5: 8.8286924 | GQ5: 1.6899532 | GR5: 5.269638 | GS5: 14.774686 | GT5: 121.43831 | GU5: 18.162201 | GV5: 65.773649 | GW5: 162.56058 | GX5: 2.4854212 | GY5: 0.36209827 | GZ5: 1.473104 | HA5: 3.7527144 | HB5: 2.5988079 | HC5: 0.3835647 | HD5: 1.7484075 | HE5: 4.0618704 | HF5: 5.0842291 | HG5: 0.64737035 | HH5: 3.4086461 | HI5: 7.3333259 | HJ5: 1.9081854 | HK5: 0.23923237 | HL5: 1.3176162 | HM5: 2.9430202 | HN5: 7.6926184 | HO5: 1.1733221 | HP5: 4.337118 | HQ5: 10.952397 | HR5: 0.76219476 | HS5: 0.095742011 | HT5: 0.56800366 | HU5: 1.0536471 | HV5: 0.97629965 | HW5: 0.12582177 | HX5: 0.68778635 | HY5: 1.3751341 | HZ5: 0.037516408 | IA5: 0.20729398 | IB5: -0.49381414 | IC5: 0.80041426 | ID5: 3.3948088 | IE5: 0.44188902 | IF5: 2.6361616 | IG5: 4.9720053 | IH5: 3.7621079 | II5: 0.76325161 | IJ5: 1.8847223 | IK5: 6.3210595 | IL5: 3.9305105 | IM5: 0.75864907 | IN5: 2.4523957 | IO5: 6.2693867 | IP5: 7.2346645 | IQ5: 1.0620824 | IR5: 3.918726 | IS5: 10.103537 | IT5: 5.6310988 | IU5: 1.3790698 | IV5: 2.45233 | IW5: 9.034487 | IX5: 0.082575151 | IY5: 0.013177065 | IZ5: 0.058444468 | JA5: 0.15203657 | JB5: 6.6835815 | JC5: 0.72638181 | JD5: 4.6853829 | JE5: 9.2083755 | JF5: 1.6837328 | JG5: 1.4458611 | JH5: 0.07387343 | JI5: 10.416154 | JJ5: 1.4576235 | JK5: 0.18320706 | JL5: 1.0271999 | JM5: 2.0103328 | JN5: 9.1411947 | JO5: 1.6534205 | JP5: 5.3411346 | JQ5: 14.774686 | JR5: 123.92279 | JS5: 18.121055 | JT5: 65.773649 | JU5: 171.10259 | JV5: 2.3877285 | JW5: 0.54392811 | JX5: 0.97947681 | JY5: 4.5459661 | JZ5: 2.8911197 | KA5: 0.83513266 | KB5: 1.2536948 | KC5: 5.4498247 | KD5: 5.2788482 | KE5: 1.157673 | KF5: 2.306001 | KG5: 9.084519 | KH5: 3.9303744 | KI5: 1.3015528 | KJ5: 1.5411787 | KK5: 9.084519 | KL5: 5.2788482 | KM5: 1.157673 | KN5: 2.306001 | KO5: 9.084519 | KP5: 1.0973128 | KQ5: 0.26809118 | KR5: 0.51615586 | KS5: 1.8581008 | KT5: 1.3357433 | KU5: 0.31034595 | KV5: 0.67020965 | KW5: 2.2886375 | KX5: -0.2512349 | KY5: 0.4429136 | KZ5: -1.7984259 | LA5: 0.90194668 | LB5: 2.5459863 | LC5: 0.71948486 | LD5: 1.566093 | LE5: 6.1985441 | LF5: 1.9795645 | LG5: 0.6985788 | LH5: 0.55752 | LI5: 4.58022 | LJ5: 0.27046853 | LK5: 0.054932469 | LL5: 0.12320245 | LM5: 0.4402191 | LN5: 18.969143 | LO5: 9.206909 | LP5: 3.3171163 | LQ5: 63.003096 | LR5: 2.406233 | LS5: 0.68658829 | LT5: 0.92572287 | LU5: 4.3849404 | LV5: 17.663629 | LW5: 5.8585074 | LX5: 0 | LY5: 32.99425 | LZ5: 5.6359611 | MA5: 1.9333703 | MB5: 2.1833012 | MC5: 17.936576 | MD5: 2.3751371 | ME5: 0.53701935 | MF5: 0.97947681 | MG5: 4.4656677 | MH5: 2.8364173 | MI5: 0.75685904 | MJ5: 1.2560159 | MK5: 5.2847305 | ML5: 5.2115544 | MM5: 1.0722777 | MN5: 2.306001 | MO5: 8.298117 | MP5: 3.8688356 | MQ5: 1.2184918 | MR5: 1.5411787 | MS5: 8.298117 | MT5: 5.2115544 | MU5: 1.0722777 | MV5: 2.306001 | MW5: 8.298117 | MX5: 1.0902277 | MY5: 0.26207899 | MZ5: 0.51615586 | NA5: 1.7878305 | NB5: 1.3247651 | NC5: 0.29910974 | ND5: 0.67020965 | NE5: 2.1877336 | NF5: -0.23894071 | NG5: 0.43554586 | NH5: -1.8186873 | NI5: 0.90153818 | NJ5: 2.5218263 | NK5: 0.6987219 | NL5: 1.566093 | NM5: 6.290178 | NN5: 1.9877423 | NO5: 0.69171601 | NP5: 0.84663 | NQ5: 4.57884 | NR5: 0.26798438 | NS5: 0.052870093 | NT5: 0.12320245 | NU5: 0.41478049 | NV5: 19.046537 | NW5: 9.2097612 | NX5: 3.2950022 | NY5: 63.003096 | NZ5: 2.3966276 | OA5: 0.68006441 | OB5: 0.92572287 | OC5: 4.3382025 | OD5: 17.815416 | OE5: 5.7993673 | OF5: 0 | OG5: 32.99425 | OH5: 5.5652522 | OI5: 1.700688 | OJ5: 2.1839593 | OK5: 11.811535 | OL5: 1.7852291 | OM5: -0.35179667 | ON5: 3.0411743 | OO5: 6.012619 | OP5: 7.859115 | OQ5: 13.871734 | OR5: 1.4252244 | OS5: 6.3774738e-05 | OT5: 0.0023000581 | OU5: 6.3774738e-05 | OV5: 0.0016366413 | OW5: 0.0020695857 | OX5: 0.0002304724 | OY5: 4.5548772 | OZ5: 1.2043687 | PA5: 2.0674852 | PB5: 8.4433722 | PC5: 88.351054 | PD5: 1.7644738 | PE5: -0.30466169 | PF5: 2.8308751 | PG5: 5.436377 | PH5: 6.632064 | PI5: 12.068441 | PJ5: 1.4167109 | PK5: 6.1700038e-05 | PL5: 0.0022932092 | PM5: 6.1700038e-05 | PN5: 0.001636047 | PO5: 0.002068483 | PP5: 0.00022472619 | PQ5: 4.5522013 | PR5: 1.1564918 | PS5: 1.9701952 | PT5: 8.4367627 | PU5: 88.34865 | PV5: 5.2046339 | PW5: 1.0532293 | PX5: 2.2360698 | PY5: 8.8597365 | PZ5: 88.870746 | QA5: 5.2026494 | QB5: 1.0092138 | QC5: 2.1251289 | QD5: 8.8582667 | QE5: 88.885176 | QF5: 5.6990645e-05 | QG5: 0.0018644623 | QH5: 0.0023981307 | QI5: 0.00025145561 | QJ5: 5.4993494e-05 | QK5: 0.0018638453 | QL5: 0.0023972607 | QM5: 0.00024508627 | QN5: 14.175455 | QO5: 0.025451213 | QP5: 5.4558692 | QQ5: 174.78159 | QR5: 14.136506 | QS5: 0.024225518 | QT5: 5.4561747 | QU5: 174.7806
A6: C45_5x5\C45_5x5\C45_TF\C45_5x5 --- C45_TF_x10_conf_red_5x5.mnt | B6: 1.0243047e-11 | C6: 1.0008999e-11 | D6: 0.06289281 | E6: 0.1098934 | F6: 0.50824246 | G6: 0.19319756 | H6: 0.33757654 | I6: 1.5612469 | J6: 32.490732 | K6: 32.553625 | L6: 32.553625 | M6: 32.553625 | N6: 32.443731 | O6: 32.553625 | P6: 32.045382 | Q6: 32.553625 | R6: 4.2939966 | S6: 0.59260719 | T6: 2.874533 | U6: 6.2153807 | V6: 6.2516594 | W6: 1.1228192 | X6: 3.8031927 | Y6: 8.4334704 | Z6: 10.545656 | AA6: 1.3117873 | AB6: 7.435299 | AC6: 12.555881 | AD6: 3.0019591 | AE6: 0.52940133 | AF6: 1.9273222 | AG6: 4.8035805 | AH6: 10.545656 | AI6: 1.3117873 | AJ6: 7.435299 | AK6: 12.555881 | AL6: 1.5933827 | AM6: 0.27368621 | AN6: 0.99675349 | AO6: 2.3790596 | AP6: 1.9672595 | AQ6: 0.31414691 | AR6: 1.2018615 | AS6: 2.7197622 | AT6: -0.2657975 | AU6: 0.35936972 | AV6: -1.7856935 | AW6: 0.43740039 | AX6: 2.8243852 | AY6: 0.65302128 | AZ6: 1.7623058 | BA6: 6.6464537 | BB6: 0.18264963 | BC6: 0.059439788 | BD6: 0.087640952 | BE6: 0.4692 | BF6: 7.6950068 | BG6: 0.83762674 | BH6: 5.581233 | BI6: 10.251795 | BJ6: 3.9994247 | BK6: 2.3129188 | BL6: 0.37593985 | BM6: 11.61358 | BN6: 3.4335042 | BO6: 0.68907075 | BP6: 1.9711387 | BQ6: 5.6999533 | BR6: 59.752294 | BS6: 16.94269 | BT6: 21.312873 | BU6: 114.10191 | BV6: 3.9710088 | BW6: 0.52781942 | BX6: 2.8296729 | BY6: 5.5399049 | BZ6: 5.4663478 | CA6: 0.59755491 | CB6: 3.8031927 | CC6: 6.7972205 | CD6: 9.4373566 | CE6: 0.62585816 | CF6: 7.435299 | CG6: 9.994255 | CH6: 2.8649188 | CI6: 0.4524391 | CJ6: 1.9273222 | CK6: 4.5991359 | CL6: 9.4373566 | CM6: 0.62585816 | CN6: 7.435299 | CO6: 9.994255 | CP6: 1.5825289 | CQ6: 0.26720302 | CR6: 0.99600633 | CS6: 2.3697515 | CT6: 1.9433457 | CU6: 0.29703298 | CV6: 1.2018615 | CW6: 2.6947868 | CX6: -0.23174436 | CY6: 0.33269348 | CZ6: -1.5759125 | DA6: 0.42902051 | DB6: 2.6746254 | DC6: 0.53581189 | DD6: 1.7269661 | DE6: 5.5771747 | DF6: 0.17444403 | DG6: 0.054514031 | DH6: 0.084944307 | DI6: 0.391092 | DJ6: 7.6402975 | DK6: 0.82015546 | DL6: 5.581233 | DM6: 10.118052 | DN6: 6.7231576 | DO6: 3.1234857 | DP6: 0.70765148 | DQ6: 16.076957 | DR6: 3.4315906 | DS6: 0.68874334 | DT6: 1.9711387 | DU6: 5.699005 | DV6: 62.214788 | DW6: 17.104397 | DX6: 25.569431 | DY6: 117.72419 | DZ6: 2.6706858 | EA6: 0.40704405 | EB6: 1.5865391 | EC6: 4.0530751 | ED6: 3.0203438 | EE6: 0.45658377 | EF6: 2.035375 | EG6: 4.7551286 | EH6: 5.6910296 | EI6: 0.76457898 | EJ6: 3.900865 | EK6: 8.2219859 | EL6: 2.1394199 | EM6: 0.27071747 | EN6: 1.5446978 | EO6: 3.0559003 | EP6: 8.6863531 | EQ6: 1.4929591 | ER6: 4.821726 | ES6: 12.390907 | ET6: 0.82519233 | EU6: 0.10393759 | EV6: 0.60905028 | EW6: 1.1712901 | EX6: 1.0618091 | EY6: 0.13695516 | EZ6: 0.74828979 | FA6: 1.5471607 | FB6: -0.077884617 | FC6: 0.20716828 | FD6: -0.54857984 | FE6: 0.62492778 | FF6: 3.4992145 | FG6: 0.45517752 | FH6: 2.6126804 | FI6: 5.450119 | FJ6: 4.0557571 | FK6: 0.83664555 | FL6: 1.9436808 | FM6: 6.5832906 | FN6: 4.6305959 | FO6: 1.0158151 | FP6: 2.7987475 | FQ6: 7.8041689 | FR6: 8.1946805 | FS6: 1.4157308 | FT6: 4.33872 | FU6: 11.767516 | FV6: 6.3450249 | FW6: 1.7719482 | FX6: 2.617568 | FY6: 11.567386 | FZ6: 0.080097047 | GA6: 0.01167328 | GB6: 0.059755484 | GC6: 0.11404085 | GD6: 7.5241517 | GE6: 0.83567175 | GF6: 5.4948555 | GG6: 10.325369 | GH6: 1.344338 | GI6: 1.3336759 | GJ6: 0.049248953 | GK6: 10.365578 | GL6: 1.5802383 | GM6: 0.20120365 | GN6: 1.1360974 | GO6: 2.1952036 | GP6: 8.4499972 | GQ6: 1.7007678 | GR6: 4.8263974 | GS6: 14.553066 | GT6: 127.42923 | GU6: 17.936377 | GV6: 87.687876 | GW6: 167.34866 | GX6: 2.6085976 | GY6: 0.38402849 | GZ6: 1.5865391 | HA6: 3.8700042 | HB6: 2.9094318 | HC6: 0.39489015 | HD6: 2.035375 | HE6: 4.347096 | HF6: 5.5180294 | HG6: 0.67593994 | HH6: 3.900865 | HI6: 7.7955479 | HJ6: 2.0871462 | HK6: 0.25030819 | HL6: 1.5430318 | HM6: 2.9098236 | HN6: 8.1969177 | HO6: 1.222066 | HP6: 4.821726 | HQ6: 11.342618 | HR6: 0.81795186 | HS6: 0.10040134 | HT6: 0.60905028 | HU6: 1.14999 | HV6: 1.0473204 | HW6: 0.12965382 | HX6: 0.74828979 | HY6: 1.5041464 | HZ6: -0.063890575 | IA6: 0.20415664 | IB6: -0.56302139 | IC6: 0.67224306 | ID6: 3.4064901 | IE6: 0.4356821 | IF6: 2.6126804 | IG6: 5.3992322 | IH6: 3.8979461 | II6: 0.78820644 | IJ6: 1.9436808 | IK6: 6.4563169 | IL6: 4.2989715 | IM6: 0.79224273 | IN6: 2.7987475 | IO6: 6.4880597 | IP6: 7.7058249 | IQ6: 1.0898664 | IR6: 4.33872 | IS6: 10.898911 | IT6: 6.0991904 | IU6: 1.4762306 | IV6: 2.617566 | IW6: 9.399209 | IX6: 0.078416373 | IY6: 0.011316869 | IZ6: 0.059755484 | JA6: 0.11404085 | JB6: 7.4803925 | JC6: 0.81876003 | JD6: 5.4948555 | JE6: 10.223827 | JF6: 1.5693422 | JG6: 1.4181144 | JH6: 0.049248953 | JI6: 10.365578 | JJ6: 1.579377 | JK6: 0.20122341 | JL6: 1.1359924 | JM6: 2.1945015 | JN6: 8.8227897 | JO6: 1.7015281 | JP6: 4.9987688 | JQ6: 14.553066 | JR6: 130.08009 | JS6: 17.935581 | JT6: 87.687876 | JU6: 167.34866 | JV6: 2.4246908 | JW6: 0.5448583 | JX6: 0.96568808 | JY6: 4.3152203 | JZ6: 2.9507976 | KA6: 0.86459155 | KB6: 1.2858569 | KC6: 5.5842027 | KD6: 5.3754884 | KE6: 1.1760934 | KF6: 2.251545 | KG6: 8.986346 | KH6: 3.994703 | KI6: 1.3107916 | KJ6: 1.523843 | KK6: 8.986346 | KL6: 5.3754884 | KM6: 1.1760934 | KN6: 2.251545 | KO6: 8.986346 | KP6: 1.1208139 | KQ6: 0.27135951 | KR6: 0.52821086 | KS6: 1.8534786 | KT6: 1.363865 | KU6: 0.31475342 | KV6: 0.68777991 | KW6: 2.286494 | KX6: -0.25079806 | KY6: 0.44711514 | KZ6: -1.8518135 | LA6: 0.93279192 | LB6: 2.5383728 | LC6: 0.70565568 | LD6: 1.5868856 | LE6: 6.1916118 | LF6: 2.0091566 | LG6: 0.73943058 | LH6: 0.849735 | LI6: 4.5816 | LJ6: 0.27676678 | LK6: 0.055816311 | LL6: 0.12497815 | LM6: 0.44483896 | LN6: 18.71254 | LO6: 9.1025259 | LP6: 3.4276869 | LQ6: 63.056052 | LR6: 2.4567438 | LS6: 0.69800412 | LT6: 0.97672448 | LU6: 4.4008125 | LV6: 17.875345 | LW6: 5.8514613 | LX6: 1.4864943 | LY6: 32.529854 | LZ6: 5.552459 | MA6: 1.7325684 | MB6: 2.1826436 | MC6: 11.768375 | MD6: 2.4097924 | ME6: 0.53787094 | MF6: 0.96568808 | MG6: 4.2562637 | MH6: 2.8911433 | MI6: 0.78338992 | MJ6: 1.2858569 | MK6: 5.3585524 | ML6: 5.3009357 | MM6: 1.0891197 | MN6: 2.251545 | MO6: 8.310553 | MP6: 3.9388692 | MQ6: 1.2338356 | MR6: 1.523843 | MS6: 7.877502 | MT6: 5.3009357 | MU6: 1.0891197 | MV6: 2.251545 | MW6: 8.310553 | MX6: 1.1122289 | MY6: 0.26498355 | MZ6: 0.52821086 | NA6: 1.7931004 | NB6: 1.3509896 | NC6: 0.30323813 | ND6: 0.68777991 | NE6: 2.196587 | NF6: -0.23773864 | NG6: 0.43956119 | NH6: -1.8851937 | NI6: 0.93121187 | NJ6: 2.5141435 | NK6: 0.6863504 | NL6: 1.5868802 | NM6: 6.3544689 | NN6: 2.0147444 | NO6: 0.73641712 | NP6: 0.849735 | NQ6: 4.5816 | NR6: 0.27389876 | NS6: 0.053762547 | NT6: 0.12497815 | NU6: 0.4239624 | NV6: 18.825872 | NW6: 9.0883284 | NX6: 3.4055728 | NY6: 63.056052 | NZ6: 2.4437306 | OA6: 0.68995816 | OB6: 0.97415059 | OC6: 4.3372572 | OD6: 18.02687 | OE6: 5.7832223 | OF6: 2.034498 | OG6: 32.529854 | OH6: 5.5298137 | OI6: 1.7183938 | OJ6: 2.1826436 | OK6: 11.768375 | OL6: 1.8547525 | OM6: -0.39014919 | ON6: 3.1099598 | OO6: 6.126929 | OP6: 8.390272 | OQ6: 14.517201 | OR6: 1.4786069 | OS6: 6.4848324e-05 | OT6: 0.0023764282 | OU6: 6.4848324e-05 | OV6: 0.0016964036 | OW6: 0.0021334794 | OX6: 0.00024294889 | OY6: 4.7152196 | OZ6: 1.2174662 | PA6: 2.1977144 | PB6: 8.2670977 | PC6: 88.209329 | PD6: 1.8300081 | PE6: -0.33217808 | PF6: 2.8549168 | PG6: 5.604222 | PH6: 6.945401 | PI6: 12.549623 | PJ6: 1.4685798 | PK6: 6.2595035e-05 | PL6: 0.0023683745 | PM6: 6.2595035e-05 | PN6: 0.0016958051 | PO6: 0.0021324359 | PP6: 0.00023593853 | PQ6: 4.7115421 | PR6: 1.1639869 | PS6: 2.0835825 | PT6: 8.2759061 | PU6: 88.221208 | PV6: 5.3793309 | PW6: 1.056706 | PX6: 2.3581236 | PY6: 8.5886511 | PZ6: 88.786664 | QA6: 5.3774729 | QB6: 1.007024 | QC6: 2.2257466 | QD6: 8.5965533 | QE6: 88.803756 | QF6: 5.7928626e-05 | QG6: 0.0019243509 | QH6: 0.0024609631 | QI6: 0.00026375205 | QJ6: 5.5783392e-05 | QK6: 0.0019234212 | QL6: 0.0024601498 | QM6: 0.00025612309 | QN6: 14.292919 | QO6: 0.022509396 | QP6: 5.4587023 | QQ6: 174.78299 | QR6: 14.260981 | QS6: 0.021516835 | QT6: 5.4582844 | QU6: 174.78241
A7: C45_5x5\C45_5x5\C45_TF\C45_5x5 --- C45_TF_x10_fusion_blue_5x5.mnt | B7: 1.1839685e-11 | C7: 1.1682655e-11 | D7: 0.0010588464 | E7: 0.056722554 | F7: 0.49893756 | G7: 0.0032526221 | H7: 0.17424343 | I7: 1.5326636 | J7: 32.552566 | K7: 32.553625 | L7: 32.553625 | M7: 32.553625 | N7: 32.496902 | O7: 32.553625 | P7: 32.054687 | Q7: 32.553625 | R7: 4.7858014 | S7: 0.77852759 | T7: 2.9887885 | U7: 6.9434862 | V7: 5.5009768 | W7: 0.95272611 | X7: 3.0668142 | Y7: 7.6795637 | Z7: 10.286778 | AA7: 1.3231177 | AB7: 6.316528 | AC7: 12.699506 | AD7: 2.7334566 | AE7: 0.48550052 | AF7: 1.7826016 | AG7: 4.3632315 | AH7: 10.286778 | AI7: 1.3231177 | AJ7: 6.316528 | AK7: 12.699506 | AL7: 1.5155022 | AM7: 0.26291664 | AN7: 0.97610346 | AO7: 2.2781167 | AP7: 1.8666522 | AQ7: 0.30039299 | AR7: 1.1962458 | AS7: 2.7446 | AT7: -0.2053074 | AU7: 0.36532673 | AV7: -1.8017506 | AW7: 0.53939282 | AX7: 2.750737 | AY7: 0.67939369 | AZ7: 1.7846873 | BA7: 7.443541 | BB7: 0.14106554 | BC7: 0.045788537 | BD7: 0.075756623 | BE7: 0.34060125 | BF7: 10.184238 | BG7: 1.6435113 | BH7: 6.771497 | BI7: 17.313963 | BJ7: 1.3917085 | BK7: 1.7993804 | BL7: 0.044228218 | BM7: 9.6515642 | BN7: 3.2778161 | BO7: 0.66709537 | BP7: 1.6784255 | BQ7: 5.3606016 | BR7: 77.274263 | BS7: 21.397552 | BT7: 29.359845 | BU7: 132.00166 | BV7: 3.8738846 | BW7: 0.51419518 | BX7: 2.7485594 | BY7: 5.4282552 | BZ7: 5.0406649 | CA7: 0.64399141 | CB7: 3.0668142 | CC7: 6.262986 | CD7: 8.9145495 | CE7: 0.67156354 | CF7: 6.316528 | CG7: 9.54352 | CH7: 2.5701759 | CI7: 0.41123563 | CJ7: 1.7826016 | CK7: 4.0273229 | CL7: 8.9145495 | CM7: 0.67156354 | CN7: 6.316528 | CO7: 9.54352 | CP7: 1.5023659 | CQ7: 0.2548189 | CR7: 0.97593476 | CS7: 2.2178738 | CT7: 1.840391 | CU7: 0.28098437 | CV7: 1.1950577 | CW7: 2.5550765 | CX7: -0.2028904 | CY7: 0.34313667 | CZ7: -1.6598535 | DA7: 0.47905576 | DB7: 2.6348082 | DC7: 0.59862531 | DD7: 1.7607796 | DE7: 6.64555 | DF7: 0.13281403 | DG7: 0.042163542 | DH7: 0.071998518 | DI7: 0.294837 | DJ7: 9.8931739 | DK7: 1.3814805 | DL7: 6.771497 | DM7: 16.441322 | DN7: 6.1636168 | DO7: 2.9024897 | DP7: 0.61919505 | DQ7: 15.39142 | DR7: 3.273135 | DS7: 0.66448136 | DT7: 1.6783885 | DU7: 5.2605722 | DV7: 81.785649 | DW7: 22.117454 | DX7: 33.917046 | DY7: 138.89175 | DZ7: 2.9776515 | EA7: 0.5066252 | EB7: 1.9769686 | EC7: 5.1681429 | ED7: 2.6641631 | EE7: 0.37824037 | EF7: 1.80788 | EG7: 3.7324677 | EH7: 5.6418146 | EI7: 0.77107869 | EJ7: 3.7848486 | EK7: 8.500333 | EL7: 1.9790711 | EM7: 0.27514822 | EN7: 1.3965643 | EO7: 3.1073669 | EP7: 8.6443799 | EQ7: 1.5031692 | ER7: 4.766592 | ES7: 13.234565 | ET7: 0.77868927 | EU7: 0.099671055 | EV7: 0.550074 | EW7: 1.1593551 | EX7: 1.0040965 | EY7: 0.13312041 | EZ7: 0.67827226 | FA7: 1.4804417 | FB7: 0.19271982 | FC7: 0.22055639 | FD7: -0.38165186 | FE7: 1.0443701 | FF7: 3.6639679 | FG7: 0.58566426 | FH7: 2.7216154 | FI7: 6.2804992 | FJ7: 4.5459677 | FK7: 1.0142431 | FL7: 2.4969971 | FM7: 7.1554956 | FN7: 4.0984122 | FO7: 0.88847688 | FP7: 2.2419241 | FQ7: 7.2646499 | FR7: 8.1222349 | FS7: 1.4011909 | FT7: 4.528735 | FU7: 12.104804 | FV7: 6.1816066 | FW7: 1.7311101 | FX7: 2.661982 | FY7: 11.720638 | FZ7: 0.062421448 | GA7: 0.009418745 | GB7: 0.04439371 | GC7: 0.094808421 | GD7: 9.7398572 | GE7: 1.5014042 | GF7: 6.6567734 | GG7: 15.585828 | GH7: 0.72943682 | GI7: 0.73468551 | GJ7: 0.049248953 | GK7: 4.1369121 | GL7: 1.4825757 | GM7: 0.18607538 | GN7: 1.0329276 | GO7: 2.2898947 | GP7: 7.9947061 | GQ7: 1.5814089 | GR7: 4.0137897 | GS7: 12.647905 | GT7: 163.64931 | GU7: 23.248858 | GV7: 105.47586 | GW7: 225.25714 | GX7: 2.760707 | GY7: 0.39422567 | GZ7: 1.8787367 | HA7: 4.4959278 | HB7: 2.5956453 | HC7: 0.33869376 | HD7: 1.80788 | HE7: 3.5826029 | HF7: 5.3563523 | HG7: 0.62755726 | HH7: 3.7848486 | HI7: 7.5706866 | HJ7: 1.9027481 | HK7: 0.23265001 | HL7: 1.3965643 | HM7: 2.9133071 | HN7: 7.9384862 | HO7: 1.1166693 | HP7: 4.766592 | HQ7: 11.519834 | HR7: 0.76924817 | HS7: 0.094690764 | HT7: 0.550074 | HU7: 1.101884 | HV7: 0.9856173 | HW7: 0.12352299 | HX7: 0.67827226 | HY7: 1.4359016 | HZ7: 0.15458328 | IA7: 0.19654826 | IB7: -0.39189545 | IC7: 0.97526162 | ID7: 3.4506086 | IE7: 0.43367494 | IF7: 2.6423141 | IG7: 4.936372 | IH7: 4.0419078 | II7: 0.79308072 | IJ7: 2.2890082 | IK7: 6.8912617 | IL7: 3.8965784 | IM7: 0.72651615 | IN7: 2.2419241 | IO7: 6.1338406 | IP7: 7.4660213 | IQ7: 0.97034297 | IR7: 4.528735 | IS7: 9.549516 | IT7: 5.837225 | IU7: 1.3993543 | IV7: 2.64444 | IW7: 9.042777 | IX7: 0.060224931 | IY7: 0.0086115089 | IZ7: 0.04439371 | JA7: 0.090265573 | JB7: 9.497465 | JC7: 1.2839187 | JD7: 6.6567734 | JE7: 14.438144 | JF7: 1.139591 | JG7: 0.95920231 | JH7: 0.049248953 | JI7: 5.438274 | JJ7: 1.4784986 | JK7: 0.1837515 | JL7: 1.0329276 | JM7: 2.2532782 | JN7: 8.6517217 | JO7: 1.5225468 | JP7: 4.9741443 | JQ7: 12.681606 | JR7: 169.20724 | JS7: 22.48795 | JT7: 110.78421 | JU7: 225.25714 | JV7: 2.3190216 | JW7: 0.53099558 | JX7: 0.97868451 | JY7: 4.7581072 | JZ7: 2.8311427 | KA7: 0.79433864 | KB7: 1.2487415 | KC7: 5.184943 | KD7: 5.1501643 | KE7: 1.1126867 | KF7: 2.358282 | KG7: 9.140764 | KH7: 3.8738497 | KI7: 1.3268736 | KJ7: 1.466337 | KK7: 9.140764 | KL7: 5.1501643 | KM7: 1.1126867 | KN7: 2.358282 | KO7: 9.140764 | KP7: 1.0609932 | KQ7: 0.25794569 | KR7: 0.49467898 | KS7: 1.9087593 | KT7: 1.2928094 | KU7: 0.29638246 | KV7: 0.66269254 | KW7: 2.3239941 | KX7: -0.2670436 | KY7: 0.43161803 | KZ7: -1.7524094 | LA7: 0.81440073 | LB7: 2.5692577 | LC7: 0.70053861 | LD7: 1.5639781 | LE7: 5.9889964 | LF7: 1.9733003 | LG7: 0.74803082 | LH7: 0.73554 | LI7: 4.8369 | LJ7: 0.264118 | LK7: 0.053025303 | LL7: 0.12643532 | LM7: 0.42754607 | LN7: 19.280339 | LO7: 9.1553667 | LP7: 3.0075188 | LQ7: 61.256081 | LR7: 2.3105741 | LS7: 0.66395821 | LT7: 0.87516483 | LU7: 4.7386939 | LV7: 17.169686 | LW7: 5.7145139 | LX7: 3.7372844 | LY7: 32.905794 | LZ7: 5.694191 | MA7: 1.892013 | MB7: 2.0674399 | MC7: 13.595454 | MD7: 2.3018034 | ME7: 0.51920146 | MF7: 0.9799667 | MG7: 4.456786 | MH7: 2.7736702 | MI7: 0.71812641 | MJ7: 1.2468121 | MK7: 5.0628063 | ML7: 5.0754735 | MM7: 1.0236797 | MN7: 2.358282 | MO7: 7.89444 | MP7: 3.823376 | MQ7: 1.2506775 | MR7: 1.466337 | MS7: 7.89444 | MT7: 5.0754735 | MU7: 1.0236797 | MV7: 2.358282 | MW7: 7.89444 | MX7: 1.0527348 | MY7: 0.25065851 | MZ7: 0.49483757 | NA7: 1.7672503 | NB7: 1.2802768 | NC7: 0.28377686 | ND7: 0.66269254 | NE7: 2.1458933 | NF7: -0.2541406 | NG7: 0.42391606 | NH7: -1.6909592 | NI7: 0.8182898 | NJ7: 2.5417217 | NK7: 0.67993612 | NL7: 1.5631768 | NM7: 5.7368996 | NN7: 1.9832566 | NO7: 0.74961442 | NP7: 0.7383 | NQ7: 4.86726 | NR7: 0.26105824 | NS7: 0.05035124 | NT7: 0.12660599 | NU7: 0.40088969 | NV7: 19.490604 | NW7: 9.0346064 | NX7: 3.1402035 | NY7: 61.189739 | NZ7: 2.30008 | OA7: 0.65630826 | OB7: 0.87516483 | OC7: 4.5284087 | OD7: 17.389356 | OE7: 5.6489964 | OF7: 3.7151703 | OG7: 32.717877 | OH7: 5.66699 | OI7: 1.8928742 | OJ7: 2.054544 | OK7: 13.54463 | OL7: 1.7595501 | OM7: -0.32970862 | ON7: 3.0418536 | OO7: 7.333088 | OP7: 7.687374 | OQ7: 15.020462 | OR7: 1.4048032 | OS7: 6.4266931e-05 | OT7: 0.0022608042 | OU7: 6.4266931e-05 | OV7: 0.0016139725 | OW7: 0.0020349795 | OX7: 0.00022582466 | OY7: 4.4925921 | OZ7: 1.2189127 | PA7: 2.0194294 | PB7: 8.3219498 | PC7: 88.343761 | PD7: 1.7320199 | PE7: -0.30832922 | PF7: 2.8193679 | PG7: 5.567982 | PH7: 6.319185 | PI7: 11.887167 | PJ7: 1.392537 | PK7: 5.979666e-05 | PL7: 0.0022482629 | PM7: 5.979666e-05 | PN7: 0.0016116864 | PO7: 0.0020282926 | PP7: 0.00021997025 | PQ7: 4.4863272 | PR7: 1.1129465 | PS7: 1.9219044 | PT7: 8.2492805 | PU7: 88.3422 | PV7: 5.1450708 | PW7: 1.0485402 | PX7: 2.1797779 | PY7: 8.519184 | PZ7: 88.831541 | QA7: 5.1407894 | QB7: 0.94238395 | QC7: 2.0665762 | QD7: 8.4410143 | QE7: 88.833038 | QF7: 5.6970984e-05 | QG7: 0.0018458601 | QH7: 0.0023533279 | QI7: 0.00024605748 | QJ7: 5.2592375e-05 | QK7: 0.0018435563 | QL7: 0.0023464797 | QM7: 0.00023953404 | QN7: 14.57925 | QO7: 0.029238803 | QP7: 5.4581289 | QQ7: 173.76399 | QR7: 14.494923 | QS7: 0.025434948 | QT7: 5.4577483 | QU7: 173.76272
A8: C45_5x5\C45_5x5\C45_TF\C45_5x5 --- C45_TF_x10_fusion_green_5x5.mnt | B8: 1.0635937e-11 | C8: 1.4030654e-11 | D8: 0.0004456296 | E8: 0.060986505 | F8: 0.51303393 | G8: 0.0013689093 | H8: 0.18734167 | I8: 1.5759656 | J8: 32.553179 | K8: 32.553625 | L8: 32.553625 | M8: 32.553625 | N8: 32.492638 | O8: 32.553625 | P8: 32.040591 | Q8: 32.553625 | R8: 4.478873 | S8: 0.60048174 | T8: 3.246607 | U8: 6.3818266 | V8: 6.2854519 | W8: 1.0303716 | X8: 3.9429052 | Y8: 8.3713283 | Z8: 10.764325 | AA8: 1.2427854 | AB8: 7.647358 | AC8: 12.530715 | AD8: 2.9758351 | AE8: 0.457648 | AF8: 2.008918 | AG8: 5.2644161 | AH8: 10.764325 | AI8: 1.2427854 | AJ8: 7.647358 | AK8: 12.530715 | AL8: 1.5926525 | AM8: 0.26629699 | AN8: 1.0228122 | AO8: 2.3589181 | AP8: 1.966459 | AQ8: 0.30289548 | AR8: 1.2549255 | AS8: 2.7283117 | AT8: -0.24608106 | AU8: 0.34299449 | AV8: -1.6697641 | AW8: 0.45065637 | AX8: 2.8016254 | AY8: 0.61938704 | AZ8: 1.7990418 | BA8: 6.45547 | BB8: 0.13268856 | BC8: 0.039972585 | BD8: 0.068199259 | BE8: 0.34167176 | BF8: 10.703796 | BG8: 1.4007676 | BH8: 7.2173133 | BI8: 15.69059 | BJ8: 2.8461223 | BK8: 1.9068205 | BL8: 0.28748341 | BM8: 10.82736 | BN8: 3.4395032 | BO8: 0.67293627 | BP8: 2.0456889 | BQ8: 5.6593283 | BR8: 81.50527 | BS8: 22.413045 | BT8: 29.267856 | BU8: 146.62916 | BV8: 4.0154252 | BW8: 0.52810385 | BX8: 2.8654711 | BY8: 5.5213802 | BZ8: 5.4775201 | CA8: 0.57010425 | CB8: 3.9429052 | CC8: 6.7135766 | CD8: 9.4929453 | CE8: 0.56275414 | CF8: 7.173811 | CG8: 9.952661 | CH8: 2.8361464 | CI8: 0.3853729 | CJ8: 2.008918 | CK8: 4.4361658 | CL8: 9.4929453 | CM8: 0.56275414 | CN8: 7.173811 | CO8: 9.952661 | CP8: 1.5812863 | CQ8: 0.2598864 | CR8: 1.0226328 | CS8: 2.3392927 | CT8: 1.9420464 | CU8: 0.2866802 | CV8: 1.2544156 | CW8: 2.6647469 | CX8: -0.22044927 | CY8: 0.31943787 | CZ8: -1.5346805 | DA8: 0.42655972 | DB8: 2.6640172 | DC8: 0.52278907 | DD8: 1.7317447 | DE8: 5.6883017 | DF8: 0.12606252 | DG8: 0.036862976 | DH8: 0.064234186 | DI8: 0.295665 | DJ8: 10.499581 | DK8: 1.2344404 | DL8: 7.2173133 | DM8: 15.045745 | DN8: 6.3094215 | DO8: 2.9543151 | DP8: 0.84033613 | DQ8: 15.259046 | DR8: 3.4375033 | DS8: 0.67198515 | DT8: 2.0459269 | DU8: 5.659411 | DV8: 85.455063 | DW8: 22.834423 | DX8: 33.822062 | DY8: 155.68034 | DZ8: 2.9111468 | EA8: 0.42368407 | EB8: 1.9269885 | EC8: 4.7665452 | ED8: 3.2787251 | EE8: 0.47114794 | EF8: 2.2464969 | EG8: 5.0292281 | EH8: 6.1898719 | EI8: 0.77483995 | EJ8: 4.556204 | EK8: 8.6979571 | EL8: 2.246367 | EM8: 0.27105363 | EN8: 1.6295733 | EO8: 3.1441386 | EP8: 9.2362774 | EQ8: 1.4253263 | ER8: 5.603081 | ES8: 12.94329 | ET8: 0.85832251 | EU8: 0.1027806 | EV8: 0.62039406 | EW8: 1.1580268 | EX8: 1.104544 | EY8: 0.13478318 | EZ8: 0.76790839 | FA8: 1.5132544 | FB8: -0.069238029 | FC8: 0.20869479 | FD8: -0.56103614 | FE8: 0.84628525 | FF8: 3.5772249 | FG8: 0.48332505 | FH8: 2.7316209 | FI8: 5.3514538 | FJ8: 4.3748442 | FK8: 0.86491119 | FL8: 2.5164737 | FM8: 6.8794931 | FN8: 4.8614333 | FO8: 0.97901959 | FP8: 2.8291041 | FQ8: 8.0463647 | FR8: 8.6869522 | FS8: 1.3665248 | FT8: 5.504066 | FU8: 12.060566 | FV8: 6.7789737 | FW8: 1.6828402 | FX8: 2.860651 | FY8: 11.506494 | FZ8: 0.062572763 | GA8: 0.008485979 | GB8: 0.047107118 | GC8: 0.085998095 | GD8: 10.338514 | GE8: 1.291571 | GF8: 7.0639582 | GG8: 14.365436 | GH8: 0.91677357 | GI8: 0.81257136 | GJ8: 0.049248953 | GK8: 4.6294016 | GL8: 1.652871 | GM8: 0.19985039 | GN8: 1.1484036 | GO8: 2.251686 | GP8: 7.7282962 | GQ8: 1.5948092 | GR8: 4.0630387 | GS8: 13.19872 | GT8: 162.67493 | GU8: 21.345985 | GV8: 116.28165 | GW8: 212.28214 | GX8: 2.8086866 | GY8: 0.38413687 | GZ8: 1.9269885 | HA8: 4.2730654 | HB8: 3.1507914 | HC8: 0.39704935 | HD8: 2.2464973 | HE8: 4.4559516 | HF8: 5.959478 | HG8: 0.65705013 | HH8: 4.5527153 | HI8: 8.0152046 | HJ8: 2.185033 | HK8: 0.24235281 | HL8: 1.6295731 | HM8: 2.9339799 | HN8: 8.658991 | HO8: 1.1001919 | HP8: 5.603081 | HQ8: 12.817393 | HR8: 0.85028969 | HS8: 0.099105432 | HT8: 0.62039406 | HU8: 1.1384797 | HV8: 1.0884724 | HW8: 0.12733531 | HX8: 0.76790839 | HY8: 1.4671797 | HZ8: -0.064386153 | IA8: 0.20751803 | IB8: -0.56025411 | IC8: 0.85194347 | ID8: 3.4682746 | IE8: 0.45981382 | IF8: 2.7316209 | IG8: 5.2300215 | IH8: 4.1472412 | II8: 0.77062897 | IJ8: 2.5164737 | IK8: 6.7371562 | IL8: 4.5113361 | IM8: 0.74688923 | IN8: 2.8291042 | IO8: 7.1531183 | IP8: 8.0661792 | IQ8: 0.97165655 | IR8: 5.504066 | IS8: 10.461803 | IT8: 6.5107696 | IU8: 1.3908028 | IV8: 2.837785 | IW8: 9.783442 | IX8: 0.061105595 | IY8: 0.0080697139 | IZ8: 0.047107118 | JA8: 0.085362857 | JB8: 10.187736 | JC8: 1.1784049 | JD8: 7.0639582 | JE8: 13.893491 | JF8: 1.0971525 | JG8: 0.90215545 | JH8: 0.049248953 | JI8: 4.5309037 | JJ8: 1.6517941 | JK8: 0.19961799 | JL8: 1.1485583 | JM8: 2.2460262 | JN8: 8.1985635 | JO8: 1.5708688 | JP8: 4.186161 | JQ8: 13.19872 | JR8: 166.39519 | JS8: 21.012835 | JT8: 117.14697 | JU8: 212.28214 | JV8: 2.4031044 | JW8: 0.54506678 | JX8: 0.94302182 | JY8: 4.5240723 | JZ8: 2.896762 | KA8: 0.81490525 | KB8: 1.2491504 | KC8: 5.3829183 | KD8: 5.2998664 | KE8: 1.1349029 | KF8: 2.28214 | KG8: 9.050005 | KH8: 3.9205177 | KI8: 1.286284 | KJ8: 1.650141 | KK8: 9.050005 | KL8: 5.2998664 | KM8: 1.1349029 | KN8: 2.28214 | KO8: 9.050005 | KP8: 1.1004124 | KQ8: 0.2660573 | KR8: 0.52112992 | KS8: 1.856489 | KT8: 1.3399019 | KU8: 0.30650775 | KV8: 0.6791237 | KW8: 2.2869445 | KX8: -0.24321605 | KY8: 0.44400835 | KZ8: -1.8812228 | LA8: 0.89038471 | LB8: 2.5448348 | LC8: 0.70741073 | LD8: 1.596651 | LE8: 6.5854418 | LF8: 1.9806728 | LG8: 0.70994093 | LH8: 0.8418 | LI8: 4.57746 | LJ8: 0.27244143 | LK8: 0.054583411 | LL8: 0.12178019 | LM8: 0.44018483 | LN8: 18.818725 | LO8: 9.2018775 | LP8: 3.2950022 | LQ8: 63.928618 | LR8: 2.4098477 | LS8: 0.68097919 | LT8: 0.92588959 | LU8: 4.3869615 | LV8: 17.637645 | LW8: 5.825064 | LX8: 0 | LY8: 32.658624 | LZ8: 5.6241681 | MA8: 1.7837462 | MB8: 2.1846177 | MC8: 11.879306 | MD8: 2.3870536 | ME8: 0.53824955 | MF8: 0.94285547 | MG8: 4.4429785 | MH8: 2.8425353 | MI8: 0.74258776 | MJ8: 1.2535522 | MK8: 5.180616 | ML8: 5.2295889 | MM8: 1.0561687 | MN8: 2.28179 | MO8: 8.276308 | MP8: 3.8459175 | MQ8: 1.2170718 | MR8: 1.6491995 | MS8: 8.276308 | MT8: 5.2295889 | MU8: 1.0561687 | MV8: 2.28179 | MW8: 8.276308 | MX8: 1.0920999 | MY8: 0.26013347 | MZ8: 0.52095042 | NA8: 1.7847334 | NB8: 1.3275035 | NC8: 0.29585009 | ND8: 0.67878825 | NE8: 2.1857661 | NF8: -0.23150268 | NG8: 0.43544368 | NH8: -1.8754255 | NI8: 0.89314593 | NJ8: 2.5205186 | NK8: 0.68383973 | NL8: 1.5971848 | NM8: 6.5723799 | NN8: 1.9630649 | NO8: 0.70010054 | NP8: 0.8418 | NQ8: 4.57746 | NR8: 0.26964538 | NS8: 0.052491758 | NT8: 0.12181868 | NU8: 0.41913137 | NV8: 18.969496 | NW8: 9.3062464 | NX8: 3.2950022 | NY8: 63.943482 | NZ8: 2.3973654 | OA8: 0.67372146 | OB8: 0.92491376 | OC8: 4.3458144 | OD8: 17.789513 | OE8: 5.7529495 | OF8: 0 | OG8: 32.61831 | OH8: 5.6606156 | OI8: 1.767747 | OJ8: 2.1846177 | OK8: 11.879306 | OL8: 1.8503129 | OM8: -0.36023478 | ON8: 3.0458896 | OO8: 6.386523 | OP8: 8.167689 | OQ8: 14.554212 | OR8: 1.477698 | OS8: 6.4934909e-05 | OT8: 0.0023841257 | OU8: 6.4934909e-05 | OV8: 0.0016970753 | OW8: 0.0021447777 | OX8: 0.00023934796 | OY8: 4.7308724 | OZ8: 1.2224505 | PA8: 2.1504633 | PB8: 8.3617428 | PC8: 88.388917 | PD8: 1.8249487 | PE8: -0.31171198 | PF8: 2.8138516 | PG8: 5.647331 | PH8: 6.733677 | PI8: 12.381008 | PJ8: 1.4670415 | PK8: 6.21163e-05 | PL8: 0.0023744215 | PM8: 6.21163e-05 | PN8: 0.0016960974 | PO8: 0.0021418906 | PP8: 0.00023253084 | PQ8: 4.7280519 | PR8: 1.1563218 | PS8: 2.0363174 | PT8: 8.3237912 | PU8: 88.393724 | PV8: 5.3859483 | PW8: 1.0794836 | PX8: 2.3148207 | PY8: 8.688755 | PZ8: 88.912581 | QA8: 5.382666 | QB8: 1.014829 | QC8: 2.1814426 | QD8: 8.6883869 | QE8: 88.919103 | QF8: 5.8564434e-05 | QG8: 0.0019240143 | QH8: 0.0024710527 | QI8: 0.00026022649 | QJ8: 5.5790466e-05 | QK8: 0.0019230328 | QL8: 0.0024684332 | QM8: 0.00025269809 | QN8: 14.348 | QO8: 0.021577095 | QP8: 4.9756253 | QQ8: 174.7717 | QR8: 14.318453 | QS8: 0.019591296 | QT8: 4.9746729 | QU8: 174.77199
A9: C45_5x5\C45_5x5\C45_TF\C45_5x5 --- C45_TF_x10_fusion_red_5x5.mnt | B9: 1.1496108e-11 | C9: 1.0697133e-11 | D9: 0.000542754 | E9: 0.063108007 | F9: 0.52610573 | G9: 0.0016672613 | H9: 0.19385862 | I9: 1.6161203 | J9: 32.553082 | K9: 32.553625 | L9: 32.553625 | M9: 32.553625 | N9: 32.490517 | O9: 32.553625 | P9: 32.027519 | Q9: 32.553625 | R9: 4.653049 | S9: 0.58308501 | T9: 3.3208854 | U9: 6.3547502 | V9: 6.9150051 | W9: 1.0379638 | X9: 4.2812046 | Y9: 9.0325187 | Z9: 11.568054 | AA9: 1.229814 | AB9: 8.087571 | AC9: 13.287718 | AD9: 3.2073735 | AE9: 0.45773348 | AF9: 2.190032 | AG9: 4.4224271 | AH9: 11.568054 | AI9: 1.229814 | AJ9: 8.087571 | AK9: 13.287718 | AL9: 1.6544158 | AM9: 0.26752911 | AN9: 1.0622005 | AO9: 2.4204584 | AP9: 2.0466659 | AQ9: 0.30595331 | AR9: 1.307517 | AS9: 2.80193 | AT9: -0.29434103 | AU9: 0.33052354 | AV9: -1.6215291 | AW9: 0.38247051 | AX9: 2.8814754 | AY9: 0.61309722 | AZ9: 1.8964363 | BA9: 6.243121 | BB9: 0.12083205 | BC9: 0.034097601 | BD9: 0.071347586 | BE9: 0.26634 | BF9: 12.061063 | BG9: 1.6015531 | BH9: 8.5170125 | BI9: 21.088204 | BJ9: 2.4276559 | BK9: 1.7183548 | BL9: 0.2432552 | BM9: 8.6583338 | BN9: 3.5595664 | BO9: 0.67136475 | BP9: 2.1340346 | BQ9: 5.7713265 | BR9: 88.618397 | BS9: 22.140479 | BT9: 37.545994 | BU9: 140.15891 | BV9: 4.1505045 | BW9: 0.5281355 | BX9: 3.0184741 | BY9: 5.6590143 | BZ9: 5.8662068 | CA9: 0.53517226 | CB9: 4.2812046 | CC9: 7.114529 | CD9: 10.016711 | CE9: 0.4845476 | CF9: 8.087571 | CG9: 10.461262 | CH9: 3.0443907 | CI9: 0.39196966 | CJ9: 2.190032 | CK9: 3.996363 | CL9: 10.016711 | CM9: 0.4845476 | CN9: 8.087571 | CO9: 10.461262 | CP9: 1.6409648 | CQ9: 0.26008791 | CR9: 1.0622005 | CS9: 2.3812588 | CT9: 2.0171346 | CU9: 0.28786486 | CV9: 1.307517 | CW9: 2.7342738 | CX9: -0.25628513 | CY9: 0.30459637 | CZ9: -1.4809469 | DA9: 0.39858046 | DB9: 2.6960809 | DC9: 0.48662833 | DD9: 1.7701629 | DE9: 5.3942961 | DF9: 0.11445837 | DG9: 0.031820383 | DH9: 0.067715172 | DI9: 0.266409 | DJ9: 11.774273 | DK9: 1.4295517 | DL9: 8.5170125 | DM9: 19.853815 | DN9: 5.8477524 | DO9: 2.7010815 | DP9: 0.77399381 | DQ9: 13.865546 | DR9: 3.5570409 | DS9: 0.66971909 | DT9: 2.1339659 | DU9: 5.7489202 | DV9: 93.264183 | DW9: 22.621616 | DX9: 37.53627 | DY9: 147.67739 | DZ9: 3.0589421 | EA9: 0.45199491 | EB9: 1.8752886 | EC9: 4.8810141 | ED9: 3.6677056 | EE9: 0.48503535 | EF9: 2.5804205 | EG9: 5.6216487 | EH9: 6.7266477 | EI9: 0.81266122 | EJ9: 4.9488463 | EK9: 9.2252323 | EL9: 2.4700698 | EM9: 0.29294048 | EN9: 1.8371911 | EO9: 3.4831522 | EP9: 9.8961307 | EQ9: 1.4835659 | ER9: 6.408442 | ES9: 13.570634 | ET9: 0.9269243 | EU9: 0.11124662 | EV9: 0.66399769 | EW9: 1.2863455 | EX9: 1.1938267 | EY9: 0.14444862 | EZ9: 0.82910696 | FA9: 1.6919881 | FB9: -0.17802353 | FC9: 0.20633267 | FD9: -0.69231137 | FE9: 0.66986304 | FF9: 3.6096056 | FG9: 0.4902982 | FH9: 2.7590403 | FI9: 5.4632284 | FJ9: 4.4941874 | FK9: 0.89191246 | FL9: 2.2383881 | FM9: 7.2267613 | FN9: 5.4005307 | FO9: 1.0068483 | FP9: 3.4053939 | FQ9: 8.8357281 | FR9: 9.3491432 | FS9: 1.4212299 | FT9: 6.110327 | FU9: 12.645657 | FV9: 7.4148198 | FW9: 1.7914658 | FX9: 3.526066 | FY9: 12.51577 | FZ9: 0.059817695 | GA9: 0.0078335988 | GB9: 0.045528595 | GC9: 0.083782727 | GD9: 11.621979 | GE9: 1.4611466 | GF9: 8.6277899 | GG9: 18.237705 | GH9: 0.93779702 | GI9: 0.87914007 | GJ9: 0.024624477 | GK9: 5.6636296 | GL9: 1.796297 | GM9: 0.22380688 | GN9: 1.2587569 | GO9: 2.5109556 | GP9: 7.4208303 | GQ9: 1.5728525 | GR9: 3.6652017 | GS9: 12.280961 | GT9: 169.99742 | GU9: 21.814059 | GV9: 119.35634 | GW9: 219.64218 | GX9: 2.9569342 | GY9: 0.40927764 | GZ9: 1.8752886 | HA9: 4.5046765 | HB9: 3.4960826 | HC9: 0.38609736 | HD9: 2.5804205 | HE9: 4.6790168 | HF9: 6.4530168 | HG9: 0.66571549 | HH9: 4.9488463 | HI9: 8.2066864 | HJ9: 2.3955929 | HK9: 0.26250143 | HL9: 1.779811 | HM9: 3.2688251 | HN9: 9.1913428 | HO9: 1.1416234 | HP9: 6.362062 | HQ9: 12.644601 | HR9: 0.91691846 | HS9: 0.10602785 | HT9: 0.66399769 | HU9: 1.2393826 | HV9: 1.1733448 | HW9: 0.13401546 | HX9: 0.82910696 | HY9: 1.5887384 | HZ9: -0.16135899 | IA9: 0.20103657 | IB9: -0.62491349 | IC9: 0.728939 | ID9: 3.4651718 | IE9: 0.41619988 | IF9: 2.7590403 | IG9: 4.9234371 | IH9: 4.2743565 | II9: 0.82970184 | IJ9: 2.2383881 | IK9: 7.0548815 | IL9: 4.9154471 | IM9: 0.72708107 | IN9: 3.4053938 | IO9: 7.6836067 | IP9: 8.6246045 | IQ9: 0.98704449 | IR9: 6.096019 | IS9: 11.245431 | IT9: 7.1053037 | IU9: 1.4976671 | IV9: 3.526066 | IW9: 11.245431 | IX9: 0.058299227 | IY9: 0.0073211957 | IZ9: 0.044324286 | JA9: 0.07786 | JB9: 11.419967 | JC9: 1.3450534 | JD9: 8.4791516 | JE9: 17.212384 | JF9: 1.129937 | JG9: 0.99524374 | JH9: 0.024624477 | JI9: 5.8315055 | JJ9: 1.7964034 | JK9: 0.2241465 | JL9: 1.2589571 | JM9: 2.5078685 | JN9: 7.9216941 | JO9: 1.5177752 | JP9: 4.8756464 | JQ9: 12.386112 | JR9: 174.21547 | JS9: 21.611697 | JT9: 128.43565 | JU9: 225.60995 | JV9: 2.4450779 | JW9: 0.54818574 | JX9: 0.92382196 | JY9: 4.3210032 | JZ9: 2.9537656 | KA9: 0.84365082 | KB9: 1.2807935 | KC9: 5.6160801 | KD9: 5.3988435 | KE9: 1.1528266 | KF9: 2.264163 | KG9: 8.973433 | KH9: 4.0069034 | KI9: 1.3103474 | KJ9: 1.6021575 | KK9: 8.973433 | KL9: 5.3988435 | KM9: 1.1528266 | KN9: 2.264163 | KO9: 8.973433 | KP9: 1.1235347 | KQ9: 0.2691891 | KR9: 0.52984043 | KS9: 1.8603807 | KT9: 1.367123 | KU9: 0.3102778 | KV9: 0.69170648 | KW9: 2.2855593 | KX9: -0.23917556 | KY9: 0.4502386 | KZ9: -1.9483359 | LA9: 0.92207825 | LB9: 2.5383968 | LC9: 0.69697938 | LD9: 1.6129207 | LE9: 6.7435784 | LF9: 1.9703838 | LG9: 0.70932575 | LH9: 0.84732 | LI9: 4.5747 | LJ9: 0.27871643 | LK9: 0.055411958 | LL9: 0.12437024 | LM9: 0.43567035 | LN9: 18.411444 | LO9: 9.0960858 | LP9: 3.3834586 | LQ9: 63.843432 | LR9: 2.458766 | LS9: 0.69030831 | LT9: 0.91041609 | LU9: 4.3977934 | LV9: 17.767944 | LW9: 5.7402588 | LX9: 2.0566121 | LY9: 32.799833 | LZ9: 5.6405325 | MA9: 1.7382373 | MB9: 2.1859357 | MC9: 11.801917 | MD9: 2.4283803 | ME9: 0.54151888 | MF9: 0.92382196 | MG9: 4.2486113 | MH9: 2.8954383 | MI9: 0.77152922 | MJ9: 1.2922448 | MK9: 5.3369472 | ML9: 5.3238186 | MM9: 1.0747482 | MN9: 2.264163 | MO9: 8.229181 | MP9: 3.9564617 | MQ9: 1.2586775 | MR9: 1.6014635 | MS9: 8.229181 | MT9: 5.3238186 | MU9: 1.0747482 | MV9: 2.264163 | MW9: 8.229181 | MX9: 1.1136988 | MY9: 0.26267302 | MZ9: 0.52946988 | NA9: 1.7909844 | NB9: 1.3528557 | NC9: 0.29939674 | ND9: 0.69113001 | NE9: 2.1788947 | NF9: -0.22602764 | NG9: 0.44102755 | NH9: -1.9416601 | NI9: 0.92833863 | NJ9: 2.5146809 | NK9: 0.67512556 | NL9: 1.6122226 | NM9: 6.749343 | NN9: 1.9813806 | NO9: 0.71201733 | NP9: 0.84732 | NQ9: 4.57194 | NR9: 0.27552122 | NS9: 0.053345892 | NT9: 0.12437024 | NU9: 0.42827681 | NV9: 18.571621 | NW9: 9.1702171 | NX9: 3.3613445 | NY9: 63.843432 | NZ9: 2.4425849 | OA9: 0.68059107 | OB9: 0.91013904 | OC9: 4.3633648 | OD9: 17.896522 | OE9: 5.6739047 | OF9: 2.0566121 | OG9: 32.795223 | OH9: 5.6128644 | OI9: 1.742015 | OJ9: 2.1872553 | OK9: 11.801917 | OL9: 1.9295244 | OM9: -0.40253383 | ON9: 3.1233702 | OO9: 6.606276 | OP9: 9.081146 | OQ9: 15.687422 | OR9: 1.538372 | OS9: 6.6068422e-05 | OT9: 0.0024718212 | OU9: 6.6068422e-05 | OV9: 0.0017648469 | OW9: 0.0022181651 | OX9: 0.00025365609 | OY9: 4.9136358 | OZ9: 1.2331147 | PA9: 2.3023424 | PB9: 8.1992684 | PC9: 88.2534 | PD9: 1.8997448 | PE9: -0.34295567 | PF9: 2.8452667 | PG9: 5.727953 | PH9: 7.257085 | PI9: 12.985038 | PJ9: 1.5260518 | PK9: 6.3032314e-05 | PL9: 0.0024607013 | PM9: 6.3032314e-05 | PN9: 0.0017638139 | PO9: 0.0022152251 | PP9: 0.0002454762 | PQ9: 4.9103494 | PR9: 1.1614333 | PS9: 2.1665164 | PT9: 8.1606985 | PU9: 88.25813 | PV9: 5.577166 | PW9: 1.0885063 | PX9: 2.4608623 | PY9: 8.4350782 | PZ9: 88.812811 | QA9: 5.5744828 | QB9: 1.0183978 | QC9: 2.304887 | QD9: 8.4073278 | QE9: 88.824484 | QF9: 5.9916196e-05 | QG9: 0.0019901326 | QH9: 0.0025406474 | QI9: 0.00027439761 | QJ9: 5.6947835e-05 | QK9: 0.0019889492 | QL9: 0.0025378488 | QM9: 0.00026544203 | QN9: 14.369324 | QO9: 0.021653871 | QP9: 4.9768572 | QQ9: 174.77838 | QR9: 14.347119 | QS9: 0.020525068 | QT9: 4.9763994 | QU9: 174.77816
A10: C45_5x5\C45_5x5\C45_TF\C45_5x5 --- C45_TF_x10_FV_blue_5x5.mnt | B10: 1.4429217e-11 | C10: 7.2036586e-12 | D10: 0.00090649439 | E10: 0.042151989 | F10: 0.38611138 | G10: 0.0027792172 | H10: 0.1292336 | I10: 1.1837772 | J10: 32.61599 | K10: 32.616897 | L10: 32.616897 | M10: 32.616897 | N10: 32.574745 | O10: 32.616897 | P10: 32.230785 | Q10: 32.616897 | R10: 4.1899001 | S10: 0.57764474 | T10: 2.9019501 | U10: 6.1851539 | V10: 5.071201 | W10: 0.96141998 | X10: 3.1565866 | Y10: 7.4339672 | Z10: 9.261101 | AA10: 1.1824881 | AB10: 6.511601 | AC10: 11.526085 | AD10: 2.8176206 | AE10: 0.5803496 | AF10: 1.7743469 | AG10: 5.0723927 | AH10: 9.261101 | AI10: 1.1824881 | AJ10: 6.511601 | AK10: 11.526085 | AL10: 1.4934446 | AM10: 0.26203705 | AN10: 0.92942948 | AO10: 2.2296398 | AP10: 1.8407949 | AQ10: 0.30006208 | AR10: 1.1568518 | AS10: 2.6616151 | AT10: -0.21578669 | AU10: 0.38495231 | AV10: -2.0259944 | AW10: 0.53131294 | AX10: 2.7742621 | AY10: 0.79403052 | AZ10: 1.9217024 | BA10: 8.5922048 | BB10: 0.26174719 | BC10: 0.092069712 | BD10: 0.12942 | BE10: 0.7146675 | BF10: 4.4422818 | BG10: 0.40336592 | BH10: 3.3916879 | BI10: 5.7420851 | BJ10: 3.5381012 | BK10: 1.8638836 | BL10: 0.3756076 | BM10: 10.318162 | BN10: 3.2132684 | BO10: 0.65111045 | BP10: 1.5947743 | BQ10: 4.9056503 | BR10: 42.378797 | BS10: 13.12386 | BT10: 13.992521 | BU10: 77.26781 | BV10: 3.9298935 | BW10: 0.52770906 | BX10: 2.9019501 | BY10: 5.6089762 | BZ10: 4.7626415 | CA10: 0.67893233 | CB10: 3.1565866 | CC10: 6.2320444 | CD10: 8.6925349 | CE10: 0.7843139 | CF10: 6.511601 | CG10: 9.562595 | CH10: 2.734961 | CI10: 0.51177131 | CJ10: 1.7701509 | CK10: 4.896857 | CL10: 8.6925349 | CM10: 0.7843139 | CN10: 6.511601 | CO10: 9.562595 | CP10: 1.4878119 | CQ10: 0.25765189 | CR10: 0.92925671 | CS10: 2.1817196 | CT10: 1.8279546 | CU10: 0.28864284 | CV10: 1.1563423 | CW10: 2.5765208 | CX10: -0.20414575 | CY10: 0.36155711 | CZ10: -1.8715904 | DA10: 0.53351182 | DB10: 2.6931733 | DC10: 0.67397707 | DD10: 1.8993532 | DE10: 7.2191213 | DF10: 0.25435088 | DG10: 0.084904925 | DH10: 0.12663702 | DI10: 0.59662 | DJ10: 4.4237828 | DK10: 0.39329431 | DL10: 3.3916879 | DM10: 5.7180129 | DN10: 5.3372352 | DO10: 2.7815994 | DP10: 0.90587715 | DQ10: 14.790176 | DR10: 3.2132522 | DS10: 0.65113527 | DT10: 1.5948427 | DU10: 4.9050649 | DV10: 43.352473 | DW10: 13.223802 | DX10: 16.761088 | DY10: 78.96585 | DZ10: 2.3349764 | EA10: 0.3523196 | EB10: 1.5977444 | EC10: 3.6812823 | ED10: 2.1692239 | EE10: 0.27182657 | EF10: 1.5865872 | EG10: 3.2611586 | EH10: 4.5042003 | EI10: 0.55542737 | EJ10: 3.2877486 | EK10: 6.5958919 | EL10: 1.8296067 | EM10: 0.21307569 | EN10: 1.3592378 | EO10: 2.7269063 | EP10: 7.0521157 | EQ10: 1.2855159 | ER10: 4.072389 | ES10: 10.983722 | ET10: 0.72180661 | EU10: 0.090140196 | EV10: 0.52115883 | EW10: 1.0092092 | EX10: 0.91973465 | EY10: 0.11852187 | EZ10: 0.66353685 | FA10: 1.3081664 | FB10: 0.12861161 | FC10: 0.18908587 | FD10: -0.32749211 | FE10: 0.67397723 | FF10: 3.2143302 | FG10: 0.39748302 | FH10: 2.3279022 | FI10: 4.7472368 | FJ10: 3.6369628 | FK10: 0.80625713 | FL10: 2.0222905 | FM10: 6.5234679 | FN10: 3.4151529 | FO10: 0.72090283 | FP10: 1.9126341 | FQ10: 6.5037558 | FR10: 6.7227012 | FS10: 1.2672455 | FT10: 3.8411 | FU10: 10.983722 | FV10: 5.1120024 | FW10: 1.3518442 | FX10: 2.437836 | FY10: 9.679514 | FZ10: 0.099133442 | GA10: 0.013712171 | GB10: 0.070720519 | GC10: 0.14150595 | GD10: 4.3671247 | GE10: 0.41229089 | GF10: 3.2933591 | GG10: 5.6743684 | GH10: 1.7839323 | GI10: 1.5029161 | GJ10: 0.14774686 | GK10: 9.0864319 | GL10: 1.3894179 | GM10: 0.15902072 | GN10: 1.0481298 | GO10: 2.0298849 | GP10: 10.234889 | GQ10: 1.5453752 | GR10: 5.8060262 | GS10: 14.947057 | GT10: 102.75454 | GU10: 13.81406 | GV10: 70.668409 | GW10: 141.40168 | GX10: 2.2972543 | GY10: 0.33903403 | GZ10: 1.5977444 | HA10: 3.6153498 | HB10: 2.1441616 | HC10: 0.25827847 | HD10: 1.5823555 | HE10: 3.1108264 | HF10: 4.4414159 | HG10: 0.5262054 | HH10: 3.2829039 | HI10: 6.3677014 | HJ10: 1.8097808 | HK10: 0.20158101 | HL10: 1.3592378 | HM10: 2.5543385 | HN10: 6.8677425 | HO10: 1.166082 | HP10: 4.072389 | HQ10: 10.094165 | HR10: 0.71821162 | HS10: 0.087933141 | HT10: 0.52040069 | HU10: 0.99590902 | HV10: 0.91318093 | HW10: 0.1147697 | HX10: 0.66214406 | HY10: 1.2745332 | HZ10: 0.12650616 | IA10: 0.18848769 | IB10: -0.33253014 | IC10: 0.66828154 | ID10: 3.184929 | IE10: 0.39586018 | IF10: 2.3273228 | IG10: 4.6425346 | IH10: 3.5411601 | II10: 0.75127649 | IJ10: 2.0222905 | IK10: 5.814304 | IL10: 3.3265824 | IM10: 0.65220709 | IN10: 1.912592 | IO10: 5.9245626 | IP10: 6.5347437 | IQ10: 1.1040989 | IR10: 3.841101 | IS10: 9.949238 | IT10: 4.9861217 | IU10: 1.243833 | IV10: 2.437836 | IW10: 8.525418 | IX10: 0.098438855 | IY10: 0.013214146 | IZ10: 0.069813846 | JA10: 0.14150595 | JB10: 4.3501743 | JC10: 0.40352079 | JD10: 3.2933591 | JE10: 5.6527996 | JF10: 1.9290727 | JG10: 1.5491058 | JH10: 0.14774686 | JI10: 9.3127222 | JJ10: 1.3895521 | JK10: 0.15995707 | JL10: 1.0481298 | JM10: 2.0704178 | JN10: 10.439336 | JO10: 1.5450564 | JP10: 5.8852499 | JQ10: 14.955701 | JR10: 103.39019 | JS10: 13.644737 | JT10: 70.668409 | JU10: 143.23806 | JV10: 2.3180807 | JW10: 0.51655136 | JX10: 1.2291148 | JY10: 4.0607024 | JZ10: 2.9265246 | KA10: 0.82631395 | KB10: 1.1942426 | KC10: 5.6347351 | KD10: 5.2446053 | KE10: 1.103752 | KF10: 2.725513 | KG10: 8.098787 | KH10: 3.8675145 | KI10: 1.2626214 | KJ10: 1.5918343 | KK10: 7.725638 | KL10: 5.2446053 | KM10: 1.103752 | KN10: 2.725513 | KO10: 8.098787 | KP10: 1.0814797 | KQ10: 0.25607959 | KR10: 0.53778723 | KS10: 1.8632643 | KT10: 1.3214205 | KU10: 0.29553237 | KV10: 0.6659106 | KW10: 2.2721475 | KX10: -0.30268177 | KY10: 0.45122843 | KZ10: -1.9443396 | LA10: 0.69007879 | LB10: 2.6080034 | LC10: 0.79095286 | LD10: 1.6330903 | LE10: 6.5880166 | LF10: 1.9926778 | LG10: 0.74276215 | LH10: 0.68862 | LI10: 4.67682 | LJ10: 0.26716732 | LK10: 0.053077624 | LL10: 0.14473869 | LM10: 0.41458512 | LN10: 19.86018 | LO10: 9.1138349 | LP10: 3.8886434 | LQ10: 55.232201 | LR10: 2.3572705 | LS10: 0.64622777 | LT10: 1.0745299 | LU10: 4.4442904 | LV10: 17.505533 | LW10: 5.8954441 | LX10: 0 | LY10: 32.302254 | LZ10: 5.6553884 | MA10: 1.9496176 | MB10: 2.138205 | MC10: 14.521797 | MD10: 2.3061113 | ME10: 0.50887196 | MF10: 1.2281933 | MG10: 4.0135533 | MH10: 2.8853846 | MI10: 0.76798647 | MJ10: 1.1940701 | MK10: 5.449355 | ML10: 5.1914959 | MM10: 1.0404144 | MN10: 2.723417 | MO10: 7.623505 | MP10: 3.8347187 | MQ10: 1.2276048 | MR10: 1.5914093 | MS10: 7.241167 | MT10: 5.1914959 | MU10: 1.0404144 | MV10: 2.723417 | MW10: 7.623505 | MX10: 1.0768475 | MY10: 0.25201603 | MZ10: 0.53765297 | NA10: 1.8057105 | NB10: 1.3135287 | NC10: 0.28733155 | ND10: 0.66564927 | NE10: 2.192723 | NF10: -0.29399433 | NG10: 0.44276 | NH10: -1.8846487 | NI10: 0.68956607 | NJ10: 2.5832233 | NK10: 0.76665469 | NL10: 1.6332121 | NM10: 6.330101 | NN10: 1.9926114 | NO10: 0.74269367 | NP10: 0.68586 | NQ10: 4.67682 | NR10: 0.26538369 | NS10: 0.051659386 | NT10: 0.14468643 | NU10: 0.40262781 | NV10: 19.999217 | NW10: 9.0835961 | NX10: 3.8886434 | NY10: 55.23272 | NZ10: 2.353407 | OA10: 0.64477366 | OB10: 1.0726444 | OC10: 4.3999821 | OD10: 17.657812 | OE10: 5.8851355 | OF10: 0 | OG10: 32.292661 | OH10: 5.6561676 | OI10: 1.9523919 | OJ10: 2.138205 | OK10: 14.580235 | OL10: 1.7244962 | OM10: -0.33725273 | ON10: 3.0508257 | OO10: 5.890399 | OP10: 7.361934 | OQ10: 13.252333 | OR10: 1.3753474 | OS10: 6.5335328e-05 | OT10: 0.0022033391 | OU10: 6.5335328e-05 | OV10: 0.0015799881 | OW10: 0.0019815029 | OX10: 0.00022183623 | OY10: 4.3769392 | OZ10: 1.2399827 | PA10: 1.9918876 | PB10: 8.3040972 | PC10: 88.163799 | PD10: 1.7106803 | PE10: -0.30870617 | PF10: 2.892081 | PG10: 5.479833 | PH10: 6.221098 | PI10: 11.700931 | PJ10: 1.3700811 | PK10: 6.3529423e-05 | PL10: 0.0021996974 | PM10: 6.3529423e-05 | PN10: 0.0015800067 | PO10: 0.0019811943 | PP10: 0.00021850302 | PQ10: 4.376076 | PR10: 1.1966225 | PS10: 1.934854 | PT10: 8.3051809 | PU10: 88.156578 | PV10: 5.058247 | PW10: 1.1829968 | PX10: 2.1654872 | PY10: 8.0832656 | PZ10: 88.578455 | QA10: 5.0584347 | QB10: 1.1385379 | QC10: 2.1005509 | QD10: 8.0731672 | QE10: 88.571942 | QF10: 6.4530319e-05 | QG10: 0.001816544 | QH10: 0.002275793 | QI10: 0.00024418473 | QJ10: 6.2736383e-05 | QK10: 0.0018165297 | QL10: 0.0022757393 | QM10: 0.00024048825 | QN10: 14.457701 | QO10: 0.042064809 | QP10: 5.4643049 | QQ10: 174.77968 | QR10: 14.417008 | QS10: 0.04196197 | QT10: 5.4643552 | QU10: 174.7794
A11: C45_5x5\C45_5x5\C45_TF\C45_5x5 --- C45_TF_x10_FV_green_5x5.mnt | B11: 8.0847146e-12 | C11: 8.2223325e-12 | D11: 0.000266616 | E11: 0.039824813 | F11: 0.38146846 | G11: 0.00081741682 | H11: 0.12209872 | I11: 1.1695425 | J11: 32.61663 | K11: 32.616897 | L11: 32.616897 | M11: 32.616897 | N11: 32.577072 | O11: 32.616897 | P11: 32.235428 | Q11: 32.616897 | R11: 3.6561587 | S11: 0.55511708 | T11: 2.4078858 | U11: 5.6524988 | V11: 4.7920654 | W11: 1.0063837 | X11: 2.3839072 | Y11: 7.1505035 | Z11: 8.448224 | AA11: 1.2377445 | AB11: 5.308061 | AC11: 10.98281 | AD11: 2.8139282 | AE11: 0.71083228 | AF11: 1.6479663 | AG11: 5.7724955 | AH11: 8.448224 | AI11: 1.2377445 | AJ11: 5.308061 | AK11: 10.98281 | AL11: 1.4427508 | AM11: 0.26251113 | AN11: 0.84508289 | AO11: 2.219301 | AP11: 1.7678597 | AQ11: 0.30035094 | AR11: 1.0544339 | AS11: 2.6369121 | AT11: -0.31721197 | AU11: 0.39574041 | AV11: -2.0660152 | AW11: 0.51507343 | AX11: 2.7160188 | AY11: 0.82682433 | AZ11: 1.8076173 | BA11: 8.198994 | BB11: 0.32592695 | BC11: 0.1292106 | BD11: 0.13157122 | BE11: 0.89401 | BF11: 3.7054286 | BG11: 0.34370878 | BH11: 3.0360764 | BI11: 4.9088882 | BJ11: 6.0489604 | BK11: 3.5759369 | BL11: 0.46398586 | BM11: 19.233373 | BN11: 3.1541835 | BO11: 0.66451484 | BP11: 1.4781464 | BQ11: 5.1961084 | BR11: 34.671805 | BS11: 11.32799 | BT11: 11.185557 | BU11: 76.004464 | BV11: 3.4048183 | BW11: 0.52248208 | BX11: 2.375751 | BY11: 5.0699341 | BZ11: 4.5494645 | CA11: 0.74837683 | CB11: 2.3839072 | CC11: 6.124214 | CD11: 7.9542828 | CE11: 0.88749226 | CF11: 5.308061 | CG11: 8.955581 | CH11: 2.7333193 | CI11: 0.6553441 | CJ11: 1.6224501 | CK11: 5.6014565 | CL11: 7.9542828 | CM11: 0.88749226 | CN11: 5.308061 | CO11: 8.955581 | CP11: 1.4371193 | CQ11: 0.25807008 | CR11: 0.84450839 | CS11: 2.1695135 | CT11: 1.7553412 | CU11: 0.28822971 | CV11: 1.0528216 | CW11: 2.5548744 | CX11: -0.30306096 | CY11: 0.37466226 | CZ11: -1.9289976 | DA11: 0.51287881 | DB11: 2.6393273 | DC11: 0.7189225 | DD11: 1.8041345 | DE11: 7.3034735 | DF11: 0.31852507 | DG11: 0.12373737 | DH11: 0.13157122 | DI11: 0.89401 | DJ11: 3.6882397 | DK11: 0.32754687 | DL11: 3.0360764 | DM11: 4.8855748 | DN11: 8.9851913 | DO11: 4.2118981 | DP11: 1.3919576 | DQ11: 21.166593 | DR11: 3.1541532 | DS11: 0.66449184 | DT11: 1.4781993 | DU11: 5.1965329 | DV11: 35.386446 | DW11: 11.50015 | DX11: 11.185557 | DY11: 76.004464 | DZ11: 2.138007 | EA11: 0.33566679 | EB11: 1.2861562 | EC11: 3.4552793 | ED11: 1.9232653 | EE11: 0.25394415 | EF11: 1.2878084 | EG11: 2.6530567 | EH11: 4.0612723 | EI11: 0.53039378 | EJ11: 2.7885797 | EK11: 5.7003677 | EL11: 1.7362578 | EM11: 0.25489315 | EN11: 1.2760842 | EO11: 2.7163642 | EP11: 6.5080956 | EQ11: 1.2957483 | ER11: 3.426933 | ES11: 10.926584 | ET11: 0.67660209 | EU11: 0.090067704 | EV11: 0.48321602 | EW11: 0.93865431 | EX11: 0.85822315 | EY11: 0.11722699 | EZ11: 0.6110512 | FA11: 1.2357611 | FB11: 0.14633426 | FC11: 0.20045827 | FD11: -0.30543372 | FE11: 0.9293791 | FF11: 3.1458896 | FG11: 0.44063987 | FH11: 2.3700076 | FI11: 4.8764963 | FJ11: 3.3818735 | FK11: 0.82102403 | FL11: 1.8048338 | FM11: 6.5102798 | FN11: 3.126222 | FO11: 0.72063904 | FP11: 1.6220992 | FQ11: 6.4628717 | FR11: 6.18501 | FS11: 1.2350131 | FT11: 3.260828 | FU11: 10.286061 | FV11: 4.8057267 | FW11: 1.3031691 | FX11: 2.431084 | FY11: 8.852182 | FZ11: 0.12269041 | GA11: 0.021114542 | GB11: 0.082931428 | GC11: 0.22034 | GD11: 3.6082463 | GE11: 0.31939843 | GF11: 3.0131944 | GG11: 4.9060543 | GH11: 2.1318237 | GI11: 1.7688411 | GJ11: 0.14774686 | GK11: 11.228761 | GL11: 1.294506 | GM11: 0.16120643 | GN11: 0.93381848 | GO11: 1.9243284 | GP11: 10.96031 | GQ11: 1.6961381 | GR11: 5.8852499 | GS11: 15.089959 | GT11: 83.74702 | GU11: 13.420328 | GV11: 45.384406 | GW11: 120.58155 | GX11: 2.1037594 | GY11: 0.32420034 | GZ11: 1.280711 | HA11: 3.3915247 | HB11: 1.9062397 | HC11: 0.24569558 | HD11: 1.2878084 | HE11: 2.6530354 | HF11: 4.0099991 | HG11: 0.50894949 | HH11: 2.7885797 | HI11: 5.6068151 | HJ11: 1.7173043 | HK11: 0.2483696 | HL11: 1.2673637 | HM11: 2.748315 | HN11: 6.3498092 | HO11: 1.1885429 | HP11: 3.426933 | HQ11: 9.738439 | HR11: 0.67308283 | HS11: 0.088153333 | HT11: 0.48321602 | HU11: 0.92174195 | HV11: 0.85208606 | HW11: 0.11398619 | HX11: 0.60538189 | HY11: 1.2055296 | HZ11: 0.14216046 | IA11: 0.20026031 | IB11: -0.31493828 | IC11: 0.94661288 | ID11: 3.1215031 | IE11: 0.43868707 | IF11: 2.3706977 | IG11: 5.0481556 | IH11: 3.2869701 | II11: 0.77860245 | IJ11: 1.8048338 | IK11: 6.3362418 | IL11: 3.0628391 | IM11: 0.65157321 | IN11: 1.6220992 | IO11: 5.3679089 | IP11: 6.0198026 | IQ11: 1.0930191 | IR11: 3.260828 | IS11: 9.321761 | IT11: 4.70337 | IU11: 1.2234284 | IV11: 2.431084 | IW11: 8.519866 | IX11: 0.12177675 | IY11: 0.020827394 | IZ11: 0.082931428 | JA11: 0.22034 | JB11: 3.5940323 | JC11: 0.31037222 | JD11: 3.0013754 | JE11: 4.8855949 | JF11: 2.3263011 | JG11: 1.8477673 | JH11: 0.14774686 | JI11: 11.228761 | JJ11: 1.2940501 | JK11: 0.16088431 | JL11: 0.9340844 | JM11: 1.926302 | JN11: 11.12464 | JO11: 1.6988064 | JP11: 6.0478134 | JQ11: 15.094804 | JR11: 84.324789 | JS11: 13.315325 | JT11: 45.384406 | JU11: 120.58155 | JV11: 2.1790976 | JW11: 0.49630029 | JX11: 1.0280466 | JY11: 4.3472736 | JZ11: 2.8541769 | KA11: 0.81450088 | KB11: 1.1826051 | KC11: 5.2692425 | KD11: 5.0332746 | KE11: 1.0837511 | KF11: 2.3346 | KG11: 8.496761 | KH11: 3.777235 | KI11: 1.3266546 | KJ11: 1.2756564 | KK11: 8.496761 | KL11: 5.0332746 | KM11: 1.0837511 | KN11: 2.3346 | KO11: 8.496761 | KP11: 1.0481871 | KQ11: 0.25497601 | KR11: 0.48717388 | KS11: 1.8772747 | KT11: 1.27796 | KU11: 0.29343272 | KV11: 0.63066046 | KW11: 2.287879 | KX11: -0.3414862 | KY11: 0.45290562 | KZ11: -1.8730062 | LA11: 0.78852606 | LB11: 2.6093939 | LC11: 0.79968433 | LD11: 1.6005674 | LE11: 6.3338385 | LF11: 1.9640243 | LG11: 0.71868163 | LH11: 0.68586 | LI11: 4.6161 | LJ11: 0.25870438 | LK11: 0.05228817 | LL11: 0.13213239 | LM11: 0.41336676 | LN11: 22.233522 | LO11: 9.9166143 | LP11: 3.756076 | LQ11: 56.447952 | LR11: 2.2882076 | LS11: 0.65560081 | LT11: 0.87030507 | LU11: 4.4261327 | LV11: 17.566333 | LW11: 6.1485115 | LX11: 0 | LY11: 32.695277 | LZ11: 5.6858707 | MA11: 1.8494253 | MB11: 2.1663309 | MC11: 14.580235 | MD11: 2.1688872 | ME11: 0.49172552 | MF11: 1.0280699 | MG11: 4.2378819 | MH11: 2.8123437 | MI11: 0.75703612 | MJ11: 1.1820184 | MK11: 5.190045 | ML11: 4.9812308 | MM11: 1.0180456 | MN11: 2.3346 | MO11: 7.843381 | MP11: 3.7443873 | MQ11: 1.278887 | MR11: 1.2756564 | MS11: 7.843381 | MT11: 4.9812308 | MU11: 1.0180456 | MV11: 2.3346 | MW11: 7.843381 | MX11: 1.0436331 | MY11: 0.25056467 | MZ11: 0.48717388 | NA11: 1.8183296 | NB11: 1.2703982 | NC11: 0.28504639 | ND11: 0.62946011 | NE11: 2.207217 | NF11: -0.33255267 | NG11: 0.44604256 | NH11: -1.8209329 | NI11: 0.78852606 | NJ11: 2.58547 | NK11: 0.78050668 | NL11: 1.5998623 | NM11: 6.3337873 | NN11: 1.9640908 | NO11: 0.71851413 | NP11: 0.68724 | NQ11: 4.61472 | NR11: 0.25693343 | NS11: 0.050576834 | NT11: 0.13213239 | NU11: 0.39314655 | NV11: 22.383758 | NW11: 9.9707992 | NX11: 3.756076 | NY11: 59.201921 | NZ11: 2.2840046 | OA11: 0.65351979 | OB11: 0.87030797 | OC11: 4.4167647 | OD11: 17.726885 | OE11: 6.0773915 | OF11: 0 | OG11: 33.160783 | OH11: 5.6853753 | OI11: 1.8485318 | OJ11: 2.1669787 | OK11: 14.550958 | OL11: 1.6698718 | OM11: -0.46416216 | ON11: 3.0688158 | OO11: 5.491114 | OP11: 7.167125 | OQ11: 12.658239 | OR11: 1.3382542 | OS11: 5.3107477e-05 | OT11: 0.0020942758 | OU11: 5.3107477e-05 | OV11: 0.0015503641 | OW11: 0.0018710579 | OX11: 0.00022321793 | OY11: 4.3039613 | OZ11: 0.95286886 | PA11: 2.0000113 | PB11: 6.8042675 | PC11: 87.757436 | PD11: 1.6558634 | PE11: -0.42798271 | PF11: 2.8901596 | PG11: 5.157655 | PH11: 5.940462 | PI11: 11.098117 | PJ11: 1.3328875 | PK11: 5.161023e-05 | PL11: 0.0020896305 | PM11: 5.161023e-05 | PN11: 0.0015503797 | PO11: 0.0018700173 | PP11: 0.00021961324 | PQ11: 4.3043409 | PR11: 0.9118583 | PS11: 1.9408444 | PT11: 6.7585159 | PU11: 87.754841 | PV11: 4.9767354 | PW11: 0.7525139 | PX11: 2.1555323 | PY11: 6.1957676 | PZ11: 88.342001 | QA11: 4.9772801 | QB11: 0.70237084 | QC11: 2.0876198 | QD11: 6.1919999 | QE11: 88.342588 | QF11: 4.6651832e-05 | QG11: 0.0017870829 | QH11: 0.0021516191 | QI11: 0.0002423834 | QJ11: 4.5141273e-05 | QK11: 0.0017870551 | QL11: 0.0021515029 | QM11: 0.00023839189 | QN11: 13.861838 | QO11: 0.035942458 | QP11: 5.4592415 | QQ11: 174.78613 | QR11: 13.817722 | QS11: 0.035424333 | QT11: 5.4588061 | QU11: 174.78587
A12: C45_5x5\C45_5x5\C45_TF\C45_5x5 --- C45_TF_x10_FV_red_5x5.mnt | B12: 6.68698e-12 | C12: 2.6737952e-12 | D12: 0.0004342032 | E12: 0.041715882 | F12: 0.39448694 | G12: 0.0013312217 | H12: 0.12789654 | I12: 1.2094558 | J12: 32.616462 | K12: 32.616897 | L12: 32.616897 | M12: 32.616897 | N12: 32.575181 | O12: 32.616897 | P12: 32.22241 | Q12: 32.616897 | R12: 3.8574188 | S12: 0.57514273 | T12: 2.3671174 | U12: 5.9364865 | V12: 5.0027772 | W12: 1.0072229 | X12: 2.744114 | Y12: 7.2616631 | Z12: 8.860196 | AA12: 1.226864 | AB12: 5.665169 | AC12: 11.297748 | AD12: 2.8552111 | AE12: 0.57990109 | AF12: 1.6267262 | AG12: 5.5125369 | AH12: 8.860196 | AI12: 1.226864 | AJ12: 5.665169 | AK12: 11.297748 | AL12: 1.4522185 | AM12: 0.25340315 | AN12: 0.84602904 | AO12: 2.2257665 | AP12: 1.7790401 | AQ12: 0.2911759 | AR12: 1.0717337 | AS12: 2.6293531 | AT12: -0.3825581 | AU12: 0.38130194 | AV12: -1.9883729 | AW12: 0.42306035 | AX12: 2.7595101 | AY12: 0.80854956 | AZ12: 1.8154668 | BA12: 7.9571704 | BB12: 0.26781978 | BC12: 0.096262751 | BD12: 0.1122975 | BE12: 0.6746475 | BF12: 4.3269895 | BG12: 0.48297229 | BH12: 3.4722048 | BI12: 6.6089283 | BJ12: 3.4982344 | BK12: 2.6863545 | BL12: 0.13256739 | BM12: 14.626602 | BN12: 3.1811998 | BO12: 0.63820864 | BP12: 1.6773417 | BQ12: 5.1310982 | BR12: 41.466074 | BS12: 12.742816 | BT12: 14.822556 | BU12: 89.049178 | BV12: 3.4165649 | BW12: 0.51742838 | BX12: 2.3671174 | BY12: 5.0303755 | BZ12: 4.7270931 | CA12: 0.73411814 | CB12: 2.7431919 | CC12: 6.3120889 | CD12: 8.143658 | CE12: 0.85380336 | CF12: 5.558964 | CG12: 9.057706 | CH12: 2.753306 | CI12: 0.51941651 | CJ12: 1.5881862 | CK12: 4.8710371 | CL12: 8.143658 | CM12: 0.85380336 | CN12: 5.558964 | CO12: 9.057706 | CP12: 1.4456263 | CQ12: 0.24884699 | CR12: 0.84479394 | CS12: 2.1740856 | CT12: 1.7643693 | CU12: 0.27887987 | CV12: 1.0684516 | CW12: 2.542471 | CX12: -0.37141854 | CY12: 0.36133957 | CZ12: -1.8949678 | DA12: 0.42306035 | DB12: 2.6686125 | DC12: 0.71427839 | DD12: 1.7974422 | DE12: 7.3325778 | DF12: 0.25914571 | DG12: 0.090288876 | DH12: 0.1185696 | DI12: 0.65136 | DJ12: 4.2948325 | DK12: 0.46452036 | DL12: 3.4722048 | DM12: 6.5213854 | DN12: 8.173716 | DO12: 4.1857841 | DP12: 1.3256739 | DQ12: 20.104529 | DR12: 3.1811286 | DS12: 0.63828976 | DT12: 1.6770814 | DU12: 5.1312058 | DV12: 42.642092 | DW12: 12.808667 | DX12: 15.352493 | DY12: 84.33865 | DZ12: 2.3345483 | EA12: 0.35102047 | EB12: 1.4058334 | EC12: 3.3781924 | ED12: 2.1007509 | EE12: 0.27310256 | EF12: 1.5415039 | EG12: 3.1025878 | EH12: 4.4352991 | EI12: 0.5537224 | EJ12: 2.9531126 | EK12: 6.0198427 | EL12: 1.9373316 | EM12: 0.24548905 | EN12: 1.3880529 | EO12: 2.6344918 | EP12: 6.872057 | EQ12: 1.3184787 | ER12: 4.01566 | ES12: 11.143483 | ET12: 0.73129218 | EU12: 0.092113174 | EV12: 0.52030705 | EW12: 0.99663115 | EX12: 0.92191306 | EY12: 0.11730541 | EZ12: 0.6506708 | FA12: 1.2794152 | FB12: 0.11094412 | FC12: 0.19868847 | FD12: -0.38458596 | FE12: 0.8402562 | FF12: 3.0877811 | FG12: 0.39686943 | FH12: 2.368809 | FI12: 4.7726951 | FJ12: 3.5911102 | FK12: 0.84524952 | FL12: 2.1677519 | FM12: 7.1145835 | FN12: 3.2809469 | FO12: 0.76468615 | FP12: 1.7653783 | FQ12: 6.4979194 | FR12: 6.5184321 | FS12: 1.2565649 | FT12: 3.893518 | FU12: 10.21921 | FV12: 5.4948105 | FW12: 1.4567063 | FX12: 2.450948 | FY12: 9.904881 | FZ12: 0.11163611 | GA12: 0.016400939 | GB12: 0.075286666 | GC12: 0.20291308 | GD12: 4.2470332 | GE12: 0.47228693 | GF12: 3.3460961 | GG12: 6.6637255 | GH12: 1.6752059 | GI12: 1.5092435 | GJ12: 0.024624477 | GK12: 9.3080522 | GL12: 1.4365066 | GM12: 0.17925315 | GN12: 0.99138166 | GO12: 2.0789777 | GP12: 10.872482 | GQ12: 1.7524328 | GR12: 5.6636296 | GS12: 15.564958 | GT12: 91.396309 | GU12: 12.757095 | GV12: 49.282186 | GW12: 132.82564 | GX12: 2.2698241 | GY12: 0.33298353 | GZ12: 1.4058334 | HA12: 3.2895498 | HB12: 2.0796202 | HC12: 0.26388508 | HD12: 1.5415039 | HE12: 3.083084 | HF12: 4.3494443 | HG12: 0.52728668 | HH12: 2.9531126 | HI12: 5.7297013 | HJ12: 1.9058232 | HK12: 0.2339762 | HL12: 1.3880529 | HM12: 2.5533825 | HN12: 6.621066 | HO12: 1.1598057 | HP12: 4.01566 | HQ12: 10.097414 | HR12: 0.72684953 | HS12: 0.090201688 | HT12: 0.51937202 | HU12: 0.97872954 | HV12: 0.91384816 | HW12: 0.11388871 | HX12: 0.6506708 | HY12: 1.2438327 | HZ12: 0.097652802 | IA12: 0.19822693 | IB12: -0.38458596 | IC12: 0.86669758 | ID12: 3.0393523 | IE12: 0.3817394 | IF12: 2.3633745 | IG12: 4.6022421 | IH12: 3.4205554 | II12: 0.74895513 | IJ12: 2.1677519 | IK12: 6.0127285 | IL12: 3.2005106 | IM12: 0.68684602 | IN12: 1.7653783 | IO12: 5.8493454 | IP12: 6.2908698 | IQ12: 1.0781785 | IR12: 3.893518 | IS12: 9.286038 | IT12: 5.2518735 | IU12: 1.3368239 | IV12: 2.450948 | IW12: 8.853612 | IX12: 0.11056543 | IY12: 0.016328826 | IZ12: 0.074255342 | JA12: 0.2110296 | JB12: 4.2185851 | JC12: 0.46110103 | JD12: 3.3460961 | JE12: 6.5844664 | JF12: 1.9550005 | JG12: 1.6142181 | JH12: 0.024624477 | JI12: 9.3080522 | JJ12: 1.4354543 | JK12: 0.17799039 | JL12: 0.99239764 | JM12: 2.0768076 | JN12: 11.167377 | JO12: 1.7844031 | JP12: 5.9242512 | JQ12: 15.833539 | JR12: 92.26109 | JS12: 12.752922 | JT12: 47.386717 | JU12: 134.67045 | JV12: 2.1107461 | JW12: 0.48536176 | JX12: 1.0914017 | JY12: 4.3171985 | JZ12: 2.8522646 | KA12: 0.81309775 | KB12: 1.1799896 | KC12: 5.2392085 | KD12: 4.9630107 | KE12: 1.064545 | KF12: 2.327646 | KG12: 8.542324 | KH12: 3.6934895 | KI12: 1.2772149 | KJ12: 1.2277647 | KK12: 8.542324 | KL12: 4.9630107 | KM12: 1.064545 | KN12: 2.327646 | KO12: 8.542324 | KP12: 1.0311149 | KQ12: 0.25018961 | KR12: 0.48968501 | KS12: 1.8858593 | KT12: 1.2581325 | KU12: 0.28764288 | KV12: 0.6339042 | KW12: 2.2776814 | KX12: -0.37691812 | KY12: 0.45814323 | KZ12: -1.9178104 | LA12: 0.74491512 | LB12: 2.6379308 | LC12: 0.83514897 | LD12: 1.5972982 | LE12: 6.7850837 | LF12: 1.9461096 | LG12: 0.7116858 | LH12: 0.68586 | LI12: 4.62714 | LJ12: 0.25653472 | LK12: 0.051541163 | LL12: 0.13035755 | LM12: 0.40742474 | LN12: 23.38919 | LO12: 10.289546 | LP12: 6.296951 | LQ12: 61.692378 | LR12: 2.253601 | LS12: 0.63274871 | LT12: 0.82952019 | LU12: 4.3593957 | LV12: 17.503754 | LW12: 6.2492913 | LX12: 0 | LY12: 32.827747 | LZ12: 5.7108647 | MA12: 1.7812845 | MB12: 2.1611622 | MC12: 14.580235 | MD12: 2.0953418 | ME12: 0.47834841 | MF12: 1.0914017 | MG12: 4.1806355 | MH12: 2.8082911 | MI12: 0.75715816 | MJ12: 1.1790684 | MK12: 5.1052154 | ML12: 4.9036328 | MM12: 0.9968152 | MN12: 2.313716 | MO12: 7.838324 | MP12: 3.6223927 | MQ12: 1.197826 | MR12: 1.2277647 | MS12: 7.838324 | MT12: 4.9036328 | MU12: 0.9968152 | MV12: 2.313716 | MW12: 7.838324 | MX12: 1.0256644 | MY12: 0.24560056 | MZ12: 0.48837791 | NA12: 1.825164 | NB12: 1.2493511 | NC12: 0.27904938 | ND12: 0.63147255 | NE12: 2.1931813 | NF12: -0.36958719 | NG12: 0.45219383 | NH12: -1.8803071 | NI12: 0.74873167 | NJ12: 2.6133935 | NK12: 0.82166264 | NL12: 1.5929419 | NM12: 6.7850837 | NN12: 1.9359917 | NO12: 0.71244067 | NP12: 0.68724 | NQ12: 4.62576 | NR12: 0.25453559 | NS12: 0.049841691 | NT12: 0.13004303 | NU12: 0.39025907 | NV12: 23.708913 | NW12: 10.203716 | NX12: 6.3411401 | NY12: 61.702323 | NZ12: 2.2476619 | OA12: 0.63058523 | OB12: 0.82952281 | OC12: 4.3469224 | OD12: 17.69693 | OE12: 6.22329 | OF12: 0 | OG12: 32.849917 | OH12: 5.751049 | OI12: 1.8148419 | OJ12: 2.1618069 | OK12: 14.550958 | OL12: 1.6823465 | OM12: -0.51640001 | ON12: 3.114766 | OO12: 6.221867 | OP12: 7.225638 | OQ12: 13.447505 | OR12: 1.3499011 | OS12: 5.0872109e-05 | OT12: 0.002082031 | OU12: 5.0872109e-05 | OV12: 0.0015712799 | OW12: 0.0018544881 | OX12: 0.00022754287 | OY12: 4.3566161 | OZ12: 0.89088097 | PA12: 2.0521104 | PB12: 6.0027604 | PC12: 87.571811 | PD12: 1.6666061 | PE12: -0.48152537 | PF12: 2.9199731 | PG12: 5.226543 | PH12: 6.040561 | PI12: 11.267104 | PJ12: 1.3438245 | PK12: 4.8849135e-05 | PL12: 0.0020765261 | PM12: 4.8849135e-05 | PN12: 0.0015713656 | PO12: 0.0018528114 | PP12: 0.00022371468 | PQ12: 4.3580003 | PR12: 0.82990826 | PS12: 1.9890296 | PT12: 5.9237665 | PU12: 87.564577 | PV12: 5.0575695 | PW12: 0.69732375 | PX12: 2.2123151 | PY12: 4.5575761 | PZ12: 88.201261 | QA12: 5.0560562 | QB12: 0.60871749 | QC12: 2.1411016 | QD12: 4.5506865 | QE12: 88.194273 | QF12: 4.4986204e-05 | QG12: 0.0018001208 | QH12: 0.0020984502 | QI12: 0.00024813409 | QJ12: 4.2910663e-05 | QK12: 0.0018000595 | QL12: 0.0020982335 | QM12: 0.00024391903 | QN12: 13.868335 | QO12: 0.029109039 | QP12: 5.4588414 | QQ12: 174.79187 | QR12: 13.831257 | QS12: 0.029318532 | QT12: 5.4587139 | QU12: 174.79124
A13: C45_5x5\C45_5x5\C45_TF\C45_5x5 --- C45_TF_x10_int_blue_5x5.mnt | B13: 1.3579583e-11 | C13: 1.8848703e-11 | D13: 0.056488312 | E13: 0.10071038 | F13: 0.4607372 | G13: 0.17318727 | H13: 0.30876753 | I13: 1.4125722 | J13: 32.560408 | K13: 32.616897 | L13: 32.616897 | M13: 32.616897 | N13: 32.516186 | O13: 32.616897 | P13: 32.156159 | Q13: 32.616897 | R13: 4.0494064 | S13: 0.55622931 | T13: 2.8989444 | U13: 5.9303174 | V13: 5.1105728 | W13: 1.028334 | X13: 3.0547873 | Y13: 7.4711689 | Z13: 9.1599792 | AA13: 1.2322458 | AB13: 6.568896 | AC13: 11.543065 | AD13: 2.9937222 | AE13: 0.5324775 | AF13: 1.7593424 | AG13: 4.7804546 | AH13: 9.1599792 | AI13: 1.2322458 | AJ13: 6.568896 | AK13: 11.543065 | AL13: 1.5384178 | AM13: 0.27803077 | AN13: 0.9357349 | AO13: 2.2910151 | AP13: 1.887862 | AQ13: 0.31499671 | AR13: 1.1864714 | AS13: 2.7457682 | AT13: -0.19649495 | AU13: 0.37806614 | AV13: -1.7017402 | AW13: 0.58554226 | AX13: 2.6605687 | AY13: 0.66365582 | AZ13: 1.714056 | BA13: 6.8801963 | BB13: 0.20535393 | BC13: 0.064423839 | BD13: 0.093489152 | BE13: 0.46208769 | BF13: 11.00481 | BG13: 1.2616236 | BH13: 7.9963503 | BI13: 14.890064 | BJ13: 4.9687647 | BK13: 2.4929558 | BL13: 0.68493151 | BM13: 13.448492 | BN13: 3.3494944 | BO13: 0.71162789 | BP13: 1.8581267 | BQ13: 5.5777811 | BR13: 53.045535 | BS13: 14.984033 | BT13: 21.640914 | BU13: 106.96428 | BV13: 3.7624491 | BW13: 0.52631958 | BX13: 2.6432672 | BY13: 5.3023365 | BZ13: 4.7780862 | CA13: 0.70592921 | CB13: 3.0547873 | CC13: 6.2942066 | CD13: 8.5405352 | CE13: 0.80560701 | CF13: 6.461667 | CG13: 9.42007 | CH13: 2.9085473 | CI13: 0.49923027 | CJ13: 1.7593424 | CK13: 4.6738819 | CL13: 8.5405352 | CM13: 0.80560701 | CN13: 6.461667 | CO13: 9.42007 | CP13: 1.5249372 | CQ13: 0.269832 | CR13: 0.9357349 | CS13: 2.2525436 | CT13: 1.8628751 | CU13: 0.29499989 | CV13: 1.1864714 | CW13: 2.5988878 | CX13: -0.17767661 | CY13: 0.35458337 | CZ13: -1.4067432 | DA13: 0.57636455 | DB13: 2.5747238 | DC13: 0.56897354 | DD13: 1.714056 | DE13: 5.6234738 | DF13: 0.20010327 | DG13: 0.06264585 | DH13: 0.093489152 | DI13: 0.46208769 | DJ13: 10.697635 | DK13: 1.1887264 | DL13: 7.9963503 | DM13: 14.613532 | DN13: 8.1510488 | DO13: 3.5213165 | DP13: 2.0547945 | DQ13: 19.509501 | DR13: 3.3403144 | DS13: 0.70671072 | DT13: 1.8587418 | DU13: 5.4870143 | DV13: 54.306712 | DW13: 15.012893 | DX13: 21.640914 | DY13: 106.96428 | DZ13: 2.6212654 | EA13: 0.38685169 | EB13: 1.7612057 | EC13: 4.2014394 | ED13: 2.368871 | EE13: 0.29892577 | EF13: 1.539241 | EG13: 3.6205616 | EH13: 4.9901365 | EI13: 0.59634205 | EJ13: 3.3004467 | EK13: 7.212294 | EL13: 2.1065467 | EM13: 0.28064008 | EN13: 1.343056 | EO13: 3.0103766 | EP13: 7.7883871 | EQ13: 1.3248387 | ER13: 4.180534 | ES13: 12.30306 | ET13: 0.77608378 | EU13: 0.11064777 | EV13: 0.49470882 | EW13: 1.090889 | EX13: 0.99273255 | EY13: 0.13869583 | EZ13: 0.65819045 | FA13: 1.4561829 | FB13: 0.21265633 | FC13: 0.24121452 | FD13: -0.46917193 | FE13: 0.90770519 | FF13: 3.4657092 | FG13: 0.57218438 | FH13: 2.4381743 | FI13: 6.2435336 | FJ13: 4.0470559 | FK13: 0.82462475 | FL13: 2.2388315 | FM13: 6.5309097 | FN13: 3.7413312 | FO13: 0.82700181 | FP13: 1.9417025 | FQ13: 7.0028073 | FR13: 7.3972517 | FS13: 1.2592505 | FT13: 4.180534 | FU13: 11.207341 | FV13: 5.4798961 | FW13: 1.5768644 | FX13: 2.392505 | FY13: 11.001366 | FZ13: 0.088752561 | GA13: 0.012897522 | GB13: 0.061030112 | GC13: 0.13352341 | GD13: 10.576388 | GE13: 1.219652 | GF13: 7.8178299 | GG13: 14.711967 | GH13: 1.3297671 | GI13: 1.0536902 | GJ13: 0.07387343 | GK13: 6.7555279 | GL13: 1.4688377 | GM13: 0.22089928 | GN13: 0.88960567 | GO13: 2.1164923 | GP13: 10.150128 | GQ13: 1.940556 | GR13: 5.2942625 | GS13: 15.316425 | GT13: 114.99703 | GU13: 16.306473 | GV13: 74.893232 | GW13: 163.85354 | GX13: 2.5604177 | GY13: 0.3697603 | GZ13: 1.7612057 | HA13: 3.9911928 | HB13: 2.3326543 | HC13: 0.27892912 | HD13: 1.539241 | HE13: 3.4919571 | HF13: 4.893072 | HG13: 0.55444423 | HH13: 3.3004467 | HI13: 6.9591334 | HJ13: 2.0679044 | HK13: 0.2600401 | HL13: 1.343056 | HM13: 2.9620516 | HN13: 7.4994654 | HO13: 1.1431534 | HP13: 4.180534 | HQ13: 11.899304 | HR13: 0.76795934 | HS13: 0.10726739 | HT13: 0.49470882 | HU13: 1.0740482 | HV13: 0.98002595 | HW13: 0.13314593 | HX13: 0.65819045 | HY13: 1.4261019 | HZ13: 0.20156029 | IA13: 0.24105837 | IB13: -0.48378739 | IC13: 0.94450836 | ID13: 3.4253101 | IE13: 0.5702299 | IF13: 2.4377945 | IG13: 6.2435336 | IH13: 3.8827017 | II13: 0.76816071 | IJ13: 2.2388315 | IK13: 6.4426337 | IL13: 3.6167638 | IM13: 0.70105548 | IN13: 1.9417025 | IO13: 5.9425298 | IP13: 7.1056446 | IQ13: 1.0312189 | IR13: 4.180534 | IS13: 9.774921 | IT13: 5.3175057 | IU13: 1.3906894 | IV13: 2.392505 | IW13: 9.085337 | IX13: 0.087527556 | IY13: 0.01188754 | IZ13: 0.061030112 | JA13: 0.12734512 | JB13: 10.306138 | JC13: 1.1609443 | JD13: 7.4698893 | JE13: 14.173603 | JF13: 1.5150356 | JG13: 1.2029613 | JH13: 0.07387343 | JI13: 7.8798673 | JJ13: 1.4628597 | JK13: 0.21675374 | JL13: 0.88960567 | JM13: 2.0368805 | JN13: 10.32443 | JO13: 1.9648032 | JP13: 5.7935183 | JQ13: 15.316425 | JR13: 116.35026 | JS13: 15.708168 | JT13: 78.526765 | JU13: 163.85354 | JV13: 2.3479451 | JW13: 0.54245646 | JX13: 1.0629585 | JY13: 4.6854746 | JZ13: 2.8664721 | KA13: 0.85606052 | KB13: 1.2583965 | KC13: 5.3527237 | KD13: 5.2144172 | KE13: 1.1594052 | KF13: 2.321355 | KG13: 8.985758 | KH13: 3.940997 | KI13: 1.3299989 | KJ13: 1.4295405 | KK13: 8.985758 | KL13: 5.2144172 | KM13: 1.1594052 | KN13: 2.321355 | KO13: 8.985758 | KP13: 1.0799913 | KQ13: 0.26169219 | KR13: 0.47884295 | KS13: 1.8927027 | KT13: 1.3177478 | KU13: 0.30509039 | KV13: 0.57954844 | KW13: 2.3416306 | KX13: -0.26543258 | KY13: 0.45035842 | KZ13: -1.6485065 | LA13: 0.78528186 | LB13: 2.5740463 | LC13: 0.72294784 | LD13: 1.4949233 | LE13: 5.6542267 | LF13: 2.0244686 | LG13: 0.76156935 | LH13: 0.943 | LI13: 4.76376 | LJ13: 0.269132 | LK13: 0.05501791 | LL13: 0.15354952 | LM13: 0.42268742 | LN13: 19.314973 | LO13: 9.1017042 | LP13: 3.3362793 | LQ13: 50.223418 | LR13: 2.3743033 | LS13: 0.67074765 | LT13: 0.97390179 | LU13: 4.5550604 | LV13: 17.701314 | LW13: 6.0033561 | LX13: 3.8886434 | LY13: 32.67989 | LZ13: 5.529638 | MA13: 1.7322575 | MB13: 2.0991822 | MC13: 10.604454 | MD13: 2.3270603 | ME13: 0.52742915 | MF13: 1.0629585 | MG13: 4.4231516 | MH13: 2.7917801 | MI13: 0.76419614 | MJ13: 1.2583965 | MK13: 5.1844863 | ML13: 5.1188403 | MM13: 1.0483258 | MN13: 2.321355 | MO13: 7.937243 | MP13: 3.8575053 | MQ13: 1.2378092 | MR13: 1.4295405 | MS13: 7.937243 | MT13: 5.1188403 | MU13: 1.0483258 | MV13: 2.321355 | MW13: 7.937243 | MX13: 1.0707989 | MY13: 0.25304194 | MZ13: 0.47884295 | NA13: 1.7873189 | NB13: 1.3027228 | NC13: 0.289234 | ND13: 0.57954844 | NE13: 2.2029922 | NF13: -0.2486493 | NG13: 0.44070814 | NH13: -1.4368495 | NI13: 0.78283722 | NJ13: 2.5388336 | NK13: 0.69523871 | NL13: 1.4949233 | NM13: 5.0086199 | NN13: 2.001545 | NO13: 0.72747693 | NP13: 0.9568 | NQ13: 4.79136 | NR13: 0.26577691 | NS13: 0.052035969 | NT13: 0.15324068 | NU13: 0.40515424 | NV13: 19.547192 | NW13: 9.103109 | NX13: 3.3362793 | NY13: 50.281225 | NZ13: 2.3641017 | OA13: 0.66162407 | OB13: 0.97257913 | OC13: 4.4723189 | OD13: 17.973406 | OE13: 6.0011321 | OF13: 4.772426 | OG13: 32.734297 | OH13: 5.5576755 | OI13: 1.7038486 | OJ13: 2.0870901 | OK13: 10.451505 | OL13: 1.7826245 | OM13: -0.34348736 | ON13: 2.9550403 | OO13: 5.782416 | OP13: 7.375649 | OQ13: 13.158065 | OR13: 1.4269931 | OS13: 6.0963272e-05 | OT13: 0.0023098552 | OU13: 6.0963272e-05 | OV13: 0.001645246 | OW13: 0.002080689 | OX13: 0.00022916616 | OY13: 4.5739806 | OZ13: 1.1420363 | PA13: 2.0355475 | PB13: 8.4473087 | PC13: 88.341122 | PD13: 1.7563965 | PE13: -0.30093274 | PF13: 2.7798942 | PG13: 5.586031 | PH13: 6.301992 | PI13: 11.888023 | PJ13: 1.4140952 | PK13: 5.8727192e-05 | PL13: 0.0022934948 | PM13: 5.8727192e-05 | PN13: 0.0016412856 | PO13: 0.0020717524 | PP13: 0.00022174244 | PQ13: 4.5635325 | PR13: 1.0901 | PS13: 1.9202293 | PT13: 8.3730272 | PU13: 88.372676 | PV13: 5.2508005 | PW13: 0.92925344 | PX13: 2.1878816 | PY13: 8.7645799 | PZ13: 89.050475 | QA13: 5.2441588 | QB13: 0.86576813 | QC13: 2.0465945 | QD13: 8.6864451 | QE13: 89.090277 | QF13: 5.0540744e-05 | QG13: 0.0018891768 | QH13: 0.0024249802 | QI13: 0.00024613025 | QJ13: 4.7949366e-05 | QK13: 0.0018853269 | QL13: 0.0024168071 | QM13: 0.00023774812 | QN13: 14.685239 | QO13: 0.024598454 | QP13: 4.9714147 | QQ13: 175.04974 | QR13: 14.392022 | QS13: 0.023689643 | QT13: 4.970064 | QU13: 175.05062
A14: C45_5x5\C45_5x5\C45_TF\C45_5x5 --- C45_TF_x10_int_green_5x5.mnt | B14: 1.6332982e-11 | C14: 1.231065e-11 | D14: 0.00075033359 | E14: 0.0390402 | F14: 0.36885752 | G14: 0.0023004445 | H14: 0.11969318 | I14: 1.1308787 | J14: 32.616146 | K14: 32.616897 | L14: 32.616897 | M14: 32.616897 | N14: 32.577856 | O14: 32.616897 | P14: 32.248039 | Q14: 32.616897 | R14: 3.7404131 | S14: 0.5937642 | T14: 2.5388852 | U14: 5.6367462 | V14: 4.6088508 | W14: 1.0311337 | X14: 2.5469176 | Y14: 7.3967475 | Z14: 8.3492639 | AA14: 1.2542178 | AB14: 5.572316 | AC14: 11.106252 | AD14: 3.4873557 | AE14: 0.8524595 | AF14: 1.6601202 | AG14: 6.884238 | AH14: 8.3492639 | AI14: 1.2542178 | AJ14: 5.572316 | AK14: 11.106252 | AL14: 1.4856527 | AM14: 0.27878604 | AN14: 0.90938295 | AO14: 2.2382935 | AP14: 1.824741 | AQ14: 0.3173689 | AR14: 1.1152325 | AS14: 2.6623155 | AT14: -0.21325555 | AU14: 0.39110261 | AV14: -1.7342922 | AW14: 0.58207633 | AX14: 2.6809086 | AY14: 0.69982565 | AZ14: 1.6909338 | BA14: 6.8655955 | BB14: 0.46087168 | BC14: 0.18434592 | BD14: 0.1955736 | BE14: 1.361715 | BF14: 6.8405475 | BG14: 1.2004963 | BH14: 4.5091364 | BI14: 10.159415 | BJ14: 7.7077363 | BK14: 4.2486252 | BL14: 0.53026955 | BM14: 18.743382 | BN14: 3.2271007 | BO14: 0.71376926 | BP14: 1.7493692 | BQ14: 5.3034632 | BR14: 24.468871 | BS14: 7.902104 | BT14: 7.3436806 | BU14: 51.131646 | BV14: 3.5719573 | BW14: 0.54253975 | BX14: 2.5165953 | BY14: 5.1402953 | BZ14: 4.3976837 | CA14: 0.77620466 | CB14: 2.5469176 | CC14: 6.1178029 | CD14: 7.969641 | CE14: 0.93303617 | CF14: 5.572316 | CG14: 9.182504 | CH14: 3.4001477 | CI14: 0.78684228 | CJ14: 1.6601202 | CK14: 6.884238 | CL14: 7.969641 | CM14: 0.93303617 | CN14: 5.572316 | CO14: 9.182504 | CP14: 1.4743947 | CQ14: 0.27185415 | CR14: 0.90938295 | CS14: 2.2168966 | CT14: 1.8041452 | CU14: 0.30076702 | CV14: 1.1152325 | CW14: 2.5415492 | CX14: -0.20193806 | CY14: 0.36836773 | CZ14: -1.5389751 | DA14: 0.54518289 | DB14: 2.6061924 | DC14: 0.61408853 | DD14: 1.6909338 | DE14: 5.8005316 | DF14: 0.44917486 | DG14: 0.16872502 | DH14: 0.1955736 | DI14: 1.212744 | DJ14: 6.5468726 | DK14: 1.1527514 | DL14: 4.1457219 | DM14: 10.031849 | DN14: 9.317951 | DO14: 4.2571244 | DP14: 1.4909241 | DQ14: 19.906987 | DR14: 3.2177025 | DS14: 0.70931547 | DT14: 1.7493692 | DU14: 5.2435758 | DV14: 24.829113 | DW14: 7.7356335 | DX14: 8.2457634 | DY14: 51.131646 | DZ14: 2.2935639 | EA14: 0.42244759 | EB14: 1.3948547 | EC14: 3.6164708 | ED14: 1.8279272 | EE14: 0.291608 | EF14: 1.1753839 | EG14: 2.908793 | EH14: 4.1214911 | EI14: 0.63317809 | EJ14: 2.5710154 | EK14: 6.1593507 | EL14: 2.0790337 | EM14: 0.37859149 | EN14: 1.1056869 | EO14: 3.1621824 | EP14: 7.0054332 | EQ14: 1.4270794 | ER14: 3.946953 | ES14: 11.296669 | ET14: 0.68765499 | EU14: 0.10642629 | EV14: 0.40897156 | EW14: 0.98152094 | EX14: 0.88546506 | EY14: 0.13660238 | EZ14: 0.5400499 | FA14: 1.2491045 | FB14: 0.3282036 | FC14: 0.27456857 | FD14: -0.47748911 | FE14: 1.2041151 | FF14: 3.5967531 | FG14: 0.78518835 | FH14: 2.3944795 | FI14: 7.5846468 | FJ14: 3.8092277 | FK14: 0.95145283 | FL14: 2.1184108 | FM14: 6.5406343 | FN14: 3.1962055 | FO14: 0.83465648 | FP14: 1.5300292 | FQ14: 5.7719601 | FR14: 6.6715859 | FS14: 1.3878705 | FT14: 3.627484 | FU14: 11.296669 | FV14: 4.6260114 | FW14: 1.5474494 | FX14: 1.931794 | FY14: 9.787242 | FZ14: 0.19110576 | GA14: 0.034726799 | GB14: 0.11559702 | GC14: 0.29961333 | GD14: 6.2208162 | GE14: 1.1021679 | GF14: 3.7922167 | GG14: 8.8784213 | GH14: 1.7328632 | GI14: 1.6449529 | GJ14: 0.049248953 | GK14: 10.317656 | GL14: 1.2705954 | GM14: 0.21368508 | GN14: 0.68269219 | GO14: 2.0067329 | GP14: 11.203587 | GQ14: 2.1449315 | GR14: 6.4269884 | GS14: 16.313777 | GT14: 54.069571 | GU14: 9.8500162 | GV14: 33.376352 | GW14: 86.50742 | GX14: 2.2598265 | GY14: 0.41366474 | GZ14: 1.3948547 | HA14: 3.5934227 | HB14: 1.8005478 | HC14: 0.27836244 | HD14: 1.1753713 | HE14: 2.8607807 | HF14: 4.0603743 | HG14: 0.60870606 | HH14: 2.5710154 | HI14: 6.0643607 | HJ14: 2.0447348 | HK14: 0.36247475 | HL14: 1.1056859 | HM14: 3.1621824 | HN14: 6.7813446 | HO14: 1.2792446 | HP14: 3.946953 | HQ14: 10.088758 | HR14: 0.67952126 | HS14: 0.10242957 | HT14: 0.40897138 | HU14: 0.96480686 | HV14: 0.87272931 | HW14: 0.13010714 | HX14: 0.54004923 | HY14: 1.2118543 | HZ14: 0.32424926 | IA14: 0.27474295 | IB14: -0.47748911 | IC14: 1.2041151 | ID14: 3.5781243 | IE14: 0.79366188 | IF14: 2.3944795 | IG14: 7.8011132 | IH14: 3.6960134 | II14: 0.91259689 | IJ14: 2.1184064 | IK14: 6.4240659 | IL14: 3.0853311 | IM14: 0.74074159 | IN14: 1.5300282 | IO14: 5.0115724 | IP14: 6.4227354 | IQ14: 1.1969974 | IR14: 3.627484 | IS14: 9.102231 | IT14: 4.552388 | IU14: 1.4419504 | IV14: 1.931794 | IW14: 8.886945 | IX14: 0.18826645 | IY14: 0.034002843 | IZ14: 0.11559702 | JA14: 0.28377158 | JB14: 5.9941666 | JC14: 1.0575301 | JD14: 3.7922252 | JE14: 8.9503557 | JF14: 1.8110712 | JG14: 1.7168581 | JH14: 0.049248953 | JI14: 10.317656 | JJ14: 1.2657862 | JK14: 0.21208599 | JL14: 0.68269219 | JM14: 1.9835672 | JN14: 11.338369 | JO14: 2.1516413 | JP14: 6.4633248 | JQ14: 16.399901 | JR14: 54.864255 | JS14: 9.9228497 | JT14: 35.239611 | JU14: 86.50742 | JV14: 2.3135458 | JW14: 0.53550707 | JX14: 1.0487745 | JY14: 4.2911041 | JZ14: 2.8695996 | KA14: 0.86605779 | KB14: 1.0645273 | KC14: 5.4216583 | KD14: 5.1831453 | KE14: 1.1589073 | KF14: 2.38696 | KG14: 8.506904 | KH14: 3.8761178 | KI14: 1.3615718 | KJ14: 1.427793 | KK14: 8.506904 | KL14: 5.1831453 | KM14: 1.1589073 | KN14: 2.38696 | KO14: 8.506904 | KP14: 1.0684355 | KQ14: 0.26271448 | KR14: 0.48685653 | KS14: 1.8606479 | KT14: 1.3060486 | KU14: 0.30672103 | KV14: 0.60452949 | KW14: 2.2871182 | KX14: -0.28860375 | KY14: 0.45041859 | KZ14: -1.6121665 | LA14: 0.7687876 | LB14: 2.5973246 | LC14: 0.73180639 | LD14: 1.4991753 | LE14: 5.5149666 | LF14: 2.0083277 | LG14: 0.77523634 | LH14: 0.9108 | LI14: 4.7748 | LJ14: 0.26738926 | LK14: 0.054845051 | LL14: 0.14542571 | LM14: 0.41677057 | LN14: 20.047925 | LO14: 9.637037 | LP14: 3.402563 | LQ14: 52.245862 | LR14: 2.3483047 | LS14: 0.67790562 | LT14: 0.95532073 | LU14: 4.6265648 | LV14: 17.47034 | LW14: 5.9603226 | LX14: 2.1410013 | LY14: 32.942996 | LZ14: 5.6005654 | MA14: 1.7913388 | MB14: 2.0943286 | MC14: 10.979359 | MD14: 2.3003147 | ME14: 0.52724361 | MF14: 1.0509825 | MG14: 4.1571852 | MH14: 2.8148313 | MI14: 0.79132663 | MJ14: 1.0645273 | MK14: 5.2773089 | ML14: 5.115146 | MM14: 1.0730957 | MN14: 2.38696 | MO14: 7.78433 | MP14: 3.8038407 | MQ14: 1.2574801 | MR14: 1.427793 | MS14: 7.614672 | MT14: 5.115146 | MU14: 1.0730957 | MV14: 2.38696 | MW14: 7.78433 | MX14: 1.0624938 | MY14: 0.25670963 | MZ14: 0.48685653 | NA14: 1.7684861 | NB14: 1.296172 | NC14: 0.29515329 | ND14: 0.60424788 | NE14: 2.1700179 | NF14: -0.27779344 | NG14: 0.44224557 | NH14: -1.5187003 | NI14: 0.7571175 | NJ14: 2.5695551 | NK14: 0.71159318 | NL14: 1.4991753 | NM14: 5.1626417 | NN14: 2.0119881 | NO14: 0.76917961 | NP14: 0.89907 | NQ14: 4.78722 | NR14: 0.26490043 | NS14: 0.052509184 | NT14: 0.14542571 | NU14: 0.40107959 | NV14: 20.161603 | NW14: 9.6262312 | NX14: 3.402563 | NY14: 52.054795 | NZ14: 2.3434325 | OA14: 0.67287438 | OB14: 0.95532073 | OC14: 4.4444037 | OD14: 17.642648 | OE14: 5.9163613 | OF14: 4.1537782 | OG14: 33.186867 | OH14: 5.5774015 | OI14: 1.770896 | OJ14: 2.088895 | OK14: 11.122605 | OL14: 1.7244465 | OM14: -0.35284103 | ON14: 2.9801314 | OO14: 5.521752 | OP14: 7.067794 | OQ14: 12.589546 | OR14: 1.3795438 | OS14: 5.9792054e-05 | OT14: 0.0022272119 | OU14: 5.9792054e-05 | OV14: 0.0015949009 | OW14: 0.0020055561 | OX14: 0.00022165581 | OY14: 4.4033741 | OZ14: 1.1185841 | PA14: 1.9756696 | PB14: 8.4403936 | PC14: 88.148856 | PD14: 1.7035082 | PE14: -0.31687118 | PF14: 2.8152103 | PG14: 5.440435 | PH14: 6.093894 | PI14: 11.534329 | PJ14: 1.3694383 | PK14: 5.7822311e-05 | PL14: 0.0022135039 | PM14: 5.7822311e-05 | PN14: 0.0015917725 | PO14: 0.0019970795 | PP14: 0.00021642447 | PQ14: 4.3930593 | PR14: 1.0748977 | PS14: 1.8952014 | PT14: 8.3398513 | PU14: 88.138693 | PV14: 5.0436325 | PW14: 0.91113313 | PX14: 2.1248414 | PY14: 8.9764816 | PZ14: 88.729271 | QA14: 5.0344133 | QB14: 0.85562911 | QC14: 2.0318378 | QD14: 8.8727719 | QE14: 88.721965 | QF14: 4.9603803e-05 | QG14: 0.0018264119 | QH14: 0.0023454582 | QI14: 0.00023974136 | QJ14: 4.74332e-05 | QK14: 0.0018222507 | QL14: 0.0023342473 | QM14: 0.00023425346 | QN14: 14.079911 | QO14: 0.032311141 | QP14: 4.9638461 | QQ14: 173.7642 | QR14: 13.961353 | QS14: 0.032121469 | QT14: 4.9624337 | QU14: 173.76652
A15: C45_5x5\C45_5x5\C45_TF\C45_5x5 --- C45_TF_x10_int_red_5x5.mnt | B15: 1.6521903e-11 | C15: 1.2379412e-11 | D15: 0.0003694536 | E15: 0.040670366 | F15: 0.38752635 | G15: 0.0011327062 | H15: 0.1246911 | I15: 1.1881153 | J15: 32.616527 | K15: 32.616897 | L15: 32.616897 | M15: 32.616897 | N15: 32.576226 | O15: 32.616897 | P15: 32.22937 | Q15: 32.616897 | R15: 3.900812 | S15: 0.57874503 | T15: 2.6491242 | U15: 5.667008 | V15: 4.7020194 | W15: 1.0334988 | X15: 2.6733878 | Y15: 7.6277465 | Z15: 8.6028314 | AA15: 1.2399362 | AB15: 5.825947 | AC15: 11.27735 | AD15: 3.2511275 | AE15: 0.8115338 | AF15: 1.6160786 | AG15: 6.1916912 | AH15: 8.6028314 | AI15: 1.2399362 | AJ15: 5.825947 | AK15: 11.27735 | AL15: 1.4809276 | AM15: 0.27989557 | AN15: 0.91351709 | AO15: 2.2493414 | AP15: 1.8199904 | AQ15: 0.31958178 | AR15: 1.1196078 | AS15: 2.6429899 | AT15: -0.21573587 | AU15: 0.38831516 | AV15: -1.747332 | AW15: 0.58654388 | AX15: 2.7029724 | AY15: 0.70512858 | AZ15: 1.7837295 | BA15: 6.9434851 | BB15: 0.41194616 | BC15: 0.14240565 | BD15: 0.18124 | BE15: 0.991668 | BF15: 6.1840419 | BG15: 1.0853093 | BH15: 4.1992995 | BI15: 9.2827784 | BJ15: 5.6342013 | BK15: 2.9380376 | BL15: 0.19885108 | BM15: 15.111045 | BN15: 3.2080741 | BO15: 0.71684425 | BP15: 1.6870407 | BQ15: 5.3668635 | BR15: 27.039954 | BS15: 8.7990264 | BT15: 10.08402 | BU15: 55.175458 | BV15: 3.6625218 | BW15: 0.51550032 | BX15: 2.6466363 | BY15: 5.1385201 | BZ15: 4.4766908 | CA15: 0.75949612 | CB15: 2.6733878 | CC15: 6.0501361 | CD15: 8.1392126 | CE15: 0.90335632 | CF15: 5.825947 | CG15: 9.205956 | CH15: 3.150818 | CI15: 0.76726104 | CJ15: 1.6160786 | CK15: 6.1360178 | CL15: 8.1392126 | CM15: 0.90335632 | CN15: 5.825947 | CO15: 9.205956 | CP15: 1.4720912 | CQ15: 0.27401646 | CR15: 0.91351709 | CS15: 2.2440246 | CT15: 1.8023693 | CU15: 0.30472178 | CV15: 1.1196078 | CW15: 2.5662862 | CX15: -0.20636376 | CY15: 0.36379832 | CZ15: -1.5224171 | DA15: 0.57823466 | DB15: 2.6216645 | DC15: 0.6080955 | DD15: 1.7635829 | DE15: 5.6833656 | DF15: 0.40108964 | DG15: 0.13834496 | DH15: 0.18124 | DI15: 0.991668 | DJ15: 5.9547111 | DK15: 0.98377157 | DL15: 4.0239579 | DM15: 8.9147471 | DN15: 7.8854264 | DO15: 3.4560992 | DP15: 1.4140521 | DQ15: 18.625718 | DR15: 3.2043169 | DS15: 0.71635045 | DT15: 1.6870407 | DU15: 5.3676659 | DV15: 27.665159 | DW15: 8.7598862 | DX15: 10.08402 | DY15: 55.175458 | DZ15: 2.2958323 | EA15: 0.40373767 | EB15: 1.313858 | EC15: 3.4819002 | ED15: 1.878498 | EE15: 0.27814367 | EF15: 1.2422494 | EG15: 2.7318214 | EH15: 4.1743304 | EI15: 0.60852019 | EJ15: 2.58815 | EK15: 6.1370376 | EL15: 1.8834341 | EM15: 0.36371346 | EN15: 1.0137828 | EO15: 2.9837188 | EP15: 7.0458049 | EQ15: 1.4157451 | ER15: 3.91932 | ES15: 11.114308 | ET15: 0.68840123 | EU15: 0.10303825 | EV15: 0.42795676 | EW15: 0.97270112 | EX15: 0.883915 | EY15: 0.13292231 | EZ15: 0.54840776 | FA15: 1.2441197 | FB15: 0.28032826 | FC15: 0.26194681 | FD15: -0.31394683 | FE15: 1.1186067 | FF15: 3.4610207 | FG15: 0.6634886 | FH15: 2.5631114 | FI15: 6.4960343 | FJ15: 3.8062371 | FK15: 0.93240577 | FL15: 2.100041 | FM15: 6.2409316 | FN15: 3.2395678 | FO15: 0.83292267 | FP15: 1.634765 | FQ15: 5.8425757 | FR15: 6.7213401 | FS15: 1.4142813 | FT15: 3.874486 | FU15: 11.114308 | FV15: 4.7163922 | FW15: 1.5349762 | FX15: 2.083618 | FY15: 10.263328 | FZ15: 0.16106598 | GA15: 0.031762765 | GB15: 0.091430847 | GC15: 0.245364 | GD15: 5.7165255 | GE15: 0.90595021 | GF15: 3.6196539 | GG15: 8.3167315 | GH15: 1.6014428 | GI15: 1.3887498 | GJ15: 0.024624477 | GK15: 7.7813346 | GL15: 1.2803889 | GM15: 0.19684865 | GN15: 0.74521589 | GO15: 1.9691461 | GP15: 10.978258 | GQ15: 1.8978675 | GR15: 6.2589815 | GS15: 15.613126 | GT15: 64.572702 | GU15: 13.057921 | GV15: 40.755775 | GW15: 109.37228 | GX15: 2.2564798 | GY15: 0.39358757 | GZ15: 1.313858 | HA15: 3.4242046 | HB15: 1.8565404 | HC15: 0.26699789 | HD15: 1.2422494 | HE15: 2.7243328 | HF15: 4.1130202 | HG15: 0.58421723 | HH15: 2.58815 | HI15: 6.0845101 | HJ15: 1.8495801 | HK15: 0.34270501 | HL15: 1.0137828 | HM15: 2.8793229 | HN15: 6.8274439 | HO15: 1.2544926 | HP15: 3.91932 | HQ15: 10.162906 | HR15: 0.68242372 | HS15: 0.099761888 | HT15: 0.42795676 | HU15: 0.9417538 | HV15: 0.87416976 | HW15: 0.12779068 | HX15: 0.54840776 | HY15: 1.2113115 | HZ15: 0.27383159 | IA15: 0.26171235 | IB15: -0.338515 | IC15: 1.1646406 | ID15: 3.4389698 | IE15: 0.65794015 | IF15: 2.516974 | IG15: 6.4713412 | IH15: 3.6809227 | II15: 0.88329982 | IJ15: 2.1000404 | IK15: 6.2308189 | IL15: 3.1465212 | IM15: 0.72527855 | IN15: 1.634765 | IO15: 5.1561497 | IP15: 6.4831663 | IQ15: 1.2131819 | IR15: 3.874489 | IS15: 9.528686 | IT15: 4.6283014 | IU15: 1.4161927 | IV15: 2.083618 | IW15: 9.1283 | IX15: 0.15845431 | IY15: 0.030396555 | IZ15: 0.091430847 | JA15: 0.24274857 | JB15: 5.5637096 | JC15: 0.82690143 | JD15: 3.6196539 | JE15: 7.9995613 | JF15: 1.7426029 | JG15: 1.5006247 | JH15: 0.024624477 | JI15: 7.7813346 | JJ15: 1.2789099 | JK15: 0.19569904 | JL15: 0.74521589 | JM15: 1.9345953 | JN15: 11.143498 | JO15: 1.92016 | JP15: 6.259173 | JQ15: 15.620966 | JR15: 65.544694 | JS15: 13.100417 | JT15: 41.194887 | JU15: 109.37228 | JV15: 2.3088634 | JW15: 0.53938005 | JX15: 1.062889 | JY15: 4.2742723 | JZ15: 2.8637096 | KA15: 0.86811975 | KB15: 1.0834134 | KC15: 5.4874131 | KD15: 5.172573 | KE15: 1.1754789 | KF15: 2.414147 | KG15: 8.361743 | KH15: 3.8258705 | KI15: 1.3297279 | KJ15: 1.4223973 | KK15: 8.361743 | KL15: 5.172573 | KM15: 1.1754789 | KN15: 2.414147 | KO15: 8.361743 | KP15: 1.0662234 | KQ15: 0.26536992 | KR15: 0.49555455 | KS15: 1.8478066 | KT15: 1.3038106 | KU15: 0.31000894 | KV15: 0.61724354 | KW15: 2.2680213 | KX15: -0.29199381 | KY15: 0.44529714 | KZ15: -1.6233504 | LA15: 0.74451901 | LB15: 2.5961006 | LC15: 0.73436621 | LD15: 1.500475 | LE15: 5.5155924 | LF15: 1.9890389 | LG15: 0.76566292 | LH15: 0.87078 | LI15: 4.77894 | LJ15: 0.26662749 | LK15: 0.055212383 | LL15: 0.14488236 | LM15: 0.41922547 | LN15: 20.08184 | LO15: 9.6984417 | LP15: 3.4246575 | LQ15: 51.852876 | LR15: 2.3484508 | LS15: 0.67783524 | LT15: 0.93805704 | LU15: 4.6161838 | LV15: 17.527866 | LW15: 6.0403905 | LX15: 0 | LY15: 32.390632 | LZ15: 5.6750967 | MA15: 1.8800301 | MB15: 2.0925142 | MC15: 11.483957 | MD15: 2.294871 | ME15: 0.52918389 | MF15: 1.0660685 | MG15: 4.1726587 | MH15: 2.8146328 | MI15: 0.79797748 | MJ15: 1.0834134 | MK15: 5.3195823 | ML15: 5.1095037 | MM15: 1.0955667 | MN15: 2.414147 | MO15: 7.849312 | MP15: 3.8301449 | MQ15: 1.295196 | MR15: 1.4223973 | MS15: 7.736429 | MT15: 5.1095037 | MU15: 1.0955667 | MV15: 2.414147 | MW15: 7.849312 | MX15: 1.0607618 | MY15: 0.25996177 | MZ15: 0.49555455 | NA15: 1.7960907 | NB15: 1.2946977 | NC15: 0.2996024 | ND15: 0.61706377 | NE15: 2.1992475 | NF15: -0.28135854 | NG15: 0.43747048 | NH15: -1.5733988 | NI15: 0.74308088 | NJ15: 2.5698915 | NK15: 0.71286701 | NL15: 1.4985805 | NM15: 5.3975893 | NN15: 1.9928379 | NO15: 0.7767014 | NP15: 0.87078 | NQ15: 4.78998 | NR15: 0.26434974 | NS15: 0.053021092 | NT15: 0.14488236 | NU15: 0.40825611 | NV15: 20.24026 | NW15: 9.7259638 | NX15: 3.4246575 | NY15: 53.623509 | NZ15: 2.3428419 | OA15: 0.67414034 | OB15: 0.93805704 | OC15: 4.5657309 | OD15: 17.694565 | OE15: 5.9633168 | OF15: 3.4279239 | OG15: 32.346443 | OH15: 5.6787743 | OI15: 1.8900885 | OJ15: 2.0876914 | OK15: 11.483957 | OL15: 1.7200709 | OM15: -0.35788168 | ON15: 2.999531 | OO15: 5.43736 | OP15: 7.216956 | OQ15: 12.654316 | OR15: 1.3754131 | OS15: 6.0706099e-05 | OT15: 0.0022077899 | OU15: 6.0706099e-05 | OV15: 0.0015861789 | OW15: 0.0019856921 | OX15: 0.00022209782 | OY15: 4.3990402 | OZ15: 1.1353754 | PA15: 1.9866281 | PB15: 8.1594376 | PC15: 88.174597 | PD15: 1.7019548 | PE15: -0.32592969 | PF15: 2.8341609 | PG15: 5.381643 | PH15: 6.034804 | PI15: 11.416447 | PJ15: 1.3674749 | PK15: 5.8408332e-05 | PL15: 0.0021995633 | PM15: 5.8408332e-05 | PN15: 0.0015849169 | PO15: 0.0019818861 | PP15: 0.00021767719 | PQ15: 4.3933882 | PR15: 1.0829659 | PS15: 1.9137185 | PT15: 8.1155504 | PU15: 88.160519 | PV15: 5.0248731 | PW15: 0.97010828 | PX15: 2.1355192 | PY15: 8.524741 | PZ15: 88.695168 | QA15: 5.0211422 | QB15: 0.90825333 | QC15: 2.0546033 | QD15: 8.4817262 | QE15: 88.692522 | QF15: 5.3477294e-05 | QG15: 0.0018128043 | QH15: 0.0023030267 | QI15: 0.0002404876 | QJ15: 5.0982745e-05 | QK15: 0.0018110909 | QL15: 0.0022985561 | QM15: 0.00023574522 | QN15: 14.11053 | QO15: 0.032600487 | QP15: 5.4632468 | QQ15: 173.76522 | QR15: 14.003492 | QS15: 0.031906322 | QT15: 5.4634985 | QU15: 173.76403
A16: C45_5x5\C45_5x5\C45_TF\C45_5x5 --- C45_TF_x10_int_white_5x5.mnt | B16: 1.7052847e-11 | C16: 1.6812393e-11 | D16: 0.001218816 | E16: 0.039520109 | F16: 0.36919079 | G16: 0.0037367626 | H16: 0.12116453 | I16: 1.1319004 | J16: 32.615678 | K16: 32.616897 | L16: 32.616897 | M16: 32.616897 | N16: 32.577377 | O16: 32.616897 | P16: 32.247706 | Q16: 32.616897 | R16: 3.7416148 | S16: 0.58472812 | T16: 2.470714 | U16: 5.6357859 | V16: 4.5951263 | W16: 1.033833 | X16: 2.4519813 | Y16: 7.375706 | Z16: 8.336741 | AA16: 1.2418507 | AB16: 5.518469 | AC16: 11.098056 | AD16: 3.5254881 | AE16: 0.81281298 | AF16: 1.7078068 | AG16: 6.225113 | AH16: 8.336741 | AI16: 1.2418507 | AJ16: 5.518469 | AK16: 11.098056 | AL16: 1.4831546 | AM16: 0.27862174 | AN16: 0.89673564 | AO16: 2.2316678 | AP16: 1.8208715 | AQ16: 0.31701463 | AR16: 1.1064868 | AS16: 2.6553644 | AT16: -0.21266298 | AU16: 0.39051711 | AV16: -1.763311 | AW16: 0.58364324 | AX16: 2.675756 | AY16: 0.70293048 | AZ16: 1.7026333 | BA16: 7.0187121 | BB16: 0.46848025 | BC16: 0.16136997 | BD16: 0.21252 | BE16: 1.17507 | BF16: 6.7342114 | BG16: 1.1809981 | BH16: 4.3898719 | BI16: 10.225257 | BJ16: 7.5777174 | BK16: 4.0447907 | BL16: 0.46398586 | BM16: 20.03977 | BN16: 3.2234367 | BO16: 0.7117486 | BP16: 1.6687507 | BQ16: 5.3915337 | BR16: 23.514 | BS16: 6.9471846 | BT16: 8.5101313 | BU16: 47.054395 | BV16: 3.5734759 | BW16: 0.53633426 | BX16: 2.470714 | BY16: 5.1262163 | BZ16: 4.3853147 | CA16: 0.777551 | CB16: 2.4519813 | CC16: 6.1175165 | CD16: 7.9587906 | CE16: 0.92620199 | CF16: 5.518469 | CG16: 9.164277 | CH16: 3.4644198 | CI16: 0.76917407 | CJ16: 1.7078068 | CK16: 6.1717885 | CL16: 7.9587906 | CM16: 0.92620199 | CN16: 5.518469 | CO16: 9.164277 | CP16: 1.4724893 | CQ16: 0.27200266 | CR16: 0.89673564 | CS16: 2.1953309 | CT16: 1.8012366 | CU16: 0.3012629 | CV16: 1.1064868 | CW16: 2.5416187 | CX16: -0.20191185 | CY16: 0.36804928 | CZ16: -1.5654097 | DA16: 0.55525379 | DB16: 2.6025716 | DC16: 0.61751714 | DD16: 1.7026333 | DE16: 5.9132207 | DF16: 0.46218747 | DG16: 0.15448056 | DH16: 0.21252 | DI16: 1.17507 | DJ16: 6.4429056 | DK16: 1.1328121 | DL16: 3.8516153 | DM16: 10.225257 | DN16: 9.2004197 | DO16: 4.1981005 | DP16: 1.1268228 | DQ16: 20.03977 | DR16: 3.2148601 | DS16: 0.70791101 | DT16: 1.6687507 | DU16: 5.3422805 | DV16: 23.708818 | DW16: 6.8243268 | DX16: 8.5101313 | DY16: 47.054395 | DZ16: 2.2783226 | EA16: 0.41732946 | EB16: 1.3388079 | EC16: 3.5378229 | ED16: 1.8123771 | EE16: 0.29204451 | EF16: 1.1587658 | EG16: 2.781865 | EH16: 4.0906996 | EI16: 0.62656517 | EJ16: 2.4975737 | EK16: 5.9716064 | EL16: 2.1010303 | EM16: 0.39200067 | EN16: 1.0211767 | EO16: 3.8199839 | EP16: 6.9993068 | EQ16: 1.4483121 | ER16: 3.846017 | ES16: 11.410629 | ET16: 0.68667494 | EU16: 0.10580868 | EV16: 0.40542503 | EW16: 0.98512117 | EX16: 0.88336765 | EY16: 0.13593466 | EZ16: 0.53759184 | FA16: 1.2437108 | FB16: 0.32807186 | FC16: 0.27342221 | FD16: -0.42564827 | FE16: 1.0606409 | FF16: 3.5603762 | FG16: 0.76990574 | FH16: 2.4491521 | FI16: 8.0768961 | FJ16: 3.7977915 | FK16: 0.95843345 | FL16: 2.0640747 | FM16: 6.5364967 | FN16: 3.2015153 | FO16: 0.85614008 | FP16: 1.4971368 | FQ16: 6.4131726 | FR16: 6.6618321 | FS16: 1.4131447 | FT16: 3.590338 | FU16: 11.310466 | FV16: 4.6270484 | FW16: 1.5675069 | FX16: 1.787797 | FY16: 10.175196 | FZ16: 0.19816303 | GA16: 0.03691188 | GB16: 0.12335318 | GC16: 0.39181384 | GD16: 6.109109 | GE16: 1.0746356 | GF16: 3.7267306 | GG16: 9.0783666 | GH16: 1.7720167 | GI16: 1.711992 | GJ16: 0.049248953 | GK16: 10.039439 | GL16: 1.2670722 | GM16: 0.21194762 | GN16: 0.66884198 | GO16: 2.0188914 | GP16: 11.32738 | GQ16: 2.1191586 | GR16: 6.303866 | GS16: 16.615541 | GT16: 52.090778 | GU16: 9.1096559 | GV16: 25.522324 | GW16: 81.068035 | GX16: 2.2443723 | GY16: 0.40648184 | GZ16: 1.3388079 | HA16: 3.4732215 | HB16: 1.7849824 | HC16: 0.27737317 | HD16: 1.1587658 | HE16: 2.7330499 | HF16: 4.0293546 | HG16: 0.59940821 | HH16: 2.4975737 | HI16: 5.8849951 | HJ16: 2.0711956 | HK16: 0.37617519 | HL16: 1.0211763 | HM16: 3.7394938 | HN16: 6.7628445 | HO16: 1.2667088 | HP16: 3.846017 | HQ16: 9.737553 | HR16: 0.67906418 | HS16: 0.1019296 | HT16: 0.4054243 | HU16: 0.95787083 | HV16: 0.87149013 | HW16: 0.12970912 | HX16: 0.53759058 | HY16: 1.2214688 | HZ16: 0.3242025 | IA16: 0.27400625 | IB16: -0.42564827 | IC16: 1.1345001 | ID16: 3.5386773 | IE16: 0.76444424 | IF16: 2.4343214 | IG16: 8.0591806 | IH16: 3.6844208 | II16: 0.91594993 | IJ16: 2.0640752 | IK16: 6.4615093 | IL16: 3.0784238 | IM16: 0.73127509 | IN16: 1.4971368 | IO16: 4.8748716 | IP16: 6.4039901 | IQ16: 1.1881771 | IR16: 3.590338 | IS16: 9.101357 | IT16: 4.5497862 | IU16: 1.4471967 | IV16: 1.787797 | IW16: 8.842621 | IX16: 0.19608496 | IY16: 0.036790864 | IZ16: 0.12335318 | JA16: 0.39181384 | JB16: 5.8782126 | JC16: 1.0219557 | JD16: 3.7267305 | JE16: 9.0739424 | JF16: 1.8845034 | JG16: 1.8462737 | JH16: 0.049248953 | JI16: 10.039439 | JJ16: 1.2627712 | JK16: 0.20960198 | JL16: 0.66884198 | JM16: 1.9550917 | JN16: 11.480786 | JO16: 2.1363305 | JP16: 6.5007391 | JQ16: 16.818518 | JR16: 52.646747 | JS16: 9.1721659 | JT16: 25.522324 | JU16: 81.068035 | JV16: 2.3110545 | JW16: 0.5391572 | JX16: 1.0613231 | JY16: 4.310334 | JZ16: 2.8620008 | KA16: 0.86072509 | KB16: 1.0813929 | KC16: 5.4620925 | KD16: 5.1730553 | KE16: 1.1567913 | KF16: 2.403683 | KG16: 8.471893 | KH16: 3.880966 | KI16: 1.3426839 | KJ16: 1.4107487 | KK16: 8.471893 | KL16: 5.1730553 | KM16: 1.1567913 | KN16: 2.403683 | KO16: 8.471893 | KP16: 1.066886 | KQ16: 0.26252315 | KR16: 0.47371241 | KS16: 1.8625313 | KT16: 1.3036043 | KU16: 0.3062144 | KV16: 0.59255906 | KW16: 2.2858651 | KX16: -0.28913421 | KY16: 0.44974436 | KZ16: -1.6242494 | LA16: 0.74663704 | LB16: 2.5960245 | LC16: 0.73177653 | LD16: 1.4966008 | LE16: 5.4995182 | LF16: 2.020112 | LG16: 0.7692065 | LH16: 0.89976 | LI16: 4.76652 | LJ16: 0.26706303 | LK16: 0.054769079 | LL16: 0.14412957 | LM16: 0.41772425 | LN16: 20.094087 | LO16: 9.7552523 | LP16: 3.402563 | LQ16: 52.095281 | LR16: 2.3463394 | LS16: 0.67542058 | LT16: 0.93672122 | LU16: 4.6456472 | LV16: 17.452212 | LW16: 5.9897906 | LX16: 0.89403353 | LY16: 33.00928 | LZ16: 5.5550501 | MA16: 1.7655564 | MB16: 2.0979667 | MC16: 11.114075 | MD16: 2.2956979 | ME16: 0.52928452 | MF16: 1.0633584 | MG16: 4.1577802 | MH16: 2.8089336 | MI16: 0.78805809 | MJ16: 1.0813929 | MK16: 5.2584384 | ML16: 5.1046314 | MM16: 1.0737634 | MN16: 2.403683 | MO16: 7.784499 | MP16: 3.8135996 | MQ16: 1.2244163 | MR16: 1.4107487 | MS16: 7.61067 | MT16: 5.1046314 | MU16: 1.0737634 | MV16: 2.403683 | MW16: 7.784499 | MX16: 1.0612354 | MY16: 0.25700848 | MZ16: 0.47371241 | NA16: 1.7765473 | NB16: 1.2940067 | NC16: 0.29532853 | ND16: 0.59216667 | NE16: 2.1765515 | NF16: -0.27870418 | NG16: 0.4415282 | NH16: -1.5340969 | NI16: 0.73903007 | NJ16: 2.5680535 | NK16: 0.71270299 | NL16: 1.4966008 | NM16: 5.1975117 | NN16: 2.0201207 | NO16: 0.76684511 | NP16: 0.97428 | NQ16: 4.77342 | NR16: 0.26469827 | NS16: 0.05254783 | NT16: 0.14412957 | NU16: 0.40332545 | NV16: 20.281164 | NW16: 9.7051514 | NX16: 3.402563 | NY16: 52.095281 | NZ16: 2.3418914 | OA16: 0.67044134 | OB16: 0.93672122 | OC16: 4.4625925 | OD16: 17.622063 | OE16: 5.9741812 | OF16: 4.1758727 | OG16: 33.229519 | OH16: 5.5464343 | OI16: 1.7362263 | OJ16: 2.094934 | OK16: 10.26399 | OL16: 1.7218246 | OM16: -0.35357071 | ON16: 2.9781389 | OO16: 5.566822 | OP16: 7.029388 | OQ16: 12.59621 | OR16: 1.3777439 | OS16: 5.9362781e-05 | OT16: 0.0022244623 | OU16: 5.9362781e-05 | OV16: 0.0015924837 | OW16: 0.0020029833 | OX16: 0.00022147892 | OY16: 4.4016165 | OZ16: 1.1114081 | PA16: 1.9736835 | PB16: 8.3821846 | PC16: 88.158182 | PD16: 1.7020719 | PE16: -0.31934394 | PF16: 2.819041 | PG16: 5.484888 | PH16: 6.007541 | PI16: 11.492429 | PJ16: 1.368284 | PK16: 5.7555817e-05 | PL16: 0.0022108982 | PM16: 5.7555817e-05 | PN16: 0.0015894887 | PO16: 0.0019943003 | PP16: 0.00021659784 | PQ16: 4.3928315 | PR16: 1.0694411 | PS16: 1.8974398 | PT16: 8.2913614 | PU16: 88.157074 | PV16: 5.0414175 | PW16: 0.90941388 | PX16: 2.1210429 | PY16: 8.8876443 | PZ16: 88.742329 | QA16: 5.0321829 | QB16: 0.85368711 | QC16: 2.0336268 | QD16: 8.7944597 | QE16: 88.729954 | QF16: 4.9833428e-05 | QG16: 0.0018239283 | QH16: 0.0023384907 | QI16: 0.00023933308 | QJ16: 4.7668347e-05 | QK16: 0.0018200021 | QL16: 0.0023277839 | QM16: 0.00023420035 | QN16: 14.07906 | QO16: 0.031616923 | QP16: 4.9622633 | QQ16: 173.77012 | QR16: 13.964602 | QS16: 0.03141656 | QT16: 4.960879 | QU16: 173.77096

Sheet Par_S_005
B1: =B4 -> Sq | C1: =C4 -> Ssk | D1: =D4 -> Sku | E1: =E4 -> Sp | F1: =F4 -> Sv | G1: =G4 -> Sz | H1: =H4 -> Sa | I1: =I4 -> Vm (p = 10%) | ... S1: =S4 -> Smrk2
B3: =Baza!OL1 -> 70 | C3: =Baza!OM1 -> 70 | D3: =Baza!ON1 -> 70 | E3: =Baza!OO1 -> 70 | F3: =Baza!OP1 -> 70 | G3: =Baza!OQ1 -> 70 | H3: =Baza!OR1 -> 70 | I3: =Baza!OS1 -> 70 | ... S3: =Baza!PC1 -> 70
B4: =Baza!OL2 -> Sq | C4: =Baza!OM2 -> Ssk | D4: =Baza!ON2 -> Sku | E4: =Baza!OO2 -> Sp | F4: =Baza!OP2 -> Sv | G4: =Baza!OQ2 -> Sz | H4: =Baza!OR2 -> Sa | I4: =Baza!OS2 -> Vm (p = 10%) | ... S4: =Baza!PC2 -> Smrk2
B5: =Baza!OL3 -> µm | C5: =Baza!OM3 -> <no unit> | D5: =Baza!ON3 -> <no unit> | E5: =Baza!OO3 -> µm | F5: =Baza!OP3 -> µm | G5: =Baza!OQ3 -> µm | H5: =Baza!OR3 -> µm | I5: =Baza!OS3 -> mm³/mm² | ... S5: =Baza!PC3 -> %
A6: Conf blue | B6: =Baza!OL4 -> 1.7150504 | C6: =Baza!OM4 -> -0.35834951 | D6: =Baza!ON4 -> 3.0243641 | E6: =Baza!OO4 -> 5.974959 | F6: =Baza!OP4 -> 7.457196 | G6: =Baza!OQ4 -> 13.432155 | H6: =Baza!OR4 -> 1.37019 | I6: =Baza!OS4 -> 6.1003073e-05 | ... S6: =Baza!PC4 -> 88.152904
A7: Conf green | B7: =Baza!OL5 -> 1.7852291 | C7: =Baza!OM5 -> -0.35179667 | D7: =Baza!ON5 -> 3.0411743 | E7: =Baza!OO5 -> 6.012619 | F7: =Baza!OP5 -> 7.859115 | G7: =Baza!OQ5 -> 13.871734 | H7: =Baza!OR5 -> 1.4252244 | I7: =Baza!OS5 -> 6.3774738e-05 | ... S7: =Baza!PC5 -> 88.351054
A8: Conf red | B8: =Baza!OL6 -> 1.8547525 | C8: =Baza!OM6 -> -0.39014919 | D8: =Baza!ON6 -> 3.1099598 | E8: =Baza!OO6 -> 6.126929 | F8: =Baza!OP6 -> 8.390272 | G8: =Baza!OQ6 -> 14.517201 | H8: =Baza!OR6 -> 1.4786069 | I8: =Baza!OS6 -> 6.4848324e-05 | ... S8: =Baza!PC6 -> 88.209329
A9: Fusion blue | B9: =Baza!OL7 -> 1.7595501 | C9: =Baza!OM7 -> -0.32970862 | D9: =Baza!ON7 -> 3.0418536 | E9: =Baza!OO7 -> 7.333088 | F9: =Baza!OP7 -> 7.687374 | G9: =Baza!OQ7 -> 15.020462 | H9: =Baza!OR7 -> 1.4048032 | I9: =Baza!OS7 -> 6.4266931e-05 | ... S9: =Baza!PC7 -> 88.343761
A10: Fusion green | B10: =Baza!OL8 -> 1.8503129 | C10: =Baza!OM8 -> -0.36023478 | D10: =Baza!ON8 -> 3.0458896 | E10: =Baza!OO8 -> 6.386523 | F10: =Baza!OP8 -> 8.167689 | G10: =Baza!OQ8 -> 14.554212 | H10: =Baza!OR8 -> 1.477698 | I10: =Baza!OS8 -> 6.4934909e-05 | ... S10: =Baza!PC8 -> 88.388917
A11: Fusion red | B11: =Baza!OL9 -> 1.9295244 | C11: =Baza!OM9 -> -0.40253383 | D11: =Baza!ON9 -> 3.1233702 | E11: =Baza!OO9 -> 6.606276 | F11: =Baza!OP9 -> 9.081146 | G11: =Baza!OQ9 -> 15.687422 | H11: =Baza!OR9 -> 1.538372 | I11: =Baza!OS9 -> 6.6068422e-05 | ... S11: =Baza!PC9 -> 88.2534
A12: FV blue | B12: =Baza!OL10 -> 1.7244962 | C12: =Baza!OM10 -> -0.33725273 | D12: =Baza!ON10 -> 3.0508257 | E12: =Baza!OO10 -> 5.890399 | F12: =Baza!OP10 -> 7.361934 | G12: =Baza!OQ10 -> 13.252333 | H12: =Baza!OR10 -> 1.3753474 | I12: =Baza!OS10 -> 6.5335328e-05 | ... S12: =Baza!PC10 -> 88.163799
A13: FV green | B13: =Baza!OL11 -> 1.6698718 | C13: =Baza!OM11 -> -0.46416216 | D13: =Baza!ON11 -> 3.0688158 | E13: =Baza!OO11 -> 5.491114 | F13: =Baza!OP11 -> 7.167125 | G13: =Baza!OQ11 -> 12.658239 | H13: =Baza!OR11 -> 1.3382542 | I13: =Baza!OS11 -> 5.3107477e-05 | ... S13: =Baza!PC11 -> 87.757436
A14: FV red | B14: =Baza!OL12 -> 1.6823465 | C14: =Baza!OM12 -> -0.51640001 | D14: =Baza!ON12 -> 3.114766 | E14: =Baza!OO12 -> 6.221867 | F14: =Baza!OP12 -> 7.225638 | G14: =Baza!OQ12 -> 13.447505 | H14: =Baza!OR12 -> 1.3499011 | I14: =Baza!OS12 -> 5.0872109e-05 | ... S14: =Baza!PC12 -> 87.571811
A15: Int blue | B15: =Baza!OL13 -> 1.7826245 | C15: =Baza!OM13 -> -0.34348736 | D15: =Baza!ON13 -> 2.9550403 | E15: =Baza!OO13 -> 5.782416 | F15: =Baza!OP13 -> 7.375649 | G15: =Baza!OQ13 -> 13.158065 | H15: =Baza!OR13 -> 1.4269931 | I15: =Baza!OS13 -> 6.0963272e-05 | ... S15: =Baza!PC13 -> 88.341122
A16: Int gree | B16: =Baza!OL14 -> 1.7244465 | C16: =Baza!OM14 -> -0.35284103 | D16: =Baza!ON14 -> 2.9801314 | E16: =Baza!OO14 -> 5.521752 | F16: =Baza!OP14 -> 7.067794 | G16: =Baza!OQ14 -> 12.589546 | H16: =Baza!OR14 -> 1.3795438 | I16: =Baza!OS14 -> 5.9792054e-05 | ... S16: =Baza!PC14 -> 88.148856
A17: Int red | B17: =Baza!OL15 -> 1.7200709 | C17: =Baza!OM15 -> -0.35788168 | D17: =Baza!ON15 -> 2.999531 | E17: =Baza!OO15 -> 5.43736 | F17: =Baza!OP15 -> 7.216956 | G17: =Baza!OQ15 -> 12.654316 | H17: =Baza!OR15 -> 1.3754131 | I17: =Baza!OS15 -> 6.0706099e-05 | ... S17: =Baza!PC15 -> 88.174597
A18: Int white | B18: =Baza!OL16 -> 1.7218246 | C18: =Baza!OM16 -> -0.35357071 | D18: =Baza!ON16 -> 2.9781389 | E18: =Baza!OO16 -> 5.566822 | F18: =Baza!OP16 -> 7.029388 | G18: =Baza!OQ16 -> 12.59621 | H18: =Baza!OR16 -> 1.3777439 | I18: =Baza!OS16 -> 5.9362781e-05 | ... S18: =Baza!PC16 -> 88.158182

Sheet Par_S_05
B1: =B4 -> Sq | C1: =C4 -> Ssk | D1: =D4 -> Sku | E1: =E4 -> Sp | F1: =F4 -> Sv | G1: =G4 -> Sz | H1: =H4 -> Sa | I1: =I4 -> Vm (p = 10%) | ... S1: =S4 -> Smrk2
B3: =Baza!PD1 -> 71 | C3: =Baza!PE1 -> 71 | D3: =Baza!PF1 -> 71 | E3: =Baza!PG1 -> 71 | F3: =Baza!PH1 -> 71 | G3: =Baza!PI1 -> 71 | H3: =Baza!PJ1 -> 71 | I3: =Baza!PK1 -> 71 | ... S3: =Baza!PU1 -> 71
B4: =Baza!PD2 -> Sq | C4: =Baza!PE2 -> Ssk | D4: =Baza!PF2 -> Sku | E4: =Baza!PG2 -> Sp | F4: =Baza!PH2 -> Sv | G4: =Baza!PI2 -> Sz | H4: =Baza!PJ2 -> Sa | I4: =Baza!PK2 -> Vm (p = 10%) | ... S4: =Baza!PU2 -> Smrk2
B5: =Baza!PD3 -> µm | C5: =Baza!PE3 -> <no unit> | D5: =Baza!PF3 -> <no unit> | E5: =Baza!PG3 -> µm | F5: =Baza!PH3 -> µm | G5: =Baza!PI3 -> µm | H5: =Baza!PJ3 -> µm | I5: =Baza!PK3 -> mm³/mm² | ... S5: =Baza!PU3 -> %
A6: Conf blue | B6: =Baza!PD4 -> 1.696242 | C6: =Baza!PE4 -> -0.32194401 | D6: =Baza!PF4 -> 2.8428443 | E6: =Baza!PG4 -> 5.404155 | F6: =Baza!PH4 -> 6.126288 | G6: =Baza!PI4 -> 11.530443 | H6: =Baza!PJ4 -> 1.3622275 | I6: =Baza!PK4 -> 5.8889841e-05 | ... S6: =Baza!PU4 -> 88.140803
A7: Conf green | B7: =Baza!PD5 -> 1.7644738 | C7: =Baza!PE5 -> -0.30466169 | D7: =Baza!PF5 -> 2.8308751 | E7: =Baza!PG5 -> 5.436377 | F7: =Baza!PH5 -> 6.632064 | G7: =Baza!PI5 -> 12.068441 | H7: =Baza!PJ5 -> 1.4167109 | I7: =Baza!PK5 -> 6.1700038e-05 | ... S7: =Baza!PU5 -> 88.34865
A8: Conf red | B8: =Baza!PD6 -> 1.8300081 | C8: =Baza!PE6 -> -0.33217808 | D8: =Baza!PF6 -> 2.8549168 | E8: =Baza!PG6 -> 5.604222 | F8: =Baza!PH6 -> 6.945401 | G8: =Baza!PI6 -> 12.549623 | H8: =Baza!PJ6 -> 1.4685798 | I8: =Baza!PK6 -> 6.2595035e-05 | ... S8: =Baza!PU6 -> 88.221208
A9: Fusion blue | B9: =Baza!PD7 -> 1.7320199 | C9: =Baza!PE7 -> -0.30832922 | D9: =Baza!PF7 -> 2.8193679 | E9: =Baza!PG7 -> 5.567982 | F9: =Baza!PH7 -> 6.319185 | G9: =Baza!PI7 -> 11.887167 | H9: =Baza!PJ7 -> 1.392537 | I9: =Baza!PK7 -> 5.979666e-05 | ... S9: =Baza!PU7 -> 88.3422
A10: Fusion green | B10: =Baza!PD8 -> 1.8249487 | C10: =Baza!PE8 -> -0.31171198 | D10: =Baza!PF8 -> 2.8138516 | E10: =Baza!PG8 -> 5.647331 | F10: =Baza!PH8 -> 6.733677 | G10: =Baza!PI8 -> 12.381008 | H10: =Baza!PJ8 -> 1.4670415 | I10: =Baza!PK8 -> 6.21163e-05 | ... S10: =Baza!PU8 -> 88.393724
A11: Fusion red | B11: =Baza!PD9 -> 1.8997448 | C11: =Baza!PE9 -> -0.34295567 | D11: =Baza!PF9 -> 2.8452667 | E11: =Baza!PG9 -> 5.727953 | F11: =Baza!PH9 -> 7.257085 | G11: =Baza!PI9 -> 12.985038 | H11: =Baza!PJ9 -> 1.5260518 | I11: =Baza!PK9 -> 6.3032314e-05 | ... S11: =Baza!PU9 -> 88.25813
A12: FV blue | B12: =Baza!PD10 -> 1.7106803 | C12: =Baza!PE10 -> -0.30870617 | D12: =Baza!PF10 -> 2.892081 | E12: =Baza!PG10 -> 5.479833 | F12: =Baza!PH10 -> 6.221098 | G12: =Baza!PI10 -> 11.700931 | H12: =Baza!PJ10 -> 1.3700811 | I12: =Baza!PK10 -> 6.3529423e-05 | ... S12: =Baza!PU10 -> 88.156578
A13: FV green | B13: =Baza!PD11 -> 1.6558634 | C13: =Baza!PE11 -> -0.42798271 | D13: =Baza!PF11 -> 2.8901596 | E13: =Baza!PG11 -> 5.157655 | F13: =Baza!PH11 -> 5.940462 | G13: =Baza!PI11 -> 11.098117 | H13: =Baza!PJ11 -> 1.3328875 | I13: =Baza!PK11 -> 5.161023e-05 | ... S13: =Baza!PU11 -> 87.754841
A14: FV red | B14: =Baza!PD12 -> 1.6666061 | C14: =Baza!PE12 -> -0.48152537 | D14: =Baza!PF12 -> 2.9199731 | E14: =Baza!PG12 -> 5.226543 | F14: =Baza!PH12 -> 6.040561 | G14: =Baza!PI12 -> 11.267104 | H14: =Baza!PJ12 -> 1.3438245 | I14: =Baza!PK12 -> 4.8849135e-05 | ... S14: =Baza!PU12 -> 87.564577
A15: Int blue | B15: =Baza!PD13 -> 1.7563965 | C15: =Baza!PE13 -> -0.30093274 | D15: =Baza!PF13 -> 2.7798942 | E15: =Baza!PG13 -> 5.586031 | F15: =Baza!PH13 -> 6.301992 | G15: =Baza!PI13 -> 11.888023 | H15: =Baza!PJ13 -> 1.4140952 | I15: =Baza!PK13 -> 5.8727192e-05 | ... S15: =Baza!PU13 -> 88.372676
A16: Int gree | B16: =Baza!PD14 -> 1.7035082 | C16: =Baza!PE14 -> -0.31687118 | D16: =Baza!PF14 -> 2.8152103 | E16: =Baza!PG14 -> 5.440435 | F16: =Baza!PH14 -> 6.093894 | G16: =Baza!PI14 -> 11.534329 | H16: =Baza!PJ14 -> 1.3694383 | I16: =Baza!PK14 -> 5.7822311e-05 | ... S16: =Baza!PU14 -> 88.138693
A17: Int red | B17: =Baza!PD15 -> 1.7019548 | C17: =Baza!PE15 -> -0.32592969 | D17: =Baza!PF15 -> 2.8341609 | E17: =Baza!PG15 -> 5.381643 | F17: =Baza!PH15 -> 6.034804 | G17: =Baza!PI15 -> 11.416447 | H17: =Baza!PJ15 -> 1.3674749 | I17: =Baza!PK15 -> 5.8408332e-05 | ... S17: =Baza!PU15 -> 88.160519
A18: Int white | B18: =Baza!PD16 -> 1.7020719 | C18: =Baza!PE16 -> -0.31934394 | D18: =Baza!PF16 -> 2.819041 | E18: =Baza!PG16 -> 5.484888 | F18: =Baza!PH16 -> 6.007541 | G18: =Baza!PI16 -> 11.492429 | H18: =Baza!PJ16 -> 1.368284 | I18: =Baza!PK16 -> 5.7555817e-05 | ... S18: =Baza!PU16 -> 88.157074

Sheet Par_P_005
B1: =B4 -> Pp[Średnia] | C1: =C4 -> Pv[Średnia] | D1: =D4 -> Pz[Średnia] | E1: =E4 -> Pc (Brak uśredniania (pojedyncza wartość))[Średnia] | F1: =F4 -> Pt[Średnia] | G1: =G4 -> Pa[Średnia] | H1: =H4 -> Pq[Średnia] | I1: =I4 -> Psk[Średnia] | ... O1: =O4 -> PPc (Brak uśredniania (pojedyncza wartość))[Średnia]
C2: 4 | D2: =C2+4 -> 8 | E2: =D2+4 -> 12 | F2: =E2+4 -> 16 | G2: =F2+4 -> 20 | H2: =G2+4 -> 24 | I2: =H2+4 -> 28 | J2: =I2+4 -> 32 | K2: =J2+4 -> 36 | ... O2: =N2+4 -> 52
B3: =Baza!R1 -> 40 | C3: =OFFSET(Baza!$R1,0,C$2) -> 40 | D3: =OFFSET(Baza!$R1,0,D$2) -> 40 | E3: =OFFSET(Baza!$R1,0,E$2) -> 40 | F3: =OFFSET(Baza!$R1,0,F$2) -> 40 | G3: =OFFSET(Baza!$R1,0,G$2) -> 40 | H3: =OFFSET(Baza!$R1,0,H$2) -> 40 | I3: =OFFSET(Baza!$R1,0,I$2) -> 40 | J3: =OFFSET(Baza!$R1,0,J$2) -> 40 | ... O3: =OFFSET(Baza!$R1,0,O$2) -> 40
B4: =Baza!R2 -> Pp[Średnia] | C4: =OFFSET(Baza!$R2,0,C$2) -> Pv[Średnia] | D4: =OFFSET(Baza!$R2,0,D$2) -> Pz[Średnia] | E4: =OFFSET(Baza!$R2,0,E$2) -> Pc (Brak uśredniania (pojedyncza wartość))[Średnia] | F4: =OFFSET(Baza!$R2,0,F$2) -> Pt[Średnia] | G4: =OFFSET(Baza!$R2,0,G$2) -> Pa[Średnia] | H4: =OFFSET(Baza!$R2,0,H$2) -> Pq[Średnia] | I4: =OFFSET(Baza!$R2,0,I$2) -> Psk[Średnia] | J4: =OFFSET(Baza!$R2,0,J$2) -> Pku[Średnia] | ... O4: =OFFSET(Baza!$R2,0,O$2) -> PPc (Brak uśredniania (pojedyncza wartość))[Średnia]
B5: =Baza!R3 -> µm | C5: =OFFSET(Baza!$R3,0,C$2) -> µm | D5: =OFFSET(Baza!$R3,0,D$2) -> µm | E5: =OFFSET(Baza!$R3,0,E$2) -> µm | F5: =OFFSET(Baza!$R3,0,F$2) -> µm | G5: =OFFSET(Baza!$R3,0,G$2) -> µm | H5: =OFFSET(Baza!$R3,0,H$2) -> µm | I5: =OFFSET(Baza!$R3,0,I$2) -> <no unit> | J5: =OFFSET(Baza!$R3,0,J$2) -> <no unit> | ... O5: =OFFSET(Baza!$R3,0,O$2) -> 1/cm
A6: Conf blue | B6: =Baza!R4 -> 4.0615357 | C6: =OFFSET(Baza!$R4,0,C$2) -> 5.1039729 | D6: =OFFSET(Baza!$R4,0,D$2) -> 9.1655086 | E6: =OFFSET(Baza!$R4,0,E$2) -> 2.6242575 | F6: =OFFSET(Baza!$R4,0,F$2) -> 9.1655086 | G6: =OFFSET(Baza!$R4,0,G$2) -> 1.481582 | H6: =OFFSET(Baza!$R4,0,H$2) -> 1.8218759 | I6: =OFFSET(Baza!$R4,0,I$2) -> -0.21600119 | J6: =OFFSET(Baza!$R4,0,J$2) -> 2.7188979 | ... O6: =OFFSET(Baza!$R4,0,O$2) -> 51.059919
A7: Conf green | B7: =Baza!R5 -> 4.1420262 | C7: =OFFSET(Baza!$R5,0,C$2) -> 5.7146025 | D7: =OFFSET(Baza!$R5,0,D$2) -> 9.8566287 | E7: =OFFSET(Baza!$R5,0,E$2) -> 2.8363811 | F7: =OFFSET(Baza!$R5,0,F$2) -> 9.8566287 | G7: =OFFSET(Baza!$R5,0,G$2) -> 1.5392395 | H7: =OFFSET(Baza!$R5,0,H$2) -> 1.897307 | I7: =OFFSET(Baza!$R5,0,I$2) -> -0.22343086 | J7: =OFFSET(Baza!$R5,0,J$2) -> 2.7634359 | ... O7: =OFFSET(Baza!$R5,0,O$2) -> 54.160623
A8: Conf red | B8: =Baza!R6 -> 4.2939966 | C8: =OFFSET(Baza!$R6,0,C$2) -> 6.2516594 | D8: =OFFSET(Baza!$R6,0,D$2) -> 10.545656 | E8: =OFFSET(Baza!$R6,0,E$2) -> 3.0019591 | F8: =OFFSET(Baza!$R6,0,F$2) -> 10.545656 | G8: =OFFSET(Baza!$R6,0,G$2) -> 1.5933827 | H8: =OFFSET(Baza!$R6,0,H$2) -> 1.9672595 | I8: =OFFSET(Baza!$R6,0,I$2) -> -0.2657975 | J8: =OFFSET(Baza!$R6,0,J$2) -> 2.8243852 | ... O8: =OFFSET(Baza!$R6,0,O$2) -> 59.752294
A9: Fusion blue | B9: =Baza!R7 -> 4.7858014 | C9: =OFFSET(Baza!$R7,0,C$2) -> 5.5009768 | D9: =OFFSET(Baza!$R7,0,D$2) -> 10.286778 | E9: =OFFSET(Baza!$R7,0,E$2) -> 2.7334566 | F9: =OFFSET(Baza!$R7,0,F$2) -> 10.286778 | G9: =OFFSET(Baza!$R7,0,G$2) -> 1.5155022 | H9: =OFFSET(Baza!$R7,0,H$2) -> 1.8666522 | I9: =OFFSET(Baza!$R7,0,I$2) -> -0.2053074 | J9: =OFFSET(Baza!$R7,0,J$2) -> 2.750737 | ... O9: =OFFSET(Baza!$R7,0,O$2) -> 77.274263
A10: Fusion green | B10: =Baza!R8 -> 4.478873 | C10: =OFFSET(Baza!$R8,0,C$2) -> 6.2854519 | D10: =OFFSET(Baza!$R8,0,D$2) -> 10.764325 | E10: =OFFSET(Baza!$R8,0,E$2) -> 2.9758351 | F10: =OFFSET(Baza!$R8,0,F$2) -> 10.764325 | G10: =OFFSET(Baza!$R8,0,G$2) -> 1.5926525 | H10: =OFFSET(Baza!$R8,0,H$2) -> 1.966459 | I10: =OFFSET(Baza!$R8,0,I$2) -> -0.24608106 | J10: =OFFSET(Baza!$R8,0,J$2) -> 2.8016254 | ... O10: =OFFSET(Baza!$R8,0,O$2) -> 81.50527
A11: Fusion red | B11: =Baza!R9 -> 4.653049 | C11: =OFFSET(Baza!$R9,0,C$2) -> 6.9150051 | D11: =OFFSET(Baza!$R9,0,D$2) -> 11.568054 | E11: =OFFSET(Baza!$R9,0,E$2) -> 3.2073735 | F11: =OFFSET(Baza!$R9,0,F$2) -> 11.568054 | G11: =OFFSET(Baza!$R9,0,G$2) -> 1.6544158 | H11: =OFFSET(Baza!$R9,0,H$2) -> 2.0466659 | I11: =OFFSET(Baza!$R9,0,I$2) -> -0.29434103 | J11: =OFFSET(Baza!$R9,0,J$2) -> 2.8814754 | ... O11: =OFFSET(Baza!$R9,0,O$2) -> 88.618397
A12: FV blue | B12: =Baza!R10 -> 4.1899001 | C12: =OFFSET(Baza!$R10,0,C$2) -> 5.071201 | D12: =OFFSET(Baza!$R10,0,D$2) -> 9.261101 | E12: =OFFSET(Baza!$R10,0,E$2) -> 2.8176206 | F12: =OFFSET(Baza!$R10,0,F$2) -> 9.261101 | G12: =OFFSET(Baza!$R10,0,G$2) -> 1.4934446 | H12: =OFFSET(Baza!$R10,0,H$2) -> 1.8407949 | I12: =OFFSET(Baza!$R10,0,I$2) -> -0.21578669 | J12: =OFFSET(Baza!$R10,0,J$2) -> 2.7742621 | ... O12: =OFFSET(Baza!$R10,0,O$2) -> 42.378797
A13: FV green | B13: =Baza!R11 -> 3.6561587 | C13: =OFFSET(Baza!$R11,0,C$2) -> 4.7920654 | D13: =OFFSET(Baza!$R11,0,D$2) -> 8.448224 | E13: =OFFSET(Baza!$R11,0,E$2) -> 2.8139282 | F13: =OFFSET(Baza!$R11,0,F$2) -> 8.448224 | G13: =OFFSET(Baza!$R11,0,G$2) -> 1.4427508 | H13: =OFFSET(Baza!$R11,0,H$2) -> 1.7678597 | I13: =OFFSET(Baza!$R11,0,I$2) -> -0.31721197 | J13: =OFFSET(Baza!$R11,0,J$2) -> 2.7160188 | ... O13: =OFFSET(Baza!$R11,0,O$2) -> 34.671805
A14: FV red | B14: =Baza!R12 -> 3.8574188 | C14: =OFFSET(Baza!$R12,0,C$2) -> 5.0027772 | D14: =OFFSET(Baza!$R12,0,D$2) -> 8.860196 | E14: =OFFSET(Baza!$R12,0,E$2) -> 2.8552111 | F14: =OFFSET(Baza!$R12,0,F$2) -> 8.860196 | G14: =OFFSET(Baza!$R12,0,G$2) -> 1.4522185 | H14: =OFFSET(Baza!$R12,0,H$2) -> 1.7790401 | I14: =OFFSET(Baza!$R12,0,I$2) -> -0.3825581 | J14: =OFFSET(Baza!$R12,0,J$2) -> 2.7595101 | ... O14: =OFFSET(Baza!$R12,0,O$2) -> 41.466074
A15: Int blue | B15: =Baza!R13 -> 4.0494064 | C15: =OFFSET(Baza!$R13,0,C$2) -> 5.1105728 | D15: =OFFSET(Baza!$R13,0,D$2) -> 9.1599792 | E15: =OFFSET(Baza!$R13,0,E$2) -> 2.9937222 | F15: =OFFSET(Baza!$R13,0,F$2) -> 9.1599792 | G15: =OFFSET(Baza!$R13,0,G$2) -> 1.5384178 | H15: =OFFSET(Baza!$R13,0,H$2) -> 1.887862 | I15: =OFFSET(Baza!$R13,0,I$2) -> -0.19649495 | J15: =OFFSET(Baza!$R13,0,J$2) -> 2.6605687 | ... O15: =OFFSET(Baza!$R13,0,O$2) -> 53.045535
A16: Int gree | B16: =Baza!R14 -> 3.7404131 | C16: =OFFSET(Baza!$R14,0,C$2) -> 4.6088508 | D16: =OFFSET(Baza!$R14,0,D$2) -> 8.3492639 | E16: =OFFSET(Baza!$R14,0,E$2) -> 3.4873557 | F16: =OFFSET(Baza!$R14,0,F$2) -> 8.3492639 | G16: =OFFSET(Baza!$R14,0,G$2) -> 1.4856527 | H16: =OFFSET(Baza!$R14,0,H$2) -> 1.824741 | I16: =OFFSET(Baza!$R14,0,I$2) -> -0.21325555 | J16: =OFFSET(Baza!$R14,0,J$2) -> 2.6809086 | ... O16: =OFFSET(Baza!$R14,0,O$2) -> 24.468871
A17: Int red | B17: =Baza!R15 -> 3.900812 | C17: =OFFSET(Baza!$R15,0,C$2) -> 4.7020194 | D17: =OFFSET(Baza!$R15,0,D$2) -> 8.6028314 | E17: =OFFSET(Baza!$R15,0,E$2) -> 3.2511275 | F17: =OFFSET(Baza!$R15,0,F$2) -> 8.6028314 | G17: =OFFSET(Baza!$R15,0,G$2) -> 1.4809276 | H17: =OFFSET(Baza!$R15,0,H$2) -> 1.8199904 | I17: =OFFSET(Baza!$R15,0,I$2) -> -0.21573587 | J17: =OFFSET(Baza!$R15,0,J$2) -> 2.7029724 | ... O17: =OFFSET(Baza!$R15,0,O$2) -> 27.039954
A18: Int white | B18: =Baza!R16 -> 3.7416148 | C18: =OFFSET(Baza!$R16,0,C$2) -> 4.5951263 | D18: =OFFSET(Baza!$R16,0,D$2) -> 8.336741 | E18: =OFFSET(Baza!$R16,0,E$2) -> 3.5254881 | F18: =OFFSET(Baza!$R16,0,F$2) -> 8.336741 | G18: =OFFSET(Baza!$R16,0,G$2) -> 1.4831546 | H18: =OFFSET(Baza!$R16,0,H$2) -> 1.8208715 | I18: =OFFSET(Baza!$R16,0,I$2) -> -0.21266298 | J18: =OFFSET(Baza!$R16,0,J$2) -> 2.675756 | ... O18: =OFFSET(Baza!$R16,0,O$2) -> 23.514

Sheet Par_P_05
B1: =B4 -> Pp[Średnia] | C1: =C4 -> Pv[Średnia] | D1: =D4 -> Pz[Średnia] | E1: =E4 -> Pc (Brak uśredniania (pojedyncza wartość))[Średnia] | F1: =F4 -> Pt[Średnia] | G1: =G4 -> Pa[Średnia] | H1: =H4 -> Pq[Średnia] | I1: =I4 -> Psk[Średnia] | ... O1: =O4 -> PPc (Brak uśredniania (pojedyncza wartość))[Średnia]
B2: O ile przesunięte | C2: 4 | D2: =C2+4 -> 8 | E2: =D2+4 -> 12 | F2: =E2+4 -> 16 | G2: =F2+4 -> 20 | H2: =G2+4 -> 24 | I2: =H2+4 -> 28 | J2: =I2+4 -> 32 | K2: =J2+4 -> 36 | ... P2: =O2+4 -> 56
B3: =Baza!BV1 -> 41 | C3: =OFFSET(Baza!$BV1,0,C$2) -> 41 | D3: =OFFSET(Baza!$BV1,0,D$2) -> 41 | E3: =OFFSET(Baza!$BV1,0,E$2) -> 41 | F3: =OFFSET(Baza!$BV1,0,F$2) -> 41 | G3: =OFFSET(Baza!$BV1,0,G$2) -> 41 | H3: =OFFSET(Baza!$BV1,0,H$2) -> 41 | I3: =OFFSET(Baza!$BV1,0,I$2) -> 41 | J3: =OFFSET(Baza!$BV1,0,J$2) -> 41 | ... O3: =OFFSET(Baza!$BV1,0,O$2) -> 41
B4: =Baza!BV2 -> Pp[Średnia] | C4: =OFFSET(Baza!$BV2,0,C$2) -> Pv[Średnia] | D4: =OFFSET(Baza!$BV2,0,D$2) -> Pz[Średnia] | E4: =OFFSET(Baza!$BV2,0,E$2) -> Pc (Brak uśredniania (pojedyncza wartość))[Średnia] | F4: =OFFSET(Baza!$BV2,0,F$2) -> Pt[Średnia] | G4: =OFFSET(Baza!$BV2,0,G$2) -> Pa[Średnia] | H4: =OFFSET(Baza!$BV2,0,H$2) -> Pq[Średnia] | I4: =OFFSET(Baza!$BV2,0,I$2) -> Psk[Średnia] | J4: =OFFSET(Baza!$BV2,0,J$2) -> Pku[Średnia] | ... O4: =OFFSET(Baza!$BV2,0,O$2) -> PPc (Brak uśredniania (pojedyncza wartość))[Średnia]
B5: =Baza!BV3 -> µm | C5: =OFFSET(Baza!$BV3,0,C$2) -> µm | D5: =OFFSET(Baza!$BV3,0,D$2) -> µm | E5: =OFFSET(Baza!$BV3,0,E$2) -> µm | F5: =OFFSET(Baza!$BV3,0,F$2) -> µm | G5: =OFFSET(Baza!$BV3,0,G$2) -> µm | H5: =OFFSET(Baza!$BV3,0,H$2) -> µm | I5: =OFFSET(Baza!$BV3,0,I$2) -> <no unit> | J5: =OFFSET(Baza!$BV3,0,J$2) -> <no unit> | ... O5: =OFFSET(Baza!$BV3,0,O$2) -> 1/cm
A6: Conf blue | B6: =Baza!BV4 -> 3.7062505 | C6: =OFFSET(Baza!$BV4,0,C$2) -> 4.7812699 | D6: =OFFSET(Baza!$BV4,0,D$2) -> 8.4875204 | E6: =OFFSET(Baza!$BV4,0,E$2) -> 2.5237056 | F6: =OFFSET(Baza!$BV4,0,F$2) -> 8.4875204 | G6: =OFFSET(Baza!$BV4,0,G$2) -> 1.4732144 | H6: =OFFSET(Baza!$BV4,0,H$2) -> 1.804579 | I6: =OFFSET(Baza!$BV4,0,I$2) -> -0.20281467 | J6: =OFFSET(Baza!$BV4,0,J$2) -> 2.6394707 | ... O6: =OFFSET(Baza!$BV4,0,O$2) -> 52.744253
A7: Conf green | B7: =Baza!BV5 -> 3.8568605 | C7: =OFFSET(Baza!$BV5,0,C$2) -> 5.117017 | D7: =OFFSET(Baza!$BV5,0,D$2) -> 8.9738775 | E7: =OFFSET(Baza!$BV5,0,E$2) -> 2.7097543 | F7: =OFFSET(Baza!$BV5,0,F$2) -> 8.9738775 | G7: =OFFSET(Baza!$BV5,0,G$2) -> 1.5301573 | H7: =OFFSET(Baza!$BV5,0,H$2) -> 1.8776355 | I7: =OFFSET(Baza!$BV5,0,I$2) -> -0.19827333 | J7: =OFFSET(Baza!$BV5,0,J$2) -> 2.6494444 | ... O7: =OFFSET(Baza!$BV5,0,O$2) -> 56.528697
A8: Conf red | B8: =Baza!BV6 -> 3.9710088 | C8: =OFFSET(Baza!$BV6,0,C$2) -> 5.4663478 | D8: =OFFSET(Baza!$BV6,0,D$2) -> 9.4373566 | E8: =OFFSET(Baza!$BV6,0,E$2) -> 2.8649188 | F8: =OFFSET(Baza!$BV6,0,F$2) -> 9.4373566 | G8: =OFFSET(Baza!$BV6,0,G$2) -> 1.5825289 | H8: =OFFSET(Baza!$BV6,0,H$2) -> 1.9433457 | I8: =OFFSET(Baza!$BV6,0,I$2) -> -0.23174436 | J8: =OFFSET(Baza!$BV6,0,J$2) -> 2.6746254 | ... O8: =OFFSET(Baza!$BV6,0,O$2) -> 62.214788
A9: Fusion blue | B9: =Baza!BV7 -> 3.8738846 | C9: =OFFSET(Baza!$BV7,0,C$2) -> 5.0406649 | D9: =OFFSET(Baza!$BV7,0,D$2) -> 8.9145495 | E9: =OFFSET(Baza!$BV7,0,E$2) -> 2.5701759 | F9: =OFFSET(Baza!$BV7,0,F$2) -> 8.9145495 | G9: =OFFSET(Baza!$BV7,0,G$2) -> 1.5023659 | H9: =OFFSET(Baza!$BV7,0,H$2) -> 1.840391 | I9: =OFFSET(Baza!$BV7,0,I$2) -> -0.2028904 | J9: =OFFSET(Baza!$BV7,0,J$2) -> 2.6348082 | ... O9: =OFFSET(Baza!$BV7,0,O$2) -> 81.785649
A10: Fusion green | B10: =Baza!BV8 -> 4.0154252 | C10: =OFFSET(Baza!$BV8,0,C$2) -> 5.4775201 | D10: =OFFSET(Baza!$BV8,0,D$2) -> 9.4929453 | E10: =OFFSET(Baza!$BV8,0,E$2) -> 2.8361464 | F10: =OFFSET(Baza!$BV8,0,F$2) -> 9.4929453 | G10: =OFFSET(Baza!$BV8,0,G$2) -> 1.5812863 | H10: =OFFSET(Baza!$BV8,0,H$2) -> 1.9420464 | I10: =OFFSET(Baza!$BV8,0,I$2) -> -0.22044927 | J10: =OFFSET(Baza!$BV8,0,J$2) -> 2.6640172 | ... O10: =OFFSET(Baza!$BV8,0,O$2) -> 85.455063
A11: Fusion red | B11: =Baza!BV9 -> 4.1505045 | C11: =OFFSET(Baza!$BV9,0,C$2) -> 5.8662068 | D11: =OFFSET(Baza!$BV9,0,D$2) -> 10.016711 | E11: =OFFSET(Baza!$BV9,0,E$2) -> 3.0443907 | F11: =OFFSET(Baza!$BV9,0,F$2) -> 10.016711 | G11: =OFFSET(Baza!$BV9,0,G$2) -> 1.6409648 | H11: =OFFSET(Baza!$BV9,0,H$2) -> 2.0171346 | I11: =OFFSET(Baza!$BV9,0,I$2) -> -0.25628513 | J11: =OFFSET(Baza!$BV9,0,J$2) -> 2.6960809 | ... O11: =OFFSET(Baza!$BV9,0,O$2) -> 93.264183
A12: FV blue | B12: =Baza!BV10 -> 3.9298935 | C12: =OFFSET(Baza!$BV10,0,C$2) -> 4.7626415 | D12: =OFFSET(Baza!$BV10,0,D$2) -> 8.6925349 | E12: =OFFSET(Baza!$BV10,0,E$2) -> 2.734961 | F12: =OFFSET(Baza!$BV10,0,F$2) -> 8.6925349 | G12: =OFFSET(Baza!$BV10,0,G$2) -> 1.4878119 | H12: =OFFSET(Baza!$BV10,0,H$2) -> 1.8279546 | I12: =OFFSET(Baza!$BV10,0,I$2) -> -0.20414575 | J12: =OFFSET(Baza!$BV10,0,J$2) -> 2.6931733 | ... O12: =OFFSET(Baza!$BV10,0,O$2) -> 43.352473
A13: FV green | B13: =Baza!BV11 -> 3.4048183 | C13: =OFFSET(Baza!$BV11,0,C$2) -> 4.5494645 | D13: =OFFSET(Baza!$BV11,0,D$2) -> 7.9542828 | E13: =OFFSET(Baza!$BV11,0,E$2) -> 2.7333193 | F13: =OFFSET(Baza!$BV11,0,F$2) -> 7.9542828 | G13: =OFFSET(Baza!$BV11,0,G$2) -> 1.4371193 | H13: =OFFSET(Baza!$BV11,0,H$2) -> 1.7553412 | I13: =OFFSET(Baza!$BV11,0,I$2) -> -0.30306096 | J13: =OFFSET(Baza!$BV11,0,J$2) -> 2.6393273 | ... O13: =OFFSET(Baza!$BV11,0,O$2) -> 35.386446
A14: FV red | B14: =Baza!BV12 -> 3.4165649 | C14: =OFFSET(Baza!$BV12,0,C$2) -> 4.7270931 | D14: =OFFSET(Baza!$BV12,0,D$2) -> 8.143658 | E14: =OFFSET(Baza!$BV12,0,E$2) -> 2.753306 | F14: =OFFSET(Baza!$BV12,0,F$2) -> 8.143658 | G14: =OFFSET(Baza!$BV12,0,G$2) -> 1.4456263 | H14: =OFFSET(Baza!$BV12,0,H$2) -> 1.7643693 | I14: =OFFSET(Baza!$BV12,0,I$2) -> -0.37141854 | J14: =OFFSET(Baza!$BV12,0,J$2) -> 2.6686125 | ... O14: =OFFSET(Baza!$BV12,0,O$2) -> 42.642092
A15: Int blue | B15: =Baza!BV13 -> 3.7624491 | C15: =OFFSET(Baza!$BV13,0,C$2) -> 4.7780862 | D15: =OFFSET(Baza!$BV13,0,D$2) -> 8.5405352 | E15: =OFFSET(Baza!$BV13,0,E$2) -> 2.9085473 | F15: =OFFSET(Baza!$BV13,0,F$2) -> 8.5405352 | G15: =OFFSET(Baza!$BV13,0,G$2) -> 1.5249372 | H15: =OFFSET(Baza!$BV13,0,H$2) -> 1.8628751 | I15: =OFFSET(Baza!$BV13,0,I$2) -> -0.17767661 | J15: =OFFSET(Baza!$BV13,0,J$2) -> 2.5747238 | ... O15: =OFFSET(Baza!$BV13,0,O$2) -> 54.306712
A16: Int gree | B16: =Baza!BV14 -> 3.5719573 | C16: =OFFSET(Baza!$BV14,0,C$2) -> 4.3976837 | D16: =OFFSET(Baza!$BV14,0,D$2) -> 7.969641 | E16: =OFFSET(Baza!$BV14,0,E$2) -> 3.4001477 | F16: =OFFSET(Baza!$BV14,0,F$2) -> 7.969641 | G16: =OFFSET(Baza!$BV14,0,G$2) -> 1.4743947 | H16: =OFFSET(Baza!$BV14,0,H$2) -> 1.8041452 | I16: =OFFSET(Baza!$BV14,0,I$2) -> -0.20193806 | J16: =OFFSET(Baza!$BV14,0,J$2) -> 2.6061924 | ... O16: =OFFSET(Baza!$BV14,0,O$2) -> 24.829113
A17: Int red | B17: =Baza!BV15 -> 3.6625218 | C17: =OFFSET(Baza!$BV15,0,C$2) -> 4.4766908 | D17: =OFFSET(Baza!$BV15,0,D$2) -> 8.1392126 | E17: =OFFSET(Baza!$BV15,0,E$2) -> 3.150818 | F17: =OFFSET(Baza!$BV15,0,F$2) -> 8.1392126 | G17: =OFFSET(Baza!$BV15,0,G$2) -> 1.4720912 | H17: =OFFSET(Baza!$BV15,0,H$2) -> 1.8023693 | I17: =OFFSET(Baza!$BV15,0,I$2) -> -0.20636376 | J17: =OFFSET(Baza!$BV15,0,J$2) -> 2.6216645 | ... O17: =OFFSET(Baza!$BV15,0,O$2) -> 27.665159
A18: Int white | B18: =Baza!BV16 -> 3.5734759 | C18: =OFFSET(Baza!$BV16,0,C$2) -> 4.3853147 | D18: =OFFSET(Baza!$BV16,0,D$2) -> 7.9587906 | E18: =OFFSET(Baza!$BV16,0,E$2) -> 3.4644198 | F18: =OFFSET(Baza!$BV16,0,F$2) -> 7.9587906 | G18: =OFFSET(Baza!$BV16,0,G$2) -> 1.4724893 | H18: =OFFSET(Baza!$BV16,0,H$2) -> 1.8012366 | I18: =OFFSET(Baza!$BV16,0,I$2) -> -0.20191185 | J18: =OFFSET(Baza!$BV16,0,J$2) -> 2.6025716 | ... O18: =OFFSET(Baza!$BV16,0,O$2) -> 23.708818

Sheet Par_R_005
B1: =B4 -> Rp[Średnia] | C1: =C4 -> Rv[Średnia] | D1: =D4 -> Rz[Średnia] | E1: =E4 -> Rc (Brak uśredniania (pojedyncza wartość))[Średnia] | F1: =F4 -> Rt[Średnia] | G1: =G4 -> Ra[Średnia] | H1: =H4 -> Rq[Średnia] | I1: =I4 -> Rsk[Średnia] | ... T1: =T4 -> RPc (Brak uśredniania (pojedyncza wartość))[Średnia] | U1: Rp/Rv
B2: O ile przesunięte | C2: 4 | D2: =C2+4 -> 8 | E2: =D2+4 -> 12 | F2: =E2+4 -> 16 | G2: =F2+4 -> 20 | H2: =G2+4 -> 24 | I2: =H2+4 -> 28 | J2: =I2+4 -> 32 | K2: =J2+4 -> 36 | ... W2: =V2+4 -> 84
B3: =Baza!DZ1 -> 50 | C3: =OFFSET(Baza!$DZ1,0,C$2) -> 50 | D3: =OFFSET(Baza!$DZ1,0,D$2) -> 50 | E3: =OFFSET(Baza!$DZ1,0,E$2) -> 50 | F3: =OFFSET(Baza!$DZ1,0,F$2) -> 50 | G3: =OFFSET(Baza!$DZ1,0,G$2) -> 50 | H3: =OFFSET(Baza!$DZ1,0,H$2) -> 50 | I3: =OFFSET(Baza!$DZ1,0,I$2) -> 50 | J3: =OFFSET(Baza!$DZ1,0,J$2) -> 50 | ... T3: =OFFSET(Baza!$DZ1,0,T$2) -> 50
B4: =Baza!DZ2 -> Rp[Średnia] | C4: =OFFSET(Baza!$DZ2,0,C$2) -> Rv[Średnia] | D4: =OFFSET(Baza!$DZ2,0,D$2) -> Rz[Średnia] | E4: =OFFSET(Baza!$DZ2,0,E$2) -> Rc (Brak uśredniania (pojedyncza wartość))[Średnia] | F4: =OFFSET(Baza!$DZ2,0,F$2) -> Rt[Średnia] | G4: =OFFSET(Baza!$DZ2,0,G$2) -> Ra[Średnia] | H4: =OFFSET(Baza!$DZ2,0,H$2) -> Rq[Średnia] | I4: =OFFSET(Baza!$DZ2,0,I$2) -> Rsk[Średnia] | J4: =OFFSET(Baza!$DZ2,0,J$2) -> Rku[Średnia] | ... T4: =OFFSET(Baza!$DZ2,0,T$2) -> RPc (Brak uśredniania (pojedyncza wartość))[Średnia]
B5: =Baza!DZ3 -> µm | C5: =OFFSET(Baza!$DZ3,0,C$2) -> µm | D5: =OFFSET(Baza!$DZ3,0,D$2) -> µm | E5: =OFFSET(Baza!$DZ3,0,E$2) -> µm | F5: =OFFSET(Baza!$DZ3,0,F$2) -> µm | G5: =OFFSET(Baza!$DZ3,0,G$2) -> µm | H5: =OFFSET(Baza!$DZ3,0,H$2) -> µm | I5: =OFFSET(Baza!$DZ3,0,I$2) -> <no unit> | J5: =OFFSET(Baza!$DZ3,0,J$2) -> <no unit> | ... T5: =OFFSET(Baza!$DZ3,0,T$2) -> 1/cm
A6: Conf blue | B6: =Baza!DZ4 -> 2.4914421 | C6: =OFFSET(Baza!$DZ4,0,C$2) -> 2.245926 | D6: =OFFSET(Baza!$DZ4,0,D$2) -> 4.7373681 | E6: =OFFSET(Baza!$DZ4,0,E$2) -> 1.7445872 | F6: =OFFSET(Baza!$DZ4,0,F$2) -> 7.5676523 | G6: =OFFSET(Baza!$DZ4,0,G$2) -> 0.71013537 | H6: =OFFSET(Baza!$DZ4,0,H$2) -> 0.91222289 | I6: =OFFSET(Baza!$DZ4,0,I$2) -> 0.20449238 | J6: =OFFSET(Baza!$DZ4,0,J$2) -> 3.4577797 | ... T6: =OFFSET(Baza!$DZ4,0,T$2) -> 118.73117 | U6: =B6/C6 -> 1.1093162
A7: Conf green | B7: =Baza!DZ5 -> 2.5409285 | C7: =OFFSET(Baza!$DZ5,0,C$2) -> 2.6773571 | D7: =OFFSET(Baza!$DZ5,0,D$2) -> 5.2182856 | E7: =OFFSET(Baza!$DZ5,0,E$2) -> 1.951172 | F7: =OFFSET(Baza!$DZ5,0,F$2) -> 8.1170534 | G7: =OFFSET(Baza!$DZ5,0,G$2) -> 0.76799843 | H7: =OFFSET(Baza!$DZ5,0,H$2) -> 0.98760773 | I7: =OFFSET(Baza!$DZ5,0,I$2) -> 0.030481721 | J7: =OFFSET(Baza!$DZ5,0,J$2) -> 3.466975 | ... T7: =OFFSET(Baza!$DZ5,0,T$2) -> 121.43831 | U7: =B7/C7 -> 0.94904354
A8: Conf red | B8: =Baza!DZ6 -> 2.6706858 | C8: =OFFSET(Baza!$DZ6,0,C$2) -> 3.0203438 | D8: =OFFSET(Baza!$DZ6,0,D$2) -> 5.6910296 | E8: =OFFSET(Baza!$DZ6,0,E$2) -> 2.1394199 | F8: =OFFSET(Baza!$DZ6,0,F$2) -> 8.6863531 | G8: =OFFSET(Baza!$DZ6,0,G$2) -> 0.82519233 | H8: =OFFSET(Baza!$DZ6,0,H$2) -> 1.0618091 | I8: =OFFSET(Baza!$DZ6,0,I$2) -> -0.077884617 | J8: =OFFSET(Baza!$DZ6,0,J$2) -> 3.4992145 | ... T8: =OFFSET(Baza!$DZ6,0,T$2) -> 127.42923 | U8: =B8/C8 -> 0.88423238
A9: Fusion blue | B9: =Baza!DZ7 -> 2.9776515 | C9: =OFFSET(Baza!$DZ7,0,C$2) -> 2.6641631 | D9: =OFFSET(Baza!$DZ7,0,D$2) -> 5.6418146 | E9: =OFFSET(Baza!$DZ7,0,E$2) -> 1.9790711 | F9: =OFFSET(Baza!$DZ7,0,F$2) -> 8.6443799 | G9: =OFFSET(Baza!$DZ7,0,G$2) -> 0.77868927 | H9: =OFFSET(Baza!$DZ7,0,H$2) -> 1.0040965 | I9: =OFFSET(Baza!$DZ7,0,I$2) -> 0.19271982 | J9: =OFFSET(Baza!$DZ7,0,J$2) -> 3.6639679 | ... T9: =OFFSET(Baza!$DZ7,0,T$2) -> 163.64931 | U9: =B9/C9 -> 1.1176686
A10: Fusion green | B10: =Baza!DZ8 -> 2.9111468 | C10: =OFFSET(Baza!$DZ8,0,C$2) -> 3.2787251 | D10: =OFFSET(Baza!$DZ8,0,D$2) -> 6.1898719 | E10: =OFFSET(Baza!$DZ8,0,E$2) -> 2.246367 | F10: =OFFSET(Baza!$DZ8,0,F$2) -> 9.2362774 | G10: =OFFSET(Baza!$DZ8,0,G$2) -> 0.85832251 | H10: =OFFSET(Baza!$DZ8,0,H$2) -> 1.104544 | I10: =OFFSET(Baza!$DZ8,0,I$2) -> -0.069238029 | J10: =OFFSET(Baza!$DZ8,0,J$2) -> 3.5772249 | ... T10: =OFFSET(Baza!$DZ8,0,T$2) -> 162.67493 | U10: =B10/C10 -> 0.88788986
A11: Fusion red | B11: =Baza!DZ9 -> 3.0589421 | C11: =OFFSET(Baza!$DZ9,0,C$2) -> 3.6677056 | D11: =OFFSET(Baza!$DZ9,0,D$2) -> 6.7266477 | E11: =OFFSET(Baza!$DZ9,0,E$2) -> 2.4700698 | F11: =OFFSET(Baza!$DZ9,0,F$2) -> 9.8961307 | G11: =OFFSET(Baza!$DZ9,0,G$2) -> 0.9269243 | H11: =OFFSET(Baza!$DZ9,0,H$2) -> 1.1938267 | I11: =OFFSET(Baza!$DZ9,0,I$2) -> -0.17802353 | J11: =OFFSET(Baza!$DZ9,0,J$2) -> 3.6096056 | ... T11: =OFFSET(Baza!$DZ9,0,T$2) -> 169.99742 | U11: =B11/C11 -> 0.83402062
A12: FV blue | B12: =Baza!DZ10 -> 2.3349764 | C12: =OFFSET(Baza!$DZ10,0,C$2) -> 2.1692239 | D12: =OFFSET(Baza!$DZ10,0,D$2) -> 4.5042003 | E12: =OFFSET(Baza!$DZ10,0,E$2) -> 1.8296067 | F12: =OFFSET(Baza!$DZ10,0,F$2) -> 7.0521157 | G12: =OFFSET(Baza!$DZ10,0,G$2) -> 0.72180661 | H12: =OFFSET(Baza!$DZ10,0,H$2) -> 0.91973465 | I12: =OFFSET(Baza!$DZ10,0,I$2) -> 0.12861161 | J12: =OFFSET(Baza!$DZ10,0,J$2) -> 3.2143302 | ... T12: =OFFSET(Baza!$DZ10,0,T$2) -> 102.75454 | U12: =B12/C12 -> 1.076411
A13: FV green | B13: =Baza!DZ11 -> 2.138007 | C13: =OFFSET(Baza!$DZ11,0,C$2) -> 1.9232653 | D13: =OFFSET(Baza!$DZ11,0,D$2) -> 4.0612723 | E13: =OFFSET(Baza!$DZ11,0,E$2) -> 1.7362578 | F13: =OFFSET(Baza!$DZ11,0,F$2) -> 6.5080956 | G13: =OFFSET(Baza!$DZ11,0,G$2) -> 0.67660209 | H13: =OFFSET(Baza!$DZ11,0,H$2) -> 0.85822315 | I13: =OFFSET(Baza!$DZ11,0,I$2) -> 0.14633426 | J13: =OFFSET(Baza!$DZ11,0,J$2) -> 3.1458896 | ... T13: =OFFSET(Baza!$DZ11,0,T$2) -> 83.74702 | U13: =B13/C13 -> 1.1116547
A14: FV red | B14: =Baza!DZ12 -> 2.3345483 | C14: =OFFSET(Baza!$DZ12,0,C$2) -> 2.1007509 | D14: =OFFSET(Baza!$DZ12,0,D$2) -> 4.4352991 | E14: =OFFSET(Baza!$DZ12,0,E$2) -> 1.9373316 | F14: =OFFSET(Baza!$DZ12,0,F$2) -> 6.872057 | G14: =OFFSET(Baza!$DZ12,0,G$2) -> 0.73129218 | H14: =OFFSET(Baza!$DZ12,0,H$2) -> 0.92191306 | I14: =OFFSET(Baza!$DZ12,0,I$2) -> 0.11094412 | J14: =OFFSET(Baza!$DZ12,0,J$2) -> 3.0877811 | ... T14: =OFFSET(Baza!$DZ12,0,T$2) -> 91.396309 | U14: =B14/C14 -> 1.1112923
A15: Int blue | B15: =Baza!DZ13 -> 2.6212654 | C15: =OFFSET(Baza!$DZ13,0,C$2) -> 2.368871 | D15: =OFFSET(Baza!$DZ13,0,D$2) -> 4.9901365 | E15: =OFFSET(Baza!$DZ13,0,E$2) -> 2.1065467 | F15: =OFFSET(Baza!$DZ13,0,F$2) -> 7.7883871 | G15: =OFFSET(Baza!$DZ13,0,G$2) -> 0.77608378 | H15: =OFFSET(Baza!$DZ13,0,H$2) -> 0.99273255 | I15: =OFFSET(Baza!$DZ13,0,I$2) -> 0.21265633 | J15: =OFFSET(Baza!$DZ13,0,J$2) -> 3.4657092 | ... T15: =OFFSET(Baza!$DZ13,0,T$2) -> 114.99703 | U15: =B15/C15 -> 1.1065463
A16: Int gree | B16: =Baza!DZ14 -> 2.2935639 | C16: =OFFSET(Baza!$DZ14,0,C$2) -> 1.8279272 | D16: =OFFSET(Baza!$DZ14,0,D$2) -> 4.1214911 | E16: =OFFSET(Baza!$DZ14,0,E$2) -> 2.0790337 | F16: =OFFSET(Baza!$DZ14,0,F$2) -> 7.0054332 | G16: =OFFSET(Baza!$DZ14,0,G$2) -> 0.68765499 | H16: =OFFSET(Baza!$DZ14,0,H$2) -> 0.88546506 | I16: =OFFSET(Baza!$DZ14,0,I$2) -> 0.3282036 | J16: =OFFSET(Baza!$DZ14,0,J$2) -> 3.5967531 | ... T16: =OFFSET(Baza!$DZ14,0,T$2) -> 54.069571 | U16: =B16/C16 -> 1.2547348
A17: Int red | B17: =Baza!DZ15 -> 2.2958323 | C17: =OFFSET(Baza!$DZ15,0,C$2) -> 1.878498 | D17: =OFFSET(Baza!$DZ15,0,D$2) -> 4.1743304 | E17: =OFFSET(Baza!$DZ15,0,E$2) -> 1.8834341 | F17: =OFFSET(Baza!$DZ15,0,F$2) -> 7.0458049 | G17: =OFFSET(Baza!$DZ15,0,G$2) -> 0.68840123 | H17: =OFFSET(Baza!$DZ15,0,H$2) -> 0.883915 | I17: =OFFSET(Baza!$DZ15,0,I$2) -> 0.28032826 | J17: =OFFSET(Baza!$DZ15,0,J$2) -> 3.4610207 | ... T17: =OFFSET(Baza!$DZ15,0,T$2) -> 64.572702 | U17: =B17/C17 -> 1.2221638
A18: Int white | B18: =Baza!DZ16 -> 2.2783226 | C18: =OFFSET(Baza!$DZ16,0,C$2) -> 1.8123771 | D18: =OFFSET(Baza!$DZ16,0,D$2) -> 4.0906996 | E18: =OFFSET(Baza!$DZ16,0,E$2) -> 2.1010303 | F18: =OFFSET(Baza!$DZ16,0,F$2) -> 6.9993068 | G18: =OFFSET(Baza!$DZ16,0,G$2) -> 0.68667494 | H18: =OFFSET(Baza!$DZ16,0,H$2) -> 0.88336765 | I18: =OFFSET(Baza!$DZ16,0,I$2) -> 0.32807186 | J18: =OFFSET(Baza!$DZ16,0,J$2) -> 3.5603762 | ... T18: =OFFSET(Baza!$DZ16,0,T$2) -> 52.090778 | U18: =B18/C18 -> 1.2570908

Sheet Par_R_05
B1: =B4 -> Rp[Średnia] | C1: =C4 -> Rv[Średnia] | D1: =D4 -> Rz[Średnia] | E1: =E4 -> Rc (Brak uśredniania (pojedyncza wartość))[Średnia] | F1: =F4 -> Rt[Średnia] | G1: =G4 -> Ra[Średnia] | H1: =H4 -> Rq[Średnia] | I1: =I4 -> Rsk[Średnia] | ... T1: =T4 -> RPc (Brak uśredniania (pojedyncza wartość))[Średnia]
B2: O ile przesunięte | C2: 4 | D2: =C2+4 -> 8 | E2: =D2+4 -> 12 | F2: =E2+4 -> 16 | G2: =F2+4 -> 20 | H2: =G2+4 -> 24 | I2: =H2+4 -> 28 | J2: =I2+4 -> 32 | K2: =J2+4 -> 36 | ... W2: =V2+4 -> 84
B3: =Baza!GX1 -> 51 | C3: =OFFSET(Baza!$GX1,0,C$2) -> 51 | D3: =OFFSET(Baza!$GX1,0,D$2) -> 51 | E3: =OFFSET(Baza!$GX1,0,E$2) -> 51 | F3: =OFFSET(Baza!$GX1,0,F$2) -> 51 | G3: =OFFSET(Baza!$GX1,0,G$2) -> 51 | H3: =OFFSET(Baza!$GX1,0,H$2) -> 51 | I3: =OFFSET(Baza!$GX1,0,I$2) -> 51 | J3: =OFFSET(Baza!$GX1,0,J$2) -> 51 | ... T3: =OFFSET(Baza!$GX1,0,T$2) -> 51
B4: =Baza!GX2 -> Rp[Średnia] | C4: =OFFSET(Baza!$GX2,0,C$2) -> Rv[Średnia] | D4: =OFFSET(Baza!$GX2,0,D$2) -> Rz[Średnia] | E4: =OFFSET(Baza!$GX2,0,E$2) -> Rc (Brak uśredniania (pojedyncza wartość))[Średnia] | F4: =OFFSET(Baza!$GX2,0,F$2) -> Rt[Średnia] | G4: =OFFSET(Baza!$GX2,0,G$2) -> Ra[Średnia] | H4: =OFFSET(Baza!$GX2,0,H$2) -> Rq[Średnia] | I4: =OFFSET(Baza!$GX2,0,I$2) -> Rsk[Średnia] | J4: =OFFSET(Baza!$GX2,0,J$2) -> Rku[Średnia] | ... T4: =OFFSET(Baza!$GX2,0,T$2) -> RPc (Brak uśredniania (pojedyncza wartość))[Średnia]
B5: =Baza!GX3 -> µm | C5: =OFFSET(Baza!$GX3,0,C$2) -> µm | D5: =OFFSET(Baza!$GX3,0,D$2) -> µm | E5: =OFFSET(Baza!$GX3,0,E$2) -> µm | F5: =OFFSET(Baza!$GX3,0,F$2) -> µm | G5: =OFFSET(Baza!$GX3,0,G$2) -> µm | H5: =OFFSET(Baza!$GX3,0,H$2) -> µm | I5: =OFFSET(Baza!$GX3,0,I$2) -> <no unit> | J5: =OFFSET(Baza!$GX3,0,J$2) -> <no unit> | ... T5: =OFFSET(Baza!$GX3,0,T$2) -> 1/cm
A6: Conf blue | B6: =Baza!GX4 -> 2.4220145 | C6: =OFFSET(Baza!$GX4,0,C$2) -> 2.2132579 | D6: =OFFSET(Baza!$GX4,0,D$2) -> 4.6352724 | E6: =OFFSET(Baza!$GX4,0,E$2) -> 1.7104731 | F6: =OFFSET(Baza!$GX4,0,F$2) -> 7.2757283 | G6: =OFFSET(Baza!$GX4,0,G$2) -> 0.7049282 | H6: =OFFSET(Baza!$GX4,0,H$2) -> 0.90310254 | I6: =OFFSET(Baza!$GX4,0,I$2) -> 0.19724206 | J6: =OFFSET(Baza!$GX4,0,J$2) -> 3.4106317 | ... T6: =OFFSET(Baza!$GX4,0,T$2) -> 121.15489
A7: Conf green | B7: =Baza!GX5 -> 2.4854212 | C7: =OFFSET(Baza!$GX5,0,C$2) -> 2.5988079 | D7: =OFFSET(Baza!$GX5,0,D$2) -> 5.0842291 | E7: =OFFSET(Baza!$GX5,0,E$2) -> 1.9081854 | F7: =OFFSET(Baza!$GX5,0,F$2) -> 7.6926184 | G7: =OFFSET(Baza!$GX5,0,G$2) -> 0.76219476 | H7: =OFFSET(Baza!$GX5,0,H$2) -> 0.97629965 | I7: =OFFSET(Baza!$GX5,0,I$2) -> 0.037516408 | J7: =OFFSET(Baza!$GX5,0,J$2) -> 3.3948088 | ... T7: =OFFSET(Baza!$GX5,0,T$2) -> 123.92279
A8: Conf red | B8: =Baza!GX6 -> 2.6085976 | C8: =OFFSET(Baza!$GX6,0,C$2) -> 2.9094318 | D8: =OFFSET(Baza!$GX6,0,D$2) -> 5.5180294 | E8: =OFFSET(Baza!$GX6,0,E$2) -> 2.0871462 | F8: =OFFSET(Baza!$GX6,0,F$2) -> 8.1969177 | G8: =OFFSET(Baza!$GX6,0,G$2) -> 0.81795186 | H8: =OFFSET(Baza!$GX6,0,H$2) -> 1.0473204 | I8: =OFFSET(Baza!$GX6,0,I$2) -> -0.063890575 | J8: =OFFSET(Baza!$GX6,0,J$2) -> 3.4064901 | ... T8: =OFFSET(Baza!$GX6,0,T$2) -> 130.08009
A9: Fusion blue | B9: =Baza!GX7 -> 2.760707 | C9: =OFFSET(Baza!$GX7,0,C$2) -> 2.5956453 | D9: =OFFSET(Baza!$GX7,0,D$2) -> 5.3563523 | E9: =OFFSET(Baza!$GX7,0,E$2) -> 1.9027481 | F9: =OFFSET(Baza!$GX7,0,F$2) -> 7.9384862 | G9: =OFFSET(Baza!$GX7,0,G$2) -> 0.76924817 | H9: =OFFSET(Baza!$GX7,0,H$2) -> 0.9856173 | I9: =OFFSET(Baza!$GX7,0,I$2) -> 0.15458328 | J9: =OFFSET(Baza!$GX7,0,J$2) -> 3.4506086 | ... T9: =OFFSET(Baza!$GX7,0,T$2) -> 169.20724
A10: Fusion green | B10: =Baza!GX8 -> 2.8086866 | C10: =OFFSET(Baza!$GX8,0,C$2) -> 3.1507914 | D10: =OFFSET(Baza!$GX8,0,D$2) -> 5.959478 | E10: =OFFSET(Baza!$GX8,0,E$2) -> 2.185033 | F10: =OFFSET(Baza!$GX8,0,F$2) -> 8.658991 | G10: =OFFSET(Baza!$GX8,0,G$2) -> 0.85028969 | H10: =OFFSET(Baza!$GX8,0,H$2) -> 1.0884724 | I10: =OFFSET(Baza!$GX8,0,I$2) -> -0.064386153 | J10: =OFFSET(Baza!$GX8,0,J$2) -> 3.4682746 | ... T10: =OFFSET(Baza!$GX8,0,T$2) -> 166.39519
A11: Fusion red | B11: =Baza!GX9 -> 2.9569342 | C11: =OFFSET(Baza!$GX9,0,C$2) -> 3.4960826 | D11: =OFFSET(Baza!$GX9,0,D$2) -> 6.4530168 | E11: =OFFSET(Baza!$GX9,0,E$2) -> 2.3955929 | F11: =OFFSET(Baza!$GX9,0,F$2) -> 9.1913428 | G11: =OFFSET(Baza!$GX9,0,G$2) -> 0.91691846 | H11: =OFFSET(Baza!$GX9,0,H$2) -> 1.1733448 | I11: =OFFSET(Baza!$GX9,0,I$2) -> -0.16135899 | J11: =OFFSET(Baza!$GX9,0,J$2) -> 3.4651718 | ... T11: =OFFSET(Baza!$GX9,0,T$2) -> 174.21547
A12: FV blue | B12: =Baza!GX10 -> 2.2972543 | C12: =OFFSET(Baza!$GX10,0,C$2) -> 2.1441616 | D12: =OFFSET(Baza!$GX10,0,D$2) -> 4.4414159 | E12: =OFFSET(Baza!$GX10,0,E$2) -> 1.8097808 | F12: =OFFSET(Baza!$GX10,0,F$2) -> 6.8677425 | G12: =OFFSET(Baza!$GX10,0,G$2) -> 0.71821162 | H12: =OFFSET(Baza!$GX10,0,H$2) -> 0.91318093 | I12: =OFFSET(Baza!$GX10,0,I$2) -> 0.12650616 | J12: =OFFSET(Baza!$GX10,0,J$2) -> 3.184929 | ... T12: =OFFSET(Baza!$GX10,0,T$2) -> 103.39019
A13: FV green | B13: =Baza!GX11 -> 2.1037594 | C13: =OFFSET(Baza!$GX11,0,C$2) -> 1.9062397 | D13: =OFFSET(Baza!$GX11,0,D$2) -> 4.0099991 | E13: =OFFSET(Baza!$GX11,0,E$2) -> 1.7173043 | F13: =OFFSET(Baza!$GX11,0,F$2) -> 6.3498092 | G13: =OFFSET(Baza!$GX11,0,G$2) -> 0.67308283 | H13: =OFFSET(Baza!$GX11,0,H$2) -> 0.85208606 | I13: =OFFSET(Baza!$GX11,0,I$2) -> 0.14216046 | J13: =OFFSET(Baza!$GX11,0,J$2) -> 3.1215031 | ... T13: =OFFSET(Baza!$GX11,0,T$2) -> 84.324789
A14: FV red | B14: =Baza!GX12 -> 2.2698241 | C14: =OFFSET(Baza!$GX12,0,C$2) -> 2.0796202 | D14: =OFFSET(Baza!$GX12,0,D$2) -> 4.3494443 | E14: =OFFSET(Baza!$GX12,0,E$2) -> 1.9058232 | F14: =OFFSET(Baza!$GX12,0,F$2) -> 6.621066 | G14: =OFFSET(Baza!$GX12,0,G$2) -> 0.72684953 | H14: =OFFSET(Baza!$GX12,0,H$2) -> 0.91384816 | I14: =OFFSET(Baza!$GX12,0,I$2) -> 0.097652802 | J14: =OFFSET(Baza!$GX12,0,J$2) -> 3.0393523 | ... T14: =OFFSET(Baza!$GX12,0,T$2) -> 92.26109
A15: Int blue | B15: =Baza!GX13 -> 2.5604177 | C15: =OFFSET(Baza!$GX13,0,C$2) -> 2.3326543 | D15: =OFFSET(Baza!$GX13,0,D$2) -> 4.893072 | E15: =OFFSET(Baza!$GX13,0,E$2) -> 2.0679044 | F15: =OFFSET(Baza!$GX13,0,F$2) -> 7.4994654 | G15: =OFFSET(Baza!$GX13,0,G$2) -> 0.76795934 | H15: =OFFSET(Baza!$GX13,0,H$2) -> 0.98002595 | I15: =OFFSET(Baza!$GX13,0,I$2) -> 0.20156029 | J15: =OFFSET(Baza!$GX13,0,J$2) -> 3.4253101 | ... T15: =OFFSET(Baza!$GX13,0,T$2) -> 116.35026
A16: Int gree | B16: =Baza!GX14 -> 2.2598265 | C16: =OFFSET(Baza!$GX14,0,C$2) -> 1.8005478 | D16: =OFFSET(Baza!$GX14,0,D$2) -> 4.0603743 | E16: =OFFSET(Baza!$GX14,0,E$2) -> 2.0447348 | F16: =OFFSET(Baza!$GX14,0,F$2) -> 6.7813446 | G16: =OFFSET(Baza!$GX14,0,G$2) -> 0.67952126 | H16: =OFFSET(Baza!$GX14,0,H$2) -> 0.87272931 | I16: =OFFSET(Baza!$GX14,0,I$2) -> 0.32424926 | J16: =OFFSET(Baza!$GX14,0,J$2) -> 3.5781243 | ... T16: =OFFSET(Baza!$GX14,0,T$2) -> 54.864255
A17: Int red | B17: =Baza!GX15 -> 2.2564798 | C17: =OFFSET(Baza!$GX15,0,C$2) -> 1.8565404 | D17: =OFFSET(Baza!$GX15,0,D$2) -> 4.1130202 | E17: =OFFSET(Baza!$GX15,0,E$2) -> 1.8495801 | F17: =OFFSET(Baza!$GX15,0,F$2) -> 6.8274439 | G17: =OFFSET(Baza!$GX15,0,G$2) -> 0.68242372 | H17: =OFFSET(Baza!$GX15,0,H$2) -> 0.87416976 | I17: =OFFSET(Baza!$GX15,0,I$2) -> 0.27383159 | J17: =OFFSET(Baza!$GX15,0,J$2) -> 3.4389698 | ... T17: =OFFSET(Baza!$GX15,0,T$2) -> 65.544694
A18: Int white | B18: =Baza!GX16 -> 2.2443723 | C18: =OFFSET(Baza!$GX16,0,C$2) -> 1.7849824 | D18: =OFFSET(Baza!$GX16,0,D$2) -> 4.0293546 | E18: =OFFSET(Baza!$GX16,0,E$2) -> 2.0711956 | F18: =OFFSET(Baza!$GX16,0,F$2) -> 6.7628445 | G18: =OFFSET(Baza!$GX16,0,G$2) -> 0.67906418 | H18: =OFFSET(Baza!$GX16,0,H$2) -> 0.87149013 | I18: =OFFSET(Baza!$GX16,0,I$2) -> 0.3242025 | J18: =OFFSET(Baza!$GX16,0,J$2) -> 3.5386773 | ... T18: =OFFSET(Baza!$GX16,0,T$2) -> 52.646747

Sheet Punty NM
B1: Amp_baza | C1: Aev_baza | D1: Amp_wypełnione NM | E1: Aev_baza | F1: Amp_005 | G1: Aev_005 | H1: Amp_05 | I1: Aev_05 | J1: Baza | K1: Threshold 005 | L1: Threshold 05 | M1: %Baza | N1: %Threshold 005 | O1: %Threshold 05
B2: =Baza!J1 -> 5 | C2: =Baza!K1 -> 5 | D2: =Baza!L1 -> 6 | E2: =Baza!M1 -> 6 | F2: =Baza!N1 -> 13 | G2: =Baza!O1 -> 13 | H2: =Baza!P1 -> 14 | I2: =Baza!Q1 -> 14
B3: =Baza!J2 -> Amp | C3: =Baza!K2 -> Aev | D3: =Baza!L2 -> Amp | E3: =Baza!M2 -> Aev | F3: =Baza!N2 -> Amp | G3: =Baza!O2 -> Aev | H3: =Baza!P2 -> Amp | I3: =Baza!Q2 -> Aev
B4: =Baza!J3 -> mm² | C4: =Baza!K3 -> mm² | D4: =Baza!L3 -> mm² | E4: =Baza!M3 -> mm² | F4: =Baza!N3 -> mm² | G4: =Baza!O3 -> mm² | H4: =Baza!P3 -> mm² | I4: =Baza!Q3 -> mm²
A5: Conf blue | B5: =Baza!J4 -> 32.50365 | C5: =Baza!K4 -> 32.553625 | D5: =Baza!L4 -> 32.553625 | E5: =Baza!M4 -> 32.553625 | F5: =Baza!N4 -> 32.457436 | G5: =Baza!O4 -> 32.553625 | H5: =Baza!P4 -> 32.075959 | I5: =Baza!Q4 -> 32.553625 | J5: =C5-B5 -> 0.04997527 | K5: =G5-F5 -> 0.09618934 | L5: =I5-H5 -> 0.47766541 | M5: =(J5/C5) -> 0.0015351676 | N5: =(K5/D5) -> 0.0029547966 | O5: =(L5/E5) -> 0.014673187
A6: Conf green | B6: =Baza!J5 -> 32.518742 | C6: =Baza!K5 -> 32.553625 | D6: =Baza!L5 -> 32.553625 | E6: =Baza!M5 -> 32.553625 | F6: =Baza!N5 -> 32.471907 | G6: =Baza!O5 -> 32.553625 | H6: =Baza!P5 -> 32.079446 | I6: =Baza!Q5 -> 32.553625 | J6: =C6-B6 -> 0.0348829 | K6: =G6-F6 -> 0.0817178 | L6: =I6-H6 -> 0.47417846 | M6: =(J6/C6) -> 0.0010715519 | N6: =(K6/D6) -> 0.0025102519 | O6: =(L6/E6) -> 0.014566073
A7: Conf red | B7: =Baza!J6 -> 32.490732 | C7: =Baza!K6 -> 32.553625 | D7: =Baza!L6 -> 32.553625 | E7: =Baza!M6 -> 32.553625 | F7: =Baza!N6 -> 32.443731 | G7: =Baza!O6 -> 32.553625 | H7: =Baza!P6 -> 32.045382 | I7: =Baza!Q6 -> 32.553625 | J7: =C7-B7 -> 0.06289281 | K7: =G7-F7 -> 0.1098934 | L7: =I7-H7 -> 0.50824246 | M7: =(J7/C7) -> 0.0019319756 | N7: =(K7/D7) -> 0.0033757654 | O7: =(L7/E7) -> 0.015612469
A8: Fusion blue | B8: =Baza!J7 -> 32.552566 | C8: =Baza!K7 -> 32.553625 | D8: =Baza!L7 -> 32.553625 | E8: =Baza!M7 -> 32.553625 | F8: =Baza!N7 -> 32.496902 | G8: =Baza!O7 -> 32.553625 | H8: =Baza!P7 -> 32.054687 | I8: =Baza!Q7 -> 32.553625 | J8: =C8-B8 -> 0.00105885 | K8: =G8-F8 -> 0.05672255 | L8: =I8-H8 -> 0.49893756 | M8: =(J8/C8) -> 3.2526332e-05 | N8: =(K8/D8) -> 0.0017424342 | O8: =(L8/E8) -> 0.015326636
A9: Fusion green | B9: =Baza!J8 -> 32.553179 | C9: =Baza!K8 -> 32.553625 | D9: =Baza!L8 -> 32.553625 | E9: =Baza!M8 -> 32.553625 | F9: =Baza!N8 -> 32.492638 | G9: =Baza!O8 -> 32.553625 | H9: =Baza!P8 -> 32.040591 | I9: =Baza!Q8 -> 32.553625 | J9: =C9-B9 -> 0.00044563 | K9: =G9-F9 -> 0.06098651 | L9: =I9-H9 -> 0.51303393 | M9: =(J9/C9) -> 1.3689105e-05 | N9: =(K9/D9) -> 0.0018734169 | O9: =(L9/E9) -> 0.015759656
A10: Fusion red | B10: =Baza!J9 -> 32.553082 | C10: =Baza!K9 -> 32.553625 | D10: =Baza!L9 -> 32.553625 | E10: =Baza!M9 -> 32.553625 | F10: =Baza!N9 -> 32.490517 | G10: =Baza!O9 -> 32.553625 | H10: =Baza!P9 -> 32.027519 | I10: =Baza!Q9 -> 32.553625 | J10: =C10-B10 -> 0.00054275 | K10: =G10-F10 -> 0.06310801 | L10: =I10-H10 -> 0.52610573 | M10: =(J10/C10) -> 1.667249e-05 | N10: =(K10/D10) -> 0.0019385863 | O10: =(L10/E10) -> 0.016161203
A11: FV blue | B11: =Baza!J10 -> 32.61599 | C11: =Baza!K10 -> 32.616897 | D11: =Baza!L10 -> 32.616897 | E11: =Baza!M10 -> 32.616897 | F11: =Baza!N10 -> 32.574745 | G11: =Baza!O10 -> 32.616897 | H11: =Baza!P10 -> 32.230785 | I11: =Baza!Q10 -> 32.616897 | J11: =C11-B11 -> 0.00090649 | K11: =G11-F11 -> 0.04215198 | L11: =I11-H11 -> 0.38611138 | M11: =(J11/C11) -> 2.7792037e-05 | N11: =(K11/D11) -> 0.0012923357 | O11: =(L11/E11) -> 0.011837772
A12: FV green | B12: =Baza!J11 -> 32.61663 | C12: =Baza!K11 -> 32.616897 | D12: =Baza!L11 -> 32.616897 | E12: =Baza!M11 -> 32.616897 | F12: =Baza!N11 -> 32.577072 | G12: =Baza!O11 -> 32.616897 | H12: =Baza!P11 -> 32.235428 | I12: =Baza!Q11 -> 32.616897 | J12: =C12-B12 -> 0.00026661 | K12: =G12-F12 -> 0.03982481 | L12: =I12-H12 -> 0.38146845 | M12: =(J12/C12) -> 8.1739843e-06 | N12: =(K12/D12) -> 0.0012209871 | O12: =(L12/E12) -> 0.011695424
A13: FV red | B13: =Baza!J12 -> 32.616462 | C13: =Baza!K12 -> 32.616897 | D13: =Baza!L12 -> 32.616897 | E13: =Baza!M12 -> 32.616897 | F13: =Baza!N12 -> 32.575181 | G13: =Baza!O12 -> 32.616897 | H13: =Baza!P12 -> 32.22241 | I13: =Baza!Q12 -> 32.616897 | J13: =C13-B13 -> 0.0004342 | K13: =G13-F13 -> 0.04171588 | L13: =I13-H13 -> 0.39448693 | M13: =(J13/C13) -> 1.3312119e-05 | N13: =(K13/D13) -> 0.0012789653 | O13: =(L13/E13) -> 0.012094557
A14: Int blue | B14: =Baza!J13 -> 32.560408 | C14: =Baza!K13 -> 32.616897 | D14: =Baza!L13 -> 32.616897 | E14: =Baza!M13 -> 32.616897 | F14: =Baza!N13 -> 32.516186 | G14: =Baza!O13 -> 32.616897 | H14: =Baza!P13 -> 32.156159 | I14: =Baza!Q13 -> 32.616897 | J14: =C14-B14 -> 0.05648831 | K14: =G14-F14 -> 0.10071038 | L14: =I14-H14 -> 0.4607372 | M14: =(J14/C14) -> 0.0017318726 | N14: =(K14/D14) -> 0.0030876751 | O14: =(L14/E14) -> 0.014125722
A15: Int gree | B15: =Baza!J14 -> 32.616146 | C15: =Baza!K14 -> 32.616897 | D15: =Baza!L14 -> 32.616897 | E15: =Baza!M14 -> 32.616897 | F15: =Baza!N14 -> 32.577856 | G15: =Baza!O14 -> 32.616897 | H15: =Baza!P14 -> 32.248039 | I15: =Baza!Q14 -> 32.616897 | J15: =C15-B15 -> 0.00075033 | K15: =G15-F15 -> 0.0390402 | L15: =I15-H15 -> 0.36885752 | M15: =(J15/C15) -> 2.3004334e-05 | N15: =(K15/D15) -> 0.0011969318 | O15: =(L15/E15) -> 0.011308786
A16: Int red | B16: =Baza!J15 -> 32.616527 | C16: =Baza!K15 -> 32.616897 | D16: =Baza!L15 -> 32.616897 | E16: =Baza!M15 -> 32.616897 | F16: =Baza!N15 -> 32.576226 | G16: =Baza!O15 -> 32.616897 | H16: =Baza!P15 -> 32.22937 | I16: =Baza!Q15 -> 32.616897 | J16: =C16-B16 -> 0.00036945 | K16: =G16-F16 -> 0.04067036 | L16: =I16-H16 -> 0.38752635 | M16: =(J16/C16) -> 1.1326951e-05 | N16: =(K16/D16) -> 0.0012469108 | O16: =(L16/E16) -> 0.011881153
A17: Int white | B17: =Baza!J16 -> 32.615678 | C17: =Baza!K16 -> 32.616897 | D17: =Baza!L16 -> 32.616897 | E17: =Baza!M16 -> 32.616897 | F17: =Baza!N16 -> 32.577377 | G17: =Baza!O16 -> 32.616897 | H17: =Baza!P16 -> 32.247706 | I17: =Baza!Q16 -> 32.616897 | J17: =C17-B17 -> 0.00121881 | K17: =G17-F17 -> 0.0395201 | L17: =I17-H17 -> 0.36919079 | M17: =(J17/C17) -> 3.7367442e-05 | N17: =(K17/D17) -> 0.001211645 | O17: =(L17/E17) -> 0.011319004
B21: Amp - powierzchnia zmierzonych punktów rzeczywistych
B22: Aev -obszar oceny teoretyczny
